    Ticket_ID,Month,Region,Network_Type,Issue_Type,Priority,Service_Status,Response_Time_hrs,Resolution_Time_hrs,CSAT_Rating
    TKT-0001,Jul,West Zone,Broadband,No Signal,High,Resolved,7.34,25.14,3.74
    TKT-0002,Jun,Central Zone,Mobile,Billing Error,Medium,In Progress,5.01,64.62,3.44
    TKT-0003,Jan,West Zone,Mobile,Service Outage,High,SLA Breached,5.35,41.59,4.2
    TKT-0004,Dec,East Zone,Landline,Billing Error,High,Escalated,17.9,61.92,3.11
    TKT-0005,Sep,South Zone,Landline,Slow Internet,Medium,In Progress,10.78,21.58,4.33
    TKT-0006,Dec,West Zone,Broadband,No Signal,Medium,Resolved,8.88,52.01,3.92
    TKT-0007,Feb,South Zone,Landline,Service Outage,High,Escalated,17.63,50.12,3.07
    TKT-0008,Aug,West Zone,Broadband,Service Outage,High,SLA Breached,16.21,53.19,3.35
    TKT-0009,Aug,South Zone,Broadband,Billing Error,High,Resolved,9.44,27.7,4.08
    TKT-0010,Jan,West Zone,Landline,No Signal,Low,Resolved,15.67,65.18,3.21
    TKT-0011,Nov,Central Zone,Mobile,Installation Delay,High,SLA Breached,17.95,59.11,3.26
    TKT-0012,Jul,Central Zone,TV,Billing Error,Medium,Escalated,13.42,42.57,3.68
    TKT-0013,Mar,North Zone,Broadband,Installation Delay,Low,Escalated,8.84,20.86,4.39
    TKT-0014,Dec,Central Zone,TV,Slow Internet,High,SLA Breached,15.43,32.4,3.59
    TKT-0015,Jul,Central Zone,TV,No Signal,High,SLA Breached,19.14,59.08,2.85
    TKT-0016,Oct,Central Zone,Mobile,Slow Internet,High,In Progress,11.85,32.77,3.75
    TKT-0017,Apr,East Zone,Landline,Installation Delay,Low,SLA Breached,10.34,65.68,3.13
    TKT-0018,Sep,West Zone,Broadband,Slow Internet,Low,Escalated,7.47,44.17,4.28
    TKT-0019,May,North Zone,TV,Installation Delay,Low,Escalated,9.85,45.79,4.03
    TKT-0020,Jan,South Zone,Landline,Billing Error,Medium,Escalated,12.46,37.5,3.33
    TKT-0021,Jan,North Zone,TV,Slow Internet,Medium,In Progress,11.17,22.82,3.69
    TKT-0022,Feb,Central Zone,Landline,Installation Delay,Medium,SLA Breached,13.89,27.93,4.27
    TKT-0023,Aug,East Zone,Broadband,Service Outage,High,SLA Breached,19.75,49.69,3.03
    TKT-0024,Sep,West Zone,TV,Service Outage,High,Escalated,13.86,57.74,3.18
    TKT-0025,Mar,South Zone,TV,No Signal,Low,SLA Breached,19.11,48.99,2.85
    TKT-0026,Nov,West Zone,Broadband,Slow Internet,Medium,Escalated,13.12,57.91,3.36
    TKT-0027,Jul,West Zone,Landline,Installation Delay,High,SLA Breached,12.94,35.03,3.69
    TKT-0028,Sep,North Zone,TV,No Signal,Low,SLA Breached,18.31,67.3,2.73
    TKT-0029,Aug,West Zone,TV,Slow Internet,Medium,SLA Breached,14.1,24.56,3.8
    TKT-0030,Feb,South Zone,Mobile,Service Outage,Low,SLA Breached,19.92,38.72,3.57
    TKT-0031,Apr,North Zone,Mobile,Dropped Calls,Low,Escalated,14.86,53.28,3.44
    TKT-0032,Jul,Central Zone,TV,Service Outage,Low,Escalated,16.92,52.05,3.51
    TKT-0033,Dec,North Zone,Broadband,Billing Error,High,SLA Breached,9.21,20.43,4.52
    TKT-0034,Dec,Central Zone,Mobile,Dropped Calls,Medium,Escalated,16.22,73.87,2.81
    TKT-0035,Jan,Central Zone,TV,No Signal,High,SLA Breached,9.42,38.67,4.02
    TKT-0036,Feb,North Zone,Mobile,Service Outage,Medium,Escalated,13.55,28.41,3.59
    TKT-0037,Jun,South Zone,TV,No Signal,Medium,In Progress,9.84,62.27,3.34
    TKT-0038,Jul,Central Zone,Mobile,Installation Delay,Low,In Progress,18.01,73.67,3.09
    TKT-0039,Oct,North Zone,Landline,Dropped Calls,High,SLA Breached,15.53,65.32,3.23
    TKT-0040,Dec,South Zone,Mobile,Service Outage,Low,Resolved,7.33,66.42,3.3
    TKT-0041,Jun,South Zone,Mobile,Service Outage,High,SLA Breached,5.58,30.74,4.81
    TKT-0042,Aug,Central Zone,Landline,Billing Error,High,Escalated,6.28,18.86,4.24
    TKT-0043,Apr,East Zone,TV,Billing Error,High,In Progress,12.74,38.89,3.91
    TKT-0044,Dec,South Zone,TV,Installation Delay,High,In Progress,19.44,71.24,2.58
    TKT-0045,Sep,West Zone,Broadband,Slow Internet,Medium,In Progress,7.35,29.86,3.61
    TKT-0046,Aug,Central Zone,Broadband,Slow Internet,High,Escalated,14.86,46.64,3.36
    TKT-0047,Jul,East Zone,Landline,Installation Delay,Low,Resolved,6.8,33.89,3.89
    TKT-0048,Apr,North Zone,Mobile,Service Outage,High,Escalated,5.72,63.18,3.48
    TKT-0049,Apr,South Zone,Landline,Installation Delay,Medium,Escalated,12.55,65.37,3.58
    TKT-0050,Aug,South Zone,Broadband,Billing Error,Low,SLA Breached,13.63,43.04,3.46
    TKT-0051,Dec,North Zone,Broadband,Dropped Calls,Low,Escalated,19.12,48.43,3.15
    TKT-0052,Jan,South Zone,Landline,Dropped Calls,Medium,In Progress,5.35,56.07,3.98
    TKT-0053,Sep,West Zone,Mobile,Dropped Calls,Medium,Resolved,19.05,31.01,3.4
    TKT-0054,Apr,South Zone,Broadband,Slow Internet,Low,Resolved,15.97,32.35,3.69
    TKT-0055,Jan,Central Zone,Landline,Slow Internet,Low,Resolved,16.1,38.01,3.37
    TKT-0056,Apr,North Zone,Mobile,Dropped Calls,Low,Escalated,10.84,21.38,4.78
    TKT-0057,Sep,East Zone,Landline,Slow Internet,Low,SLA Breached,19.25,76.78,2.18
    TKT-0058,May,Central Zone,TV,Billing Error,High,SLA Breached,15.09,62.71,2.88
    TKT-0059,Jul,North Zone,TV,Dropped Calls,High,In Progress,19.61,79.41,2.15
    TKT-0060,Dec,North Zone,Mobile,Installation Delay,High,Resolved,17.58,48.88,3.18
    TKT-0061,Aug,South Zone,Broadband,Installation Delay,Low,In Progress,7.2,42.87,3.79
    TKT-0062,Jan,West Zone,Broadband,Slow Internet,High,SLA Breached,10.25,55.66,4.0
    TKT-0063,Mar,Central Zone,Landline,Service Outage,Low,Escalated,8.73,35.24,4.45
    TKT-0064,Feb,West Zone,Mobile,Installation Delay,High,Escalated,14.74,62.04,3.36
    TKT-0065,Dec,North Zone,TV,Billing Error,High,Resolved,18.03,39.21,3.42
    TKT-0066,Nov,West Zone,Broadband,Billing Error,Low,Escalated,19.54,55.69,2.8
    TKT-0067,Sep,North Zone,Mobile,Slow Internet,High,In Progress,13.76,68.82,2.51
    TKT-0068,Aug,South Zone,Landline,Billing Error,Medium,SLA Breached,10.3,49.48,3.9
    TKT-0069,Dec,Central Zone,Broadband,Billing Error,Low,In Progress,5.48,29.47,3.72
    TKT-0070,Mar,Central Zone,Mobile,Installation Delay,Low,SLA Breached,13.72,69.68,3.6
    TKT-0071,Oct,South Zone,TV,Dropped Calls,High,Escalated,11.17,60.05,3.34
    TKT-0072,Nov,Central Zone,Mobile,Slow Internet,Medium,Escalated,17.63,69.55,2.96
    TKT-0073,Feb,North Zone,TV,Slow Internet,High,SLA Breached,6.13,50.72,3.36
    TKT-0074,Mar,Central Zone,TV,Dropped Calls,High,Resolved,16.36,45.25,3.36
    TKT-0075,May,North Zone,Mobile,Slow Internet,Low,Resolved,14.09,35.52,3.39
    TKT-0076,Dec,South Zone,Mobile,Installation Delay,Medium,In Progress,17.47,42.86,2.95
    TKT-0077,Jan,West Zone,Broadband,Service Outage,Medium,Escalated,11.05,27.75,3.54
    TKT-0078,Mar,West Zone,Mobile,Service Outage,Medium,In Progress,14.55,52.29,3.14
    TKT-0079,Mar,South Zone,Landline,Slow Internet,Medium,Resolved,16.75,46.58,3.09
    TKT-0080,May,Central Zone,Landline,Installation Delay,High,In Progress,16.53,29.84,3.58
    TKT-0081,May,South Zone,Mobile,Dropped Calls,Medium,Resolved,8.14,47.12,3.66
    TKT-0082,Jul,East Zone,Mobile,Billing Error,High,Escalated,18.11,53.87,3.82
    TKT-0083,Feb,Central Zone,Mobile,No Signal,Low,Resolved,7.53,31.46,4.13
    TKT-0084,Oct,South Zone,Broadband,Service Outage,Medium,Resolved,9.82,24.43,4.41
    TKT-0085,Sep,East Zone,TV,Dropped Calls,High,In Progress,18.02,32.25,3.51
    TKT-0086,Aug,South Zone,Landline,Service Outage,Medium,Resolved,5.94,23.33,4.3
    TKT-0087,Mar,East Zone,TV,Service Outage,Low,Escalated,5.46,58.82,4.1
    TKT-0088,Sep,Central Zone,Landline,Installation Delay,Low,Resolved,17.61,32.07,4.08
    TKT-0089,Dec,North Zone,Broadband,Dropped Calls,High,SLA Breached,10.33,52.77,2.83
    TKT-0090,Jun,South Zone,TV,Slow Internet,Low,In Progress,9.26,37.41,4.1
    TKT-0091,Oct,South Zone,TV,No Signal,High,In Progress,14.09,35.95,3.89
    TKT-0092,Nov,North Zone,TV,No Signal,Low,Escalated,11.16,70.28,3.42
    TKT-0093,Jun,South Zone,Landline,Billing Error,Low,SLA Breached,5.08,63.83,3.14
    TKT-0094,Sep,South Zone,TV,No Signal,Medium,Escalated,17.58,37.83,3.51
    TKT-0095,Oct,West Zone,TV,Billing Error,High,SLA Breached,8.64,24.38,4.62
    TKT-0096,May,East Zone,TV,Billing Error,High,Escalated,13.91,42.37,3.36
    TKT-0097,Aug,South Zone,Broadband,Installation Delay,Medium,Resolved,15.27,29.66,3.76
    TKT-0098,Jun,East Zone,Mobile,Slow Internet,High,In Progress,16.19,46.62,3.72
    TKT-0099,May,East Zone,Broadband,Installation Delay,Low,Escalated,18.9,64.98,2.81
    TKT-0100,Dec,East Zone,Broadband,Dropped Calls,High,Escalated,14.98,51.13,3.19
    TKT-0101,Apr,North Zone,Broadband,Installation Delay,High,In Progress,17.25,49.21,3.52
    TKT-0102,Jun,North Zone,TV,Slow Internet,High,Resolved,18.49,47.68,3.95
    TKT-0103,May,East Zone,TV,No Signal,Medium,In Progress,9.99,56.52,3.82
    TKT-0104,Jan,West Zone,Mobile,No Signal,High,In Progress,16.29,61.64,3.0
    TKT-0105,Nov,North Zone,Mobile,Billing Error,Medium,In Progress,16.44,70.28,2.7
    TKT-0106,Apr,Central Zone,Landline,Billing Error,Low,Resolved,13.1,47.42,3.71
    TKT-0107,Apr,West Zone,Broadband,Installation Delay,Low,Escalated,13.98,52.26,3.21
    TKT-0108,Apr,East Zone,Mobile,Installation Delay,Medium,In Progress,11.01,44.11,3.24
    TKT-0109,Nov,West Zone,Mobile,Dropped Calls,Medium,In Progress,14.17,25.08,3.34
    TKT-0110,Aug,Central Zone,Landline,Installation Delay,High,SLA Breached,10.62,24.07,3.89
    TKT-0111,Mar,Central Zone,Mobile,Slow Internet,Medium,Escalated,11.76,27.42,3.94
    TKT-0112,Aug,Central Zone,TV,Slow Internet,High,Resolved,8.08,57.47,3.31
    TKT-0113,Oct,North Zone,TV,Billing Error,High,In Progress,18.8,46.12,2.91
    TKT-0114,Jan,East Zone,TV,Billing Error,Low,Escalated,8.72,47.6,4.02
    TKT-0115,Apr,Central Zone,Landline,Slow Internet,High,Resolved,13.71,55.32,3.47
    TKT-0116,Dec,Central Zone,Landline,Slow Internet,Low,Resolved,9.65,39.52,4.19
    TKT-0117,Mar,East Zone,Landline,No Signal,Medium,SLA Breached,12.02,53.27,3.19
    TKT-0118,Mar,South Zone,Broadband,Service Outage,Low,Escalated,12.91,49.63,3.65
    TKT-0119,Jan,South Zone,Mobile,Service Outage,Low,Escalated,6.54,33.26,4.09
    TKT-0120,Oct,South Zone,TV,Service Outage,Medium,SLA Breached,17.01,75.96,2.94
    TKT-0121,Feb,Central Zone,Landline,Slow Internet,High,Escalated,8.81,28.62,3.31
    TKT-0122,Sep,Central Zone,TV,No Signal,High,SLA Breached,8.57,23.54,4.13
    TKT-0123,Aug,East Zone,Landline,Billing Error,High,In Progress,8.07,32.73,4.55
    TKT-0124,Feb,North Zone,TV,Dropped Calls,Low,In Progress,17.38,45.53,2.84
    TKT-0125,Jul,West Zone,Landline,Dropped Calls,High,In Progress,16.61,44.75,3.53
    TKT-0126,Oct,West Zone,Landline,Slow Internet,Medium,In Progress,12.31,67.04,3.13
    TKT-0127,Jan,South Zone,TV,Slow Internet,Medium,Resolved,13.12,54.79,3.62
    TKT-0128,Nov,West Zone,Mobile,Installation Delay,High,Resolved,15.37,59.53,3.36
    TKT-0129,Jun,South Zone,Landline,Dropped Calls,Medium,SLA Breached,12.47,25.83,3.97
    TKT-0130,Dec,Central Zone,Mobile,Service Outage,High,Escalated,18.5,72.19,3.65
    TKT-0131,Aug,South Zone,Landline,Dropped Calls,High,Resolved,7.63,63.35,4.11
    TKT-0132,Oct,South Zone,Landline,Service Outage,Low,Resolved,6.24,46.4,4.3
    TKT-0133,Oct,Central Zone,Broadband,No Signal,Low,SLA Breached,18.73,64.81,2.82
    TKT-0134,Jul,Central Zone,Landline,Slow Internet,Medium,SLA Breached,13.1,31.2,3.79
    TKT-0135,Apr,East Zone,Broadband,Service Outage,Low,Resolved,7.32,48.49,4.46
    TKT-0136,Aug,North Zone,Broadband,Slow Internet,High,Escalated,13.97,46.95,3.62
    TKT-0137,Mar,East Zone,Mobile,Dropped Calls,Low,In Progress,5.08,20.23,4.11
    TKT-0138,Jan,Central Zone,Broadband,Installation Delay,High,Escalated,12.82,27.16,4.08
    TKT-0139,Aug,East Zone,Landline,Dropped Calls,High,Escalated,15.86,57.72,2.84
    TKT-0140,Sep,Central Zone,Mobile,Installation Delay,Low,Resolved,7.71,46.11,3.54
    TKT-0141,Oct,Central Zone,TV,Slow Internet,Low,SLA Breached,6.73,37.82,3.84
    TKT-0142,Apr,East Zone,Mobile,No Signal,Medium,Escalated,5.56,45.37,3.73
    TKT-0143,Mar,West Zone,Landline,Dropped Calls,Medium,Escalated,15.44,42.43,3.6
    TKT-0144,Aug,North Zone,Landline,Dropped Calls,Medium,Resolved,16.07,52.08,3.29
    TKT-0145,Oct,West Zone,Mobile,Installation Delay,Low,Escalated,18.05,29.11,3.59
    TKT-0146,Mar,East Zone,TV,Service Outage,High,In Progress,6.33,18.21,4.06
    TKT-0147,Dec,North Zone,Landline,Billing Error,Low,Resolved,16.52,47.41,2.91
    TKT-0148,Jan,East Zone,Broadband,Service Outage,Medium,In Progress,9.44,31.12,4.17
    TKT-0149,Sep,North Zone,Broadband,Service Outage,Low,Resolved,6.64,36.22,4.26
    TKT-0150,Dec,East Zone,Mobile,Dropped Calls,Medium,Resolved,16.15,29.4,3.46
    TKT-0151,Aug,West Zone,Broadband,Service Outage,High,Escalated,12.69,34.22,3.95
    TKT-0152,Jan,South Zone,TV,Service Outage,High,Resolved,14.45,35.27,3.87
    TKT-0153,Sep,East Zone,Landline,Installation Delay,High,Resolved,8.9,44.66,3.76
    TKT-0154,Mar,East Zone,Mobile,Dropped Calls,High,Escalated,5.52,60.27,3.72
    TKT-0155,May,South Zone,TV,Slow Internet,Low,Escalated,6.94,61.38,3.47
    TKT-0156,May,East Zone,TV,Installation Delay,Low,In Progress,8.9,55.07,3.31
    TKT-0157,Oct,South Zone,Mobile,Dropped Calls,High,SLA Breached,6.14,58.7,4.76
    TKT-0158,Mar,South Zone,TV,Installation Delay,Low,Resolved,9.01,62.94,3.76
    TKT-0159,Mar,West Zone,Broadband,No Signal,Low,SLA Breached,15.63,67.48,2.77
    TKT-0160,Nov,West Zone,TV,Dropped Calls,Low,Resolved,18.08,29.54,3.25
    TKT-0161,Jul,South Zone,Mobile,No Signal,High,In Progress,18.63,28.69,3.12
    TKT-0162,Dec,South Zone,Landline,Dropped Calls,Medium,Escalated,19.72,61.31,2.89
    TKT-0163,Feb,West Zone,Landline,Dropped Calls,Low,SLA Breached,6.6,54.65,3.6
    TKT-0164,Dec,West Zone,TV,Service Outage,High,Resolved,16.83,35.52,3.55
    TKT-0165,Apr,South Zone,Landline,No Signal,High,SLA Breached,6.01,45.12,3.59
    TKT-0166,Nov,South Zone,Mobile,Service Outage,Low,Resolved,11.69,54.07,3.97
    TKT-0167,Apr,Central Zone,Landline,Dropped Calls,Low,Resolved,9.85,44.28,3.55
    TKT-0168,Oct,South Zone,Mobile,Installation Delay,High,SLA Breached,11.39,43.96,3.37
    TKT-0169,Jul,Central Zone,Broadband,No Signal,Medium,Escalated,15.21,57.94,3.34
    TKT-0170,May,Central Zone,TV,Billing Error,Medium,Escalated,9.11,68.31,3.75
    TKT-0171,Jan,South Zone,Landline,Service Outage,Low,In Progress,8.2,19.76,4.64
    TKT-0172,Dec,East Zone,Landline,Billing Error,Medium,Resolved,18.03,66.86,2.55
    TKT-0173,Nov,South Zone,Landline,No Signal,High,SLA Breached,9.41,65.0,2.95
    TKT-0174,Apr,West Zone,Broadband,Service Outage,High,SLA Breached,5.96,45.06,3.5
    TKT-0175,May,South Zone,Landline,No Signal,High,Resolved,5.17,18.79,4.56
    TKT-0176,Jun,East Zone,Broadband,Slow Internet,High,SLA Breached,16.7,28.68,4.41
    TKT-0177,Jun,East Zone,Landline,Slow Internet,High,SLA Breached,19.8,36.92,2.67
    TKT-0178,Apr,North Zone,Mobile,Installation Delay,High,In Progress,13.01,67.14,3.24
    TKT-0179,Jan,Central Zone,Landline,Installation Delay,Medium,Escalated,6.99,45.37,3.6
    TKT-0180,Feb,South Zone,TV,Billing Error,High,SLA Breached,14.55,59.87,3.09
    TKT-0181,Jun,North Zone,Mobile,Slow Internet,Low,Escalated,13.12,58.57,3.25
    TKT-0182,Apr,East Zone,TV,No Signal,Medium,In Progress,16.76,50.81,3.11
    TKT-0183,Sep,West Zone,Mobile,Service Outage,Low,In Progress,5.91,28.27,4.54
    TKT-0184,Jul,Central Zone,TV,No Signal,Medium,In Progress,15.79,37.21,3.75
    TKT-0185,Aug,North Zone,TV,No Signal,Medium,Escalated,15.2,28.81,3.43
    TKT-0186,Oct,Central Zone,Landline,Billing Error,High,SLA Breached,16.03,64.42,3.16
    TKT-0187,Dec,South Zone,Broadband,No Signal,High,SLA Breached,5.44,35.22,3.69
    TKT-0188,Apr,South Zone,TV,No Signal,Medium,In Progress,10.39,39.58,3.33
    TKT-0189,Feb,Central Zone,TV,Slow Internet,Low,In Progress,15.74,71.19,3.19
    TKT-0190,Feb,Central Zone,Broadband,Service Outage,High,Resolved,8.71,62.25,3.73
    TKT-0191,Aug,North Zone,Landline,Installation Delay,Low,In Progress,14.78,40.39,3.27
    TKT-0192,May,North Zone,Landline,Billing Error,High,Escalated,11.81,33.61,3.94
    TKT-0193,Mar,South Zone,Broadband,Installation Delay,Medium,Resolved,11.46,33.9,3.41
    TKT-0194,Jun,West Zone,Landline,Slow Internet,Low,Resolved,10.35,47.03,3.44
    TKT-0195,Jan,North Zone,Landline,Billing Error,Low,Escalated,13.37,50.37,3.59
    TKT-0196,Oct,Central Zone,Broadband,No Signal,Medium,Resolved,19.01,44.82,3.44
    TKT-0197,Jan,East Zone,Mobile,Billing Error,Medium,SLA Breached,19.8,78.06,2.43
    TKT-0198,Aug,East Zone,Mobile,Billing Error,Medium,SLA Breached,6.89,23.53,4.16
    TKT-0199,Apr,South Zone,Mobile,Billing Error,Low,SLA Breached,19.55,34.25,3.64
    TKT-0200,May,South Zone,Broadband,Installation Delay,Low,In Progress,5.26,27.47,3.7
    TKT-0201,Oct,North Zone,Landline,No Signal,High,In Progress,18.78,58.81,2.83
    TKT-0202,Dec,South Zone,Mobile,Service Outage,Low,Resolved,18.0,77.67,2.26
    TKT-0203,Sep,Central Zone,Broadband,Slow Internet,Low,SLA Breached,14.76,63.02,3.25
    TKT-0204,Feb,South Zone,Broadband,Slow Internet,Low,Escalated,18.03,46.81,3.09
    TKT-0205,Jun,North Zone,Broadband,Slow Internet,Medium,Escalated,13.45,42.47,2.96
    TKT-0206,Jan,East Zone,Landline,Service Outage,Medium,Escalated,14.05,57.46,3.01
    TKT-0207,Oct,South Zone,Mobile,Slow Internet,Low,Resolved,17.95,53.9,3.34
    TKT-0208,Oct,North Zone,Landline,Dropped Calls,Medium,SLA Breached,13.7,50.38,3.48
    TKT-0209,Nov,South Zone,Landline,No Signal,Low,Resolved,17.34,48.88,3.28
    TKT-0210,Mar,West Zone,Broadband,Dropped Calls,Medium,Escalated,6.52,40.81,3.88
    TKT-0211,May,West Zone,Mobile,No Signal,High,Escalated,12.98,52.03,3.41
    TKT-0212,Feb,North Zone,Broadband,Billing Error,Medium,Resolved,12.84,29.0,4.02
    TKT-0213,Dec,South Zone,TV,Dropped Calls,Low,Escalated,9.43,59.1,3.79
    TKT-0214,Jun,North Zone,Landline,Dropped Calls,Medium,Escalated,19.27,59.35,3.09
    TKT-0215,Jun,Central Zone,Mobile,Billing Error,High,In Progress,8.18,48.73,3.43
    TKT-0216,Aug,North Zone,Mobile,No Signal,High,SLA Breached,9.12,60.25,3.63
    TKT-0217,Dec,South Zone,Broadband,Installation Delay,Low,SLA Breached,7.25,38.45,4.13
    TKT-0218,Dec,South Zone,Broadband,Dropped Calls,High,In Progress,5.35,47.45,4.12
    TKT-0219,Dec,East Zone,Mobile,Slow Internet,Medium,Resolved,13.92,48.76,3.73
    TKT-0220,Jun,Central Zone,TV,Slow Internet,High,Escalated,19.87,36.29,2.91
    TKT-0221,Mar,West Zone,Mobile,Service Outage,Medium,SLA Breached,9.11,23.08,4.33
    TKT-0222,Nov,North Zone,TV,Billing Error,High,Resolved,17.48,60.96,3.41
    TKT-0223,Dec,East Zone,Landline,Dropped Calls,Medium,SLA Breached,14.76,51.41,3.76
    TKT-0224,Jun,South Zone,TV,Billing Error,Medium,In Progress,13.37,59.9,3.7
    TKT-0225,Apr,West Zone,Mobile,Billing Error,High,Resolved,14.52,62.26,3.33
    TKT-0226,Sep,West Zone,Broadband,Billing Error,Low,SLA Breached,10.74,26.73,4.37
    TKT-0227,Mar,Central Zone,Landline,Billing Error,High,Resolved,15.07,29.72,3.51
    TKT-0228,Jan,Central Zone,Landline,Billing Error,Medium,SLA Breached,15.63,27.44,3.97
    TKT-0229,Jan,South Zone,Broadband,Installation Delay,High,Resolved,10.19,32.14,3.56
    TKT-0230,Jul,South Zone,Landline,Installation Delay,Low,In Progress,18.79,53.64,3.15
    TKT-0231,Jun,West Zone,Broadband,Billing Error,Medium,SLA Breached,18.96,34.78,3.6
    TKT-0232,Aug,South Zone,Mobile,Service Outage,Medium,Escalated,16.85,42.08,3.11
    TKT-0233,Sep,Central Zone,TV,Installation Delay,Low,In Progress,8.35,66.22,3.27
    TKT-0234,Feb,North Zone,Broadband,Service Outage,High,SLA Breached,14.1,31.06,3.74
    TKT-0235,Jun,Central Zone,Landline,No Signal,Low,Resolved,17.38,60.7,3.14
    TKT-0236,Apr,North Zone,TV,Billing Error,High,SLA Breached,16.65,32.75,3.94
    TKT-0237,Dec,Central Zone,TV,Service Outage,Medium,Resolved,6.58,48.62,3.7
    TKT-0238,Dec,East Zone,TV,No Signal,High,Escalated,7.88,28.47,4.52
    TKT-0239,Nov,South Zone,Broadband,Slow Internet,Low,Escalated,7.56,21.29,4.48
    TKT-0240,Jul,West Zone,Broadband,Billing Error,Low,SLA Breached,17.21,57.97,2.92
    TKT-0241,Apr,Central Zone,Landline,Billing Error,Medium,Escalated,15.86,65.46,2.6
    TKT-0242,Mar,East Zone,Landline,Service Outage,Medium,Escalated,16.0,64.47,3.44
    TKT-0243,Jul,South Zone,Mobile,No Signal,High,In Progress,16.86,55.97,3.52
    TKT-0244,May,North Zone,Broadband,Dropped Calls,Medium,In Progress,14.44,34.38,3.53
    TKT-0245,May,Central Zone,Landline,Billing Error,High,Escalated,8.99,51.29,4.22
    TKT-0246,May,South Zone,Mobile,Billing Error,Medium,SLA Breached,8.65,51.24,3.71
    TKT-0247,Mar,North Zone,Broadband,Billing Error,High,In Progress,10.89,68.7,3.17
    TKT-0248,Feb,West Zone,Landline,Dropped Calls,High,In Progress,18.95,41.6,3.31
    TKT-0249,Aug,Central Zone,Landline,No Signal,Low,In Progress,10.8,43.31,3.63
    TKT-0250,Jul,Central Zone,TV,Dropped Calls,High,Escalated,15.2,27.28,3.86
    TKT-0251,Sep,East Zone,Broadband,Dropped Calls,Low,SLA Breached,6.58,18.36,5.0
    TKT-0252,Apr,East Zone,Landline,No Signal,Low,Escalated,7.78,26.49,4.11
    TKT-0253,May,Central Zone,Mobile,Service Outage,Medium,In Progress,6.24,41.97,3.94
    TKT-0254,Aug,North Zone,Broadband,Installation Delay,Low,In Progress,5.16,27.93,4.2
    TKT-0255,Apr,North Zone,Broadband,Slow Internet,Medium,Escalated,5.63,64.05,3.84
    TKT-0256,Aug,South Zone,Mobile,Dropped Calls,High,SLA Breached,16.22,66.81,2.8
    TKT-0257,Dec,South Zone,TV,Installation Delay,Low,Resolved,18.92,40.15,3.7
    TKT-0258,Dec,South Zone,Broadband,Installation Delay,Medium,SLA Breached,8.61,24.69,4.75
    TKT-0259,Mar,North Zone,Landline,Dropped Calls,Low,In Progress,17.24,70.31,2.71
    TKT-0260,May,West Zone,Landline,No Signal,Medium,In Progress,19.77,76.64,2.98
    TKT-0261,Feb,South Zone,Broadband,Dropped Calls,Low,SLA Breached,17.27,37.95,3.13
    TKT-0262,Jun,East Zone,Broadband,Dropped Calls,High,SLA Breached,14.18,29.48,3.79
    TKT-0263,Jul,Central Zone,Mobile,Billing Error,Low,Resolved,16.42,34.42,3.68
    TKT-0264,Jan,West Zone,Broadband,No Signal,High,SLA Breached,6.49,36.56,4.07
    TKT-0265,Oct,South Zone,TV,Slow Internet,Medium,Resolved,16.0,56.8,3.41
    TKT-0266,Sep,West Zone,Landline,Service Outage,Medium,In Progress,17.6,69.23,3.3
    TKT-0267,Sep,South Zone,Broadband,Slow Internet,Low,SLA Breached,7.23,32.51,4.34
    TKT-0268,Apr,South Zone,Landline,Service Outage,Low,In Progress,10.87,41.5,4.39
    TKT-0269,Aug,Central Zone,Mobile,Service Outage,Medium,SLA Breached,7.72,37.1,3.7
    TKT-0270,Mar,Central Zone,Landline,Installation Delay,Low,SLA Breached,13.41,53.58,3.51
    TKT-0271,Feb,South Zone,TV,Billing Error,Low,Resolved,14.55,32.0,3.42
    TKT-0272,Oct,Central Zone,TV,Billing Error,Low,SLA Breached,10.6,26.72,3.77
    TKT-0273,Jan,North Zone,Mobile,Billing Error,High,Escalated,17.02,65.35,3.33
    TKT-0274,Jan,North Zone,Mobile,Billing Error,Low,Escalated,15.29,74.85,2.67
    TKT-0275,Dec,East Zone,TV,Slow Internet,Medium,SLA Breached,8.04,46.32,3.61
    TKT-0276,Jun,Central Zone,Mobile,Slow Internet,Low,Resolved,16.74,29.55,3.17
    TKT-0277,Mar,South Zone,TV,Dropped Calls,High,SLA Breached,7.79,57.92,4.0
    TKT-0278,Jun,South Zone,Landline,Service Outage,Low,Escalated,12.45,44.29,4.5
    TKT-0279,Sep,West Zone,Mobile,Slow Internet,Medium,In Progress,14.15,30.92,3.55
    TKT-0280,Apr,Central Zone,Mobile,Billing Error,Medium,In Progress,5.54,29.33,3.87
    TKT-0281,Jul,West Zone,Mobile,Installation Delay,Medium,Escalated,11.75,60.59,3.41
    TKT-0282,Aug,East Zone,Landline,Installation Delay,Medium,Escalated,7.09,43.71,4.14
    TKT-0283,Jan,East Zone,TV,Service Outage,Low,Escalated,5.33,48.52,3.9
    TKT-0284,Jul,Central Zone,Mobile,Installation Delay,Medium,Resolved,12.42,71.4,3.03
    TKT-0285,May,East Zone,TV,Installation Delay,High,SLA Breached,10.07,35.5,4.09
    TKT-0286,Sep,North Zone,Broadband,Dropped Calls,High,In Progress,11.06,48.19,3.16
    TKT-0287,Jul,North Zone,Broadband,Installation Delay,Medium,In Progress,11.87,46.1,3.51
    TKT-0288,Feb,East Zone,Broadband,Service Outage,Low,SLA Breached,6.68,34.48,3.82
    TKT-0289,Mar,East Zone,TV,Slow Internet,Low,Resolved,7.47,33.98,4.02
    TKT-0290,Aug,Central Zone,TV,Service Outage,Medium,Escalated,19.2,57.21,2.6
    TKT-0291,Dec,South Zone,Broadband,Installation Delay,High,SLA Breached,11.96,67.42,3.33
    TKT-0292,Jun,West Zone,TV,Slow Internet,Low,In Progress,6.4,38.45,3.08
    TKT-0293,Nov,West Zone,Mobile,Billing Error,High,SLA Breached,9.15,34.77,4.31
    TKT-0294,Aug,South Zone,Mobile,Billing Error,Medium,SLA Breached,7.49,48.16,3.66
    TKT-0295,Mar,East Zone,Mobile,No Signal,Medium,Resolved,13.97,25.64,3.47
    TKT-0296,Nov,Central Zone,Landline,Service Outage,Medium,In Progress,6.25,60.37,3.92
    TKT-0297,Dec,East Zone,Mobile,Slow Internet,Low,Resolved,19.76,63.16,3.28
    TKT-0298,Jun,South Zone,TV,No Signal,Low,SLA Breached,5.19,43.18,3.89
    TKT-0299,Jan,West Zone,Broadband,Billing Error,Medium,In Progress,6.19,52.76,3.71
    TKT-0300,Apr,South Zone,Mobile,No Signal,High,Escalated,18.52,61.1,3.14
    TKT-0301,Sep,Central Zone,Landline,Installation Delay,Medium,Escalated,18.2,54.47,3.32
    TKT-0302,Oct,North Zone,Broadband,No Signal,Medium,Resolved,16.1,35.66,3.69
    TKT-0303,Nov,North Zone,TV,Service Outage,High,Resolved,17.09,69.28,3.14
    TKT-0304,Mar,West Zone,TV,Service Outage,High,SLA Breached,8.41,60.26,3.49
    TKT-0305,Jul,East Zone,Landline,Installation Delay,High,Escalated,9.58,30.21,3.86
    TKT-0306,Dec,North Zone,TV,Slow Internet,Low,SLA Breached,14.97,37.98,3.56
    TKT-0307,Jan,East Zone,TV,No Signal,Low,In Progress,11.71,44.73,3.63
    TKT-0308,Mar,East Zone,Mobile,Service Outage,Low,SLA Breached,5.27,36.34,3.8
    TKT-0309,Oct,North Zone,TV,Service Outage,Low,Escalated,16.31,66.56,3.36
    TKT-0310,Jul,North Zone,Landline,No Signal,Low,SLA Breached,6.69,51.87,3.48
    TKT-0311,Apr,North Zone,Mobile,Slow Internet,High,SLA Breached,9.26,60.49,3.33
    TKT-0312,Nov,West Zone,Landline,Installation Delay,High,Resolved,13.9,68.52,2.7
    TKT-0313,Jul,Central Zone,Mobile,Slow Internet,Medium,SLA Breached,13.74,73.51,3.07
    TKT-0314,May,West Zone,Broadband,No Signal,High,Resolved,6.41,61.89,3.3
    TKT-0315,Apr,East Zone,Broadband,Installation Delay,High,SLA Breached,12.76,44.28,3.82
    TKT-0316,Sep,East Zone,Mobile,Billing Error,High,In Progress,14.11,55.68,3.92
    TKT-0317,Apr,North Zone,Broadband,No Signal,Low,Escalated,6.98,28.69,4.44
    TKT-0318,Nov,North Zone,Broadband,Service Outage,Medium,In Progress,8.82,36.91,4.22
    TKT-0319,Dec,South Zone,TV,No Signal,Medium,Resolved,11.76,45.41,3.82
    TKT-0320,Apr,North Zone,Broadband,Dropped Calls,Medium,Resolved,5.11,26.06,3.63
    TKT-0321,Nov,West Zone,Landline,Slow Internet,Medium,Escalated,17.04,55.64,3.78
    TKT-0322,Sep,North Zone,Landline,Dropped Calls,High,Resolved,17.27,53.85,3.2
    TKT-0323,Nov,North Zone,TV,Dropped Calls,Low,In Progress,19.89,36.46,3.61
    TKT-0324,Dec,East Zone,Landline,Dropped Calls,High,Resolved,14.12,39.59,4.09
    TKT-0325,Oct,West Zone,Mobile,Dropped Calls,High,Escalated,5.03,50.91,4.01
    TKT-0326,Apr,North Zone,TV,Billing Error,Medium,Resolved,6.82,37.77,3.86
    TKT-0327,Apr,North Zone,Broadband,Billing Error,Medium,Escalated,10.32,67.41,2.99
    TKT-0328,Feb,East Zone,TV,Dropped Calls,Medium,In Progress,14.54,70.2,2.76
    TKT-0329,Sep,West Zone,TV,Billing Error,Medium,Escalated,16.11,52.61,3.15
    TKT-0330,Dec,East Zone,TV,Slow Internet,Low,Resolved,10.99,66.5,3.07
    TKT-0331,Jan,North Zone,TV,Slow Internet,Medium,SLA Breached,10.81,63.4,3.62
    TKT-0332,Sep,Central Zone,Mobile,Installation Delay,Medium,SLA Breached,8.39,37.6,4.0
    TKT-0333,Mar,West Zone,Landline,Slow Internet,Low,Escalated,9.78,48.89,3.3
    TKT-0334,Apr,West Zone,Broadband,Installation Delay,High,Escalated,7.14,61.64,4.11
    TKT-0335,Jan,West Zone,TV,Dropped Calls,Medium,SLA Breached,10.68,21.02,3.73
    TKT-0336,Nov,North Zone,Broadband,Service Outage,High,SLA Breached,10.47,31.36,4.1
    TKT-0337,Dec,North Zone,TV,Billing Error,High,Resolved,19.58,41.0,3.33
    TKT-0338,Apr,South Zone,TV,Service Outage,Medium,Escalated,10.82,28.82,3.85
    TKT-0339,Feb,East Zone,Broadband,Dropped Calls,Medium,In Progress,18.5,34.31,3.53
    TKT-0340,Jul,West Zone,Mobile,Billing Error,High,Resolved,6.32,46.66,3.84
    TKT-0341,Apr,North Zone,Broadband,Service Outage,High,Resolved,12.17,48.78,3.73
    TKT-0342,Jul,East Zone,TV,Installation Delay,Medium,SLA Breached,15.64,34.5,3.85
    TKT-0343,May,West Zone,Broadband,Billing Error,Low,Escalated,13.17,31.43,3.72
    TKT-0344,Apr,East Zone,Broadband,Slow Internet,Low,SLA Breached,9.51,35.8,4.04
    TKT-0345,Aug,South Zone,TV,Dropped Calls,Low,Resolved,7.22,59.85,3.48
    TKT-0346,Nov,Central Zone,Mobile,No Signal,Medium,Resolved,11.88,23.78,3.93
    TKT-0347,Jun,East Zone,TV,Billing Error,High,Resolved,15.21,48.55,3.42
    TKT-0348,Dec,West Zone,Landline,Service Outage,Low,Escalated,10.63,34.92,3.69
    TKT-0349,Jan,East Zone,TV,Slow Internet,Low,In Progress,15.89,70.61,3.69
    TKT-0350,Apr,Central Zone,TV,Slow Internet,High,Resolved,14.6,39.52,4.13
    TKT-0351,Aug,East Zone,TV,Service Outage,Low,Escalated,5.46,64.04,3.44
    TKT-0352,Feb,Central Zone,Mobile,No Signal,Low,In Progress,12.91,54.54,3.7
    TKT-0353,May,West Zone,Mobile,Slow Internet,Low,SLA Breached,12.93,62.6,2.95
    TKT-0354,May,Central Zone,Landline,Dropped Calls,High,Escalated,18.27,63.27,3.46
    TKT-0355,Aug,North Zone,Mobile,Service Outage,Medium,SLA Breached,15.31,26.53,3.65
    TKT-0356,Dec,Central Zone,Broadband,Installation Delay,High,Resolved,6.51,59.96,4.23
    TKT-0357,Feb,North Zone,TV,Installation Delay,Medium,SLA Breached,15.61,28.12,3.8
    TKT-0358,Dec,South Zone,TV,No Signal,Low,In Progress,7.28,30.59,4.34
    TKT-0359,Jun,Central Zone,TV,Dropped Calls,Low,Resolved,13.23,34.19,3.32
    TKT-0360,Jan,South Zone,Mobile,Billing Error,Medium,SLA Breached,14.56,50.87,3.57
    TKT-0361,Feb,West Zone,Mobile,Billing Error,High,SLA Breached,9.35,47.51,3.95
    TKT-0362,Feb,South Zone,Landline,Installation Delay,Low,Escalated,9.07,39.19,3.43
    TKT-0363,Sep,North Zone,Mobile,Dropped Calls,Medium,In Progress,9.14,54.49,3.89
    TKT-0364,Nov,North Zone,Broadband,No Signal,Low,Resolved,17.64,43.31,3.06
    TKT-0365,Apr,South Zone,TV,No Signal,High,Escalated,18.65,47.52,3.3
    TKT-0366,Jan,West Zone,TV,Slow Internet,Low,In Progress,7.09,29.8,3.55
    TKT-0367,Nov,Central Zone,Broadband,Slow Internet,Low,Resolved,15.14,72.34,3.09
    TKT-0368,Mar,West Zone,Broadband,Installation Delay,High,Resolved,12.48,41.74,4.2
    TKT-0369,Sep,East Zone,TV,Installation Delay,Medium,Escalated,10.55,23.17,4.22
    TKT-0370,Apr,South Zone,Landline,Slow Internet,High,In Progress,12.08,66.09,2.86
    TKT-0371,Jan,West Zone,Broadband,Dropped Calls,High,In Progress,10.92,67.46,3.22
    TKT-0372,Jun,West Zone,Landline,Dropped Calls,Medium,In Progress,13.69,27.96,4.03
    TKT-0373,Nov,East Zone,Broadband,Slow Internet,High,In Progress,16.73,53.92,3.18
    TKT-0374,May,South Zone,Mobile,Slow Internet,Medium,In Progress,5.47,52.28,4.05
    TKT-0375,Jun,North Zone,Landline,Service Outage,High,Escalated,18.16,30.24,3.16
    TKT-0376,Jul,West Zone,Landline,Slow Internet,Medium,SLA Breached,6.88,17.73,4.53
    TKT-0377,Nov,North Zone,Mobile,Dropped Calls,Medium,Escalated,5.26,29.93,4.21
    TKT-0378,Apr,North Zone,Mobile,Billing Error,Low,Resolved,14.7,73.41,2.58
    TKT-0379,Mar,North Zone,Landline,No Signal,High,Escalated,16.71,49.61,3.82
    TKT-0380,Mar,Central Zone,Broadband,Dropped Calls,Medium,In Progress,12.26,59.63,3.64
    TKT-0381,Jul,West Zone,Mobile,Billing Error,Medium,SLA Breached,19.14,68.4,2.9
    TKT-0382,Dec,North Zone,Broadband,No Signal,Medium,SLA Breached,14.3,69.1,3.06
    TKT-0383,Sep,South Zone,TV,Dropped Calls,Low,Escalated,19.72,56.08,2.74
    TKT-0384,Apr,West Zone,Broadband,Slow Internet,Medium,In Progress,15.35,71.88,2.88
    TKT-0385,Apr,West Zone,Broadband,No Signal,Medium,Resolved,19.37,55.85,3.1
    TKT-0386,May,Central Zone,Mobile,Service Outage,Medium,In Progress,16.41,53.75,3.77
    TKT-0387,Mar,Central Zone,Landline,Billing Error,High,Escalated,15.12,31.97,3.71
    TKT-0388,Dec,West Zone,Mobile,Slow Internet,Low,SLA Breached,19.92,65.51,2.86
    TKT-0389,Oct,North Zone,Landline,No Signal,High,Resolved,18.79,37.59,3.68
    TKT-0390,Jan,East Zone,TV,Dropped Calls,Medium,In Progress,16.36,34.44,3.21
    TKT-0391,Aug,West Zone,TV,Service Outage,High,Escalated,15.0,33.13,3.25
    TKT-0392,Jun,West Zone,Broadband,Dropped Calls,Medium,SLA Breached,10.36,66.67,3.26
    TKT-0393,Oct,East Zone,Broadband,Installation Delay,Medium,Escalated,15.93,30.7,3.82
    TKT-0394,Mar,West Zone,Broadband,Dropped Calls,Medium,SLA Breached,9.33,39.22,3.9
    TKT-0395,Nov,South Zone,TV,Slow Internet,High,Resolved,12.22,53.99,3.51
    TKT-0396,Oct,North Zone,Mobile,Dropped Calls,High,SLA Breached,13.61,44.39,3.78
    TKT-0397,Jan,South Zone,Broadband,Installation Delay,Medium,Resolved,19.62,31.0,3.36
    TKT-0398,May,South Zone,Broadband,Slow Internet,Medium,In Progress,15.19,36.43,3.44
    TKT-0399,Apr,Central Zone,Landline,No Signal,Low,Resolved,12.75,60.69,3.62
    TKT-0400,Jul,South Zone,Landline,Dropped Calls,High,In Progress,16.71,50.53,3.72
    TKT-0401,Feb,West Zone,Broadband,Dropped Calls,High,SLA Breached,9.97,62.72,4.24
    TKT-0402,Aug,East Zone,Landline,Dropped Calls,Medium,Resolved,16.57,59.3,3.12
    TKT-0403,Mar,South Zone,Broadband,Slow Internet,Low,Resolved,9.24,40.5,3.66
    TKT-0404,May,North Zone,Mobile,Service Outage,High,Resolved,11.56,65.7,4.09
    TKT-0405,Jun,West Zone,Landline,Billing Error,Medium,Escalated,14.95,62.04,3.29
    TKT-0406,Feb,Central Zone,Broadband,No Signal,Low,In Progress,6.88,33.73,3.75
    TKT-0407,Jun,West Zone,TV,Service Outage,High,In Progress,13.86,56.91,3.33
    TKT-0408,Oct,East Zone,Mobile,Service Outage,High,Resolved,19.28,31.4,3.76
    TKT-0409,Sep,North Zone,Landline,Billing Error,Low,Resolved,6.95,44.95,3.69
    TKT-0410,Mar,West Zone,Broadband,Slow Internet,Low,SLA Breached,7.39,26.4,3.9
    TKT-0411,Jul,East Zone,Mobile,Slow Internet,Low,Escalated,6.88,59.4,3.73
    TKT-0412,Sep,Central Zone,Broadband,Dropped Calls,Medium,In Progress,14.98,32.85,3.72
    TKT-0413,Jan,North Zone,Landline,Dropped Calls,Low,SLA Breached,12.44,41.47,3.55
    TKT-0414,Apr,South Zone,Broadband,No Signal,Low,SLA Breached,6.87,56.75,3.87
    TKT-0415,Jan,South Zone,Broadband,Billing Error,Low,Resolved,17.26,54.58,2.68
    TKT-0416,Jun,Central Zone,Landline,Service Outage,Low,Escalated,10.95,27.54,3.98
    TKT-0417,Oct,North Zone,Landline,Billing Error,Low,In Progress,18.07,61.71,3.26
    TKT-0418,Aug,East Zone,Mobile,No Signal,Low,In Progress,8.71,26.85,3.89
    TKT-0419,Jan,North Zone,Landline,Service Outage,High,Escalated,7.87,38.45,4.0
    TKT-0420,Dec,Central Zone,Mobile,No Signal,High,In Progress,6.26,32.93,3.93
    TKT-0421,Jun,Central Zone,TV,Installation Delay,Medium,Escalated,10.72,69.82,3.09
    TKT-0422,Jul,East Zone,Landline,Service Outage,High,SLA Breached,19.86,46.12,2.98
    TKT-0423,Oct,North Zone,Broadband,Installation Delay,Medium,Resolved,19.66,34.82,3.32
    TKT-0424,Sep,Central Zone,Mobile,Installation Delay,High,Resolved,10.2,40.08,3.81
    TKT-0425,Nov,East Zone,Mobile,Installation Delay,High,Escalated,9.03,33.4,3.93
    TKT-0426,Nov,East Zone,Broadband,Service Outage,Low,Resolved,6.38,46.33,3.89
    TKT-0427,Apr,East Zone,TV,Installation Delay,Medium,Resolved,5.23,63.48,3.44
    TKT-0428,Jan,North Zone,TV,Billing Error,Low,SLA Breached,5.03,23.73,4.7
    TKT-0429,Mar,South Zone,Broadband,Installation Delay,High,Escalated,8.2,65.15,3.94
    TKT-0430,Dec,North Zone,Broadband,Dropped Calls,Low,Resolved,13.13,70.11,2.75
    TKT-0431,Oct,West Zone,Broadband,Dropped Calls,Medium,In Progress,16.09,36.82,3.59
    TKT-0432,Nov,South Zone,TV,Billing Error,Low,Resolved,18.72,50.42,2.59
    TKT-0433,Apr,Central Zone,TV,Slow Internet,Low,In Progress,19.94,41.4,2.72
    TKT-0434,Feb,West Zone,Broadband,Slow Internet,High,Escalated,5.75,61.33,3.53
    TKT-0435,Jan,North Zone,Mobile,Dropped Calls,Low,SLA Breached,18.67,46.41,3.72
    TKT-0436,Jan,East Zone,Landline,Installation Delay,Medium,SLA Breached,10.0,64.25,3.54
    TKT-0437,Mar,West Zone,TV,Dropped Calls,Medium,Escalated,14.25,61.39,3.22
    TKT-0438,Mar,South Zone,Broadband,Slow Internet,High,In Progress,17.0,43.68,2.91
    TKT-0439,Dec,West Zone,Broadband,Service Outage,High,Resolved,5.53,54.9,3.51
    TKT-0440,Nov,West Zone,Mobile,Installation Delay,Medium,SLA Breached,7.17,56.37,3.77
    TKT-0441,Feb,South Zone,TV,Service Outage,Low,In Progress,5.33,30.38,4.43
    TKT-0442,Jun,West Zone,Landline,Slow Internet,Low,Escalated,11.15,53.91,3.54
    TKT-0443,Jan,Central Zone,Landline,Dropped Calls,High,Resolved,7.78,50.99,3.72
    TKT-0444,Apr,East Zone,TV,Billing Error,High,Resolved,9.65,32.15,3.93
    TKT-0445,Aug,South Zone,TV,Slow Internet,High,Resolved,10.31,61.74,3.66
    TKT-0446,Jul,Central Zone,Landline,Service Outage,Medium,Resolved,12.58,69.64,2.91
    TKT-0447,Jan,North Zone,Broadband,Dropped Calls,High,In Progress,13.3,48.46,3.42
    TKT-0448,Oct,North Zone,Landline,No Signal,Medium,Resolved,5.2,30.0,4.33
    TKT-0449,May,Central Zone,Landline,Service Outage,Low,SLA Breached,6.76,25.02,4.21
    TKT-0450,Jun,North Zone,Mobile,Slow Internet,Medium,Escalated,15.99,70.07,2.51
    TKT-0451,Oct,South Zone,TV,Billing Error,Low,SLA Breached,6.78,27.37,4.47
    TKT-0452,Jun,East Zone,Mobile,Service Outage,Low,Resolved,11.22,58.91,3.61
    TKT-0453,Jan,East Zone,TV,Installation Delay,Low,In Progress,7.58,42.59,3.61
    TKT-0454,Feb,Central Zone,Landline,Dropped Calls,High,Resolved,6.76,33.62,4.17
    TKT-0455,Aug,South Zone,Broadband,Dropped Calls,High,In Progress,18.44,38.66,4.24
    TKT-0456,Jan,North Zone,TV,Slow Internet,Low,Resolved,11.12,65.4,3.28
    TKT-0457,Nov,South Zone,Landline,Slow Internet,Medium,SLA Breached,15.46,63.09,2.86
    TKT-0458,Sep,East Zone,Landline,No Signal,Medium,Resolved,12.97,48.5,3.57
    TKT-0459,Mar,South Zone,Broadband,Dropped Calls,Low,Escalated,5.2,35.69,4.41
    TKT-0460,Aug,West Zone,TV,Slow Internet,Low,SLA Breached,13.18,72.27,3.34
    TKT-0461,Feb,South Zone,Broadband,Dropped Calls,Medium,Escalated,8.47,65.6,3.5
    TKT-0462,Mar,East Zone,TV,Service Outage,Low,SLA Breached,15.84,58.68,3.4
    TKT-0463,Nov,East Zone,Mobile,No Signal,Medium,In Progress,17.63,46.29,3.58
    TKT-0464,Aug,North Zone,Landline,Slow Internet,Medium,In Progress,16.73,64.32,3.02
    TKT-0465,Jul,South Zone,Landline,Slow Internet,Low,Resolved,8.11,53.77,3.22
    TKT-0466,Dec,Central Zone,Mobile,Slow Internet,Low,Escalated,13.96,56.67,3.69
    TKT-0467,Apr,South Zone,Broadband,Dropped Calls,Medium,In Progress,7.35,41.05,4.24
    TKT-0468,Aug,East Zone,Broadband,Dropped Calls,Low,In Progress,11.37,66.76,3.04
    TKT-0469,Dec,East Zone,TV,Slow Internet,Medium,In Progress,7.0,39.19,3.83
    TKT-0470,Jan,North Zone,TV,No Signal,Medium,Escalated,14.55,40.78,3.61
    TKT-0471,Dec,Central Zone,Mobile,Service Outage,High,Escalated,13.93,37.16,3.37
    TKT-0472,Apr,West Zone,Mobile,Dropped Calls,High,SLA Breached,8.26,41.46,3.73
    TKT-0473,Jun,Central Zone,Broadband,No Signal,Low,Resolved,14.45,67.36,3.26
    TKT-0474,Nov,Central Zone,TV,Dropped Calls,Medium,In Progress,17.67,40.12,3.02
    TKT-0475,Jun,Central Zone,Landline,Service Outage,Low,SLA Breached,18.55,75.23,2.64
    TKT-0476,Mar,Central Zone,TV,No Signal,Low,Escalated,9.56,35.47,3.62
    TKT-0477,Mar,West Zone,TV,No Signal,High,Escalated,11.09,21.77,4.15
    TKT-0478,Jun,South Zone,Broadband,Billing Error,Low,Escalated,12.67,22.94,4.14
    TKT-0479,Mar,Central Zone,Broadband,Dropped Calls,Medium,Escalated,13.71,73.24,3.2
    TKT-0480,Oct,Central Zone,TV,Slow Internet,Low,Escalated,18.92,75.38,2.33
    TKT-0481,Jul,West Zone,Broadband,No Signal,High,Escalated,11.65,46.36,3.68
    TKT-0482,Jun,North Zone,Mobile,No Signal,Low,Resolved,15.12,59.0,2.92
    TKT-0483,Feb,East Zone,Broadband,Billing Error,High,Escalated,15.36,60.22,3.62
    TKT-0484,Mar,North Zone,Landline,Billing Error,High,Escalated,8.06,20.18,4.0
    TKT-0485,Feb,North Zone,Broadband,Service Outage,Medium,In Progress,5.29,54.25,3.37
    TKT-0486,Dec,West Zone,Mobile,Service Outage,Low,SLA Breached,12.33,42.42,3.42
    TKT-0487,Feb,Central Zone,Broadband,Service Outage,Medium,SLA Breached,6.18,53.21,3.75
    TKT-0488,Apr,Central Zone,Landline,Installation Delay,Medium,Resolved,14.1,68.15,3.41
    TKT-0489,Nov,Central Zone,TV,No Signal,High,Escalated,9.3,59.43,3.47
    TKT-0490,Jul,North Zone,Landline,Dropped Calls,Medium,In Progress,10.03,23.38,3.86
    TKT-0491,Jul,West Zone,Broadband,Slow Internet,Medium,In Progress,9.59,47.18,3.85
    TKT-0492,Oct,South Zone,TV,Billing Error,Medium,In Progress,19.14,32.88,3.08
    TKT-0493,May,West Zone,TV,Dropped Calls,Medium,Resolved,19.52,51.51,2.9
    TKT-0494,Aug,Central Zone,Mobile,Billing Error,Medium,Escalated,10.48,38.16,4.03
    TKT-0495,Apr,Central Zone,Mobile,Service Outage,Low,In Progress,10.14,63.37,4.01
    TKT-0496,Dec,Central Zone,Landline,Service Outage,Medium,SLA Breached,9.55,35.13,3.98
    TKT-0497,Dec,West Zone,Mobile,Slow Internet,High,Escalated,19.76,49.55,3.49
    TKT-0498,Feb,North Zone,Mobile,Dropped Calls,High,SLA Breached,13.21,72.8,2.83
    TKT-0499,Jan,South Zone,TV,Dropped Calls,High,SLA Breached,18.34,46.91,3.32
    TKT-0500,Sep,West Zone,Landline,Service Outage,Low,SLA Breached,10.42,63.41,3.84
    TKT-0501,Feb,West Zone,TV,Slow Internet,Medium,SLA Breached,7.95,65.52,3.43
    TKT-0502,Sep,West Zone,Mobile,Service Outage,Low,In Progress,8.45,46.08,4.19
    TKT-0503,Sep,Central Zone,Landline,No Signal,Medium,Escalated,13.56,32.82,4.05
    TKT-0504,Jun,South Zone,Landline,Service Outage,High,In Progress,19.55,58.11,3.27
    TKT-0505,Sep,East Zone,Mobile,No Signal,Low,SLA Breached,13.35,65.61,3.4
    TKT-0506,Sep,North Zone,TV,Service Outage,High,In Progress,12.83,52.28,3.34
    TKT-0507,Apr,Central Zone,Broadband,Installation Delay,Medium,Resolved,14.41,61.92,3.29
    TKT-0508,Jan,South Zone,Landline,Installation Delay,Low,Resolved,19.17,59.67,3.4
    TKT-0509,Nov,South Zone,TV,No Signal,High,Escalated,5.1,53.73,3.59
    TKT-0510,Jun,South Zone,TV,Slow Internet,Medium,Escalated,19.03,47.82,2.8
    TKT-0511,Feb,Central Zone,TV,Dropped Calls,Medium,Resolved,5.68,48.01,3.71
    TKT-0512,Apr,South Zone,Landline,Dropped Calls,Low,SLA Breached,5.52,43.08,4.34
    TKT-0513,Apr,North Zone,Mobile,Slow Internet,Low,Escalated,11.74,33.61,3.78
    TKT-0514,Aug,East Zone,Mobile,Billing Error,High,Escalated,17.02,46.62,3.64
    TKT-0515,Nov,East Zone,TV,Slow Internet,High,SLA Breached,13.35,66.17,3.66
    TKT-0516,Mar,North Zone,Broadband,No Signal,Low,Escalated,9.39,36.0,4.25
    TKT-0517,Feb,East Zone,TV,Billing Error,Low,Resolved,14.8,34.42,3.42
    TKT-0518,May,East Zone,Landline,Billing Error,Medium,In Progress,18.69,45.68,3.75
    TKT-0519,Apr,South Zone,Landline,Slow Internet,High,SLA Breached,14.34,73.85,3.38
    TKT-0520,Aug,East Zone,Landline,Slow Internet,Medium,In Progress,19.88,56.93,3.44
    TKT-0521,Dec,South Zone,Landline,Service Outage,Low,Resolved,8.6,54.11,3.93
    TKT-0522,Sep,South Zone,TV,Installation Delay,Medium,In Progress,14.93,62.49,3.59
    TKT-0523,Aug,South Zone,TV,No Signal,High,Escalated,16.36,29.14,3.98
    TKT-0524,Feb,South Zone,Landline,Billing Error,Low,SLA Breached,9.71,54.26,3.09
    TKT-0525,Jan,North Zone,Mobile,Service Outage,Low,In Progress,14.06,67.22,3.3
    TKT-0526,Jan,West Zone,Mobile,Dropped Calls,Low,In Progress,9.5,49.3,3.58
    TKT-0527,Sep,Central Zone,Landline,Slow Internet,Medium,Resolved,10.33,22.59,4.38
    TKT-0528,Mar,East Zone,Landline,Installation Delay,Medium,Resolved,19.14,33.28,3.43
    TKT-0529,Nov,Central Zone,Landline,Dropped Calls,Medium,Resolved,6.13,34.21,4.07
    TKT-0530,May,North Zone,TV,Installation Delay,High,SLA Breached,5.49,48.43,4.17
    TKT-0531,Dec,West Zone,Landline,Installation Delay,High,Escalated,16.22,54.28,3.42
    TKT-0532,Sep,South Zone,Broadband,Installation Delay,Low,Escalated,5.79,50.39,4.33
    TKT-0533,Jul,Central Zone,TV,Slow Internet,High,Resolved,13.66,41.62,3.49
    TKT-0534,Jun,East Zone,Broadband,Service Outage,Low,Resolved,9.92,30.37,3.87
    TKT-0535,Jan,North Zone,Landline,Service Outage,High,In Progress,13.49,32.62,3.71
    TKT-0536,Nov,Central Zone,Broadband,Dropped Calls,Low,SLA Breached,6.78,63.47,3.93
    TKT-0537,Jan,North Zone,Mobile,Installation Delay,Low,Resolved,9.68,32.17,3.62
    TKT-0538,Apr,North Zone,Broadband,Service Outage,Medium,Resolved,8.36,30.32,3.62
    TKT-0539,Mar,East Zone,TV,Billing Error,Low,Resolved,14.72,36.29,3.54
    TKT-0540,Dec,Central Zone,Broadband,Slow Internet,Low,Escalated,19.43,51.64,3.12
    TKT-0541,Apr,Central Zone,Mobile,Installation Delay,Medium,Resolved,6.05,35.81,4.21
    TKT-0542,Dec,West Zone,Broadband,Installation Delay,High,In Progress,13.36,34.93,3.85
    TKT-0543,Aug,East Zone,TV,Slow Internet,Low,Resolved,17.55,30.06,4.3
    TKT-0544,Sep,East Zone,Mobile,Installation Delay,Medium,In Progress,5.65,54.7,4.0
    TKT-0545,Jul,West Zone,Mobile,No Signal,Medium,Resolved,14.87,25.27,3.76
    TKT-0546,Jun,South Zone,Mobile,Installation Delay,High,Resolved,18.52,39.28,3.53
    TKT-0547,Aug,East Zone,TV,No Signal,Medium,Escalated,15.69,60.52,3.54
    TKT-0548,Mar,Central Zone,Landline,Service Outage,Medium,Escalated,19.2,49.21,3.44
    TKT-0549,Jul,East Zone,Broadband,No Signal,Medium,Escalated,19.96,39.52,4.04
    TKT-0550,Nov,North Zone,Broadband,Installation Delay,Low,Resolved,8.34,33.7,4.43
    TKT-0551,Jul,North Zone,Landline,Installation Delay,High,SLA Breached,11.27,59.13,3.7
    TKT-0552,Sep,North Zone,Mobile,No Signal,Medium,In Progress,8.51,19.7,4.31
    TKT-0553,May,Central Zone,TV,Slow Internet,Medium,SLA Breached,9.17,20.97,4.24
    TKT-0554,Mar,Central Zone,TV,Installation Delay,Medium,Resolved,16.81,42.13,3.47
    TKT-0555,Oct,West Zone,Landline,Dropped Calls,Low,In Progress,13.16,36.92,4.03
    TKT-0556,Jul,West Zone,Landline,Dropped Calls,Medium,Escalated,17.08,38.3,3.23
    TKT-0557,Aug,West Zone,Broadband,Dropped Calls,Medium,SLA Breached,7.9,20.43,4.7
    TKT-0558,Jul,South Zone,TV,Dropped Calls,High,Resolved,15.91,50.13,3.11
    TKT-0559,Apr,East Zone,Broadband,Installation Delay,High,SLA Breached,9.45,64.99,2.94
    TKT-0560,Apr,South Zone,Mobile,Installation Delay,High,In Progress,5.52,35.12,4.04
    TKT-0561,Jul,South Zone,Broadband,No Signal,Medium,In Progress,8.9,63.2,3.6
    TKT-0562,Jul,East Zone,TV,Service Outage,Medium,SLA Breached,15.09,66.39,2.96
    TKT-0563,Sep,West Zone,Mobile,Installation Delay,High,SLA Breached,14.85,51.61,3.32
    TKT-0564,Apr,East Zone,Mobile,Service Outage,Low,SLA Breached,16.43,51.78,4.2
    TKT-0565,Mar,Central Zone,Landline,Installation Delay,Low,SLA Breached,11.7,52.64,3.53
    TKT-0566,Jul,Central Zone,TV,No Signal,High,Escalated,13.34,62.32,2.66
    TKT-0567,Oct,South Zone,Landline,Slow Internet,High,Escalated,19.88,44.58,3.06
    TKT-0568,Feb,South Zone,Landline,Billing Error,Low,In Progress,9.32,23.98,4.35
    TKT-0569,Nov,Central Zone,TV,Billing Error,Low,In Progress,18.34,75.54,2.62
    TKT-0570,Jan,Central Zone,Landline,Slow Internet,Medium,In Progress,8.77,51.29,3.72
    TKT-0571,Jun,North Zone,Landline,Installation Delay,Low,Escalated,16.01,43.08,3.25
    TKT-0572,Aug,North Zone,Landline,Installation Delay,High,In Progress,6.22,29.15,4.21
    TKT-0573,Apr,West Zone,Mobile,Slow Internet,Low,SLA Breached,15.86,50.49,3.02
    TKT-0574,Feb,Central Zone,TV,Billing Error,High,SLA Breached,7.49,18.72,4.16
    TKT-0575,May,South Zone,Mobile,Service Outage,High,In Progress,6.91,56.92,3.44
    TKT-0576,Apr,North Zone,Landline,Slow Internet,High,SLA Breached,14.22,53.28,3.19
    TKT-0577,Jul,Central Zone,TV,No Signal,High,SLA Breached,9.89,26.28,4.24
    TKT-0578,Dec,North Zone,Broadband,Service Outage,High,Escalated,6.89,57.56,3.72
    TKT-0579,Jan,North Zone,Mobile,Billing Error,Medium,Resolved,6.55,36.65,3.8
    TKT-0580,Nov,North Zone,Broadband,No Signal,High,SLA Breached,8.82,19.46,4.02
    TKT-0581,Jul,Central Zone,TV,Billing Error,Low,Resolved,12.72,26.97,4.56
    TKT-0582,May,West Zone,TV,Slow Internet,Low,Resolved,9.72,24.55,3.84
    TKT-0583,Nov,East Zone,Broadband,Service Outage,Medium,SLA Breached,19.93,59.07,3.19
    TKT-0584,Jan,North Zone,Mobile,Dropped Calls,Medium,SLA Breached,9.73,26.39,3.77
    TKT-0585,Mar,West Zone,TV,Dropped Calls,Low,SLA Breached,15.4,60.43,3.06
    TKT-0586,Jun,East Zone,Mobile,No Signal,High,Escalated,7.8,19.08,4.18
    TKT-0587,Jun,West Zone,Landline,Dropped Calls,High,In Progress,8.49,29.79,3.71
    TKT-0588,Mar,South Zone,TV,No Signal,High,SLA Breached,16.57,59.17,2.38
    TKT-0589,Jul,East Zone,Landline,Service Outage,Low,In Progress,9.43,66.06,3.95
    TKT-0590,Jun,West Zone,Mobile,Slow Internet,Medium,SLA Breached,18.47,68.97,2.87
    TKT-0591,Nov,West Zone,Mobile,No Signal,Low,Resolved,19.95,64.97,3.13
    TKT-0592,Mar,Central Zone,Broadband,Service Outage,High,SLA Breached,18.86,77.62,2.41
    TKT-0593,Jun,North Zone,Landline,Service Outage,Low,SLA Breached,16.34,49.05,3.16
    TKT-0594,Jul,Central Zone,TV,Installation Delay,Low,Escalated,10.18,60.97,3.52
    TKT-0595,Mar,North Zone,Landline,Service Outage,Medium,Escalated,14.87,74.76,3.63
    TKT-0596,Aug,North Zone,TV,Service Outage,Medium,Escalated,14.9,47.0,3.68
    TKT-0597,Apr,South Zone,Mobile,Slow Internet,Medium,Escalated,14.73,72.46,3.08
    TKT-0598,Jul,Central Zone,Mobile,Service Outage,Low,SLA Breached,9.46,27.59,4.43
    TKT-0599,Dec,South Zone,Landline,Slow Internet,Low,In Progress,5.88,43.5,3.68
    TKT-0600,Mar,Central Zone,Landline,No Signal,Medium,SLA Breached,6.19,44.48,3.87
    TKT-0601,Sep,South Zone,Landline,Billing Error,High,SLA Breached,13.38,66.88,2.8
    TKT-0602,Jul,South Zone,Landline,Slow Internet,Medium,In Progress,9.73,59.3,3.99
    TKT-0603,Dec,West Zone,Mobile,Installation Delay,High,Escalated,19.11,35.33,3.29
    TKT-0604,Aug,East Zone,Broadband,Installation Delay,Low,In Progress,19.04,62.65,3.25
    TKT-0605,Jan,South Zone,Broadband,Billing Error,Medium,In Progress,5.33,64.46,3.86
    TKT-0606,Feb,West Zone,TV,Dropped Calls,Medium,In Progress,13.99,69.11,3.27
    TKT-0607,Dec,Central Zone,Mobile,Slow Internet,Low,Escalated,17.31,68.63,3.52
    TKT-0608,Aug,South Zone,Landline,Service Outage,Medium,Resolved,11.68,22.41,3.72
    TKT-0609,Nov,West Zone,Landline,Billing Error,Low,Escalated,12.18,23.23,3.87
    TKT-0610,May,South Zone,Broadband,No Signal,Medium,Escalated,15.0,29.01,3.64
    TKT-0611,Nov,East Zone,TV,Installation Delay,High,Escalated,13.97,43.23,3.68
    TKT-0612,Oct,West Zone,TV,Billing Error,Low,Resolved,5.39,43.05,3.84
    TKT-0613,Mar,North Zone,Landline,Service Outage,High,Resolved,5.73,20.63,3.74
    TKT-0614,Jan,South Zone,TV,Service Outage,High,Resolved,19.05,78.25,2.56
    TKT-0615,Dec,South Zone,Mobile,Service Outage,High,SLA Breached,10.37,69.85,3.22
    TKT-0616,Feb,Central Zone,TV,Service Outage,Medium,Escalated,5.06,48.58,3.9
    TKT-0617,Mar,East Zone,Landline,Slow Internet,High,SLA Breached,7.66,22.58,4.21
    TKT-0618,Aug,Central Zone,Broadband,Dropped Calls,High,SLA Breached,7.69,57.57,3.5
    TKT-0619,Feb,South Zone,TV,Dropped Calls,Medium,Escalated,18.84,32.48,3.79
    TKT-0620,Nov,East Zone,TV,Dropped Calls,Medium,In Progress,19.42,65.93,3.32
    TKT-0621,Aug,North Zone,Broadband,No Signal,Low,Escalated,14.18,25.01,3.71
    TKT-0622,Dec,West Zone,Landline,No Signal,High,Escalated,12.83,26.23,4.08
    TKT-0623,Jan,Central Zone,Mobile,No Signal,Medium,Escalated,11.24,48.67,3.48
    TKT-0624,Jun,West Zone,Landline,No Signal,High,In Progress,5.17,51.68,4.63
    TKT-0625,Jun,Central Zone,Mobile,Dropped Calls,High,Resolved,8.12,35.89,4.06
    TKT-0626,Jul,Central Zone,TV,Installation Delay,Low,Escalated,7.42,41.01,3.33
    TKT-0627,Jul,East Zone,Broadband,Billing Error,Medium,SLA Breached,16.13,27.39,3.38
    TKT-0628,Apr,East Zone,Mobile,No Signal,High,Resolved,13.51,63.32,3.46
    TKT-0629,Oct,Central Zone,Broadband,Slow Internet,Low,SLA Breached,8.92,39.87,3.79
    TKT-0630,Sep,South Zone,Mobile,Slow Internet,Medium,Escalated,9.28,56.01,2.85
    TKT-0631,Nov,South Zone,Landline,No Signal,Low,Resolved,12.07,26.64,3.7
    TKT-0632,Aug,Central Zone,TV,Service Outage,High,SLA Breached,9.13,43.86,3.18
    TKT-0633,Nov,South Zone,Broadband,Installation Delay,High,Escalated,17.13,57.71,3.49
    TKT-0634,Oct,East Zone,Broadband,Installation Delay,Low,In Progress,9.6,47.36,3.99
    TKT-0635,Jun,Central Zone,Mobile,Service Outage,High,SLA Breached,7.66,53.81,3.5
    TKT-0636,Feb,West Zone,Landline,Billing Error,High,Resolved,14.07,43.44,3.29
    TKT-0637,Aug,North Zone,Broadband,Slow Internet,Medium,SLA Breached,8.99,35.63,3.43
    TKT-0638,May,West Zone,TV,Installation Delay,Low,In Progress,17.24,28.19,3.52
    TKT-0639,Oct,Central Zone,TV,Slow Internet,Low,SLA Breached,9.8,22.66,4.25
    TKT-0640,May,South Zone,Landline,Slow Internet,Low,In Progress,15.21,71.79,3.45
    TKT-0641,Jul,Central Zone,TV,Dropped Calls,Medium,In Progress,16.73,65.02,3.38
    TKT-0642,Feb,North Zone,Broadband,Installation Delay,Low,SLA Breached,8.1,43.32,3.96
    TKT-0643,Oct,East Zone,Mobile,No Signal,Medium,SLA Breached,16.18,37.79,4.02
    TKT-0644,Aug,North Zone,Landline,Slow Internet,Low,Escalated,17.69,36.83,3.69
    TKT-0645,Jun,West Zone,TV,Service Outage,Low,Resolved,5.94,40.25,4.12
    TKT-0646,Dec,West Zone,TV,Installation Delay,High,Escalated,18.89,72.46,2.98
    TKT-0647,Oct,South Zone,Landline,Slow Internet,Medium,SLA Breached,6.46,59.13,3.81
    TKT-0648,Aug,East Zone,Mobile,No Signal,Medium,In Progress,5.96,24.82,4.33
    TKT-0649,Mar,South Zone,Landline,Dropped Calls,Medium,SLA Breached,8.53,65.71,3.6
    TKT-0650,Jun,East Zone,TV,Slow Internet,High,Resolved,13.97,28.07,3.63
    TKT-0651,Jun,West Zone,TV,No Signal,Low,In Progress,9.61,62.59,3.31
    TKT-0652,Jan,South Zone,TV,Billing Error,High,Resolved,9.62,43.48,3.5
    TKT-0653,May,East Zone,Landline,Service Outage,Low,SLA Breached,12.03,57.31,3.68
    TKT-0654,Feb,South Zone,Mobile,Service Outage,Medium,Escalated,6.06,33.55,4.26
    TKT-0655,Feb,West Zone,TV,No Signal,Medium,Escalated,17.95,34.56,3.51
    TKT-0656,Apr,North Zone,Broadband,Slow Internet,Medium,In Progress,8.83,45.21,3.7
    TKT-0657,Feb,South Zone,Mobile,Dropped Calls,Low,Escalated,6.83,37.62,4.08
    TKT-0658,Feb,North Zone,Broadband,Service Outage,High,SLA Breached,12.95,46.35,3.77
    TKT-0659,May,East Zone,Broadband,Installation Delay,Medium,SLA Breached,11.28,44.18,3.44
    TKT-0660,May,South Zone,Mobile,Service Outage,High,Escalated,17.68,40.66,3.69
    TKT-0661,Mar,North Zone,Broadband,Slow Internet,High,In Progress,8.29,18.3,4.49
    TKT-0662,Jun,East Zone,Mobile,Slow Internet,Medium,Escalated,18.93,50.46,3.06
    TKT-0663,Aug,West Zone,Landline,Dropped Calls,Medium,Escalated,10.62,51.69,3.78
    TKT-0664,Apr,West Zone,Mobile,Service Outage,Medium,Escalated,16.25,39.98,3.42
    TKT-0665,Jan,Central Zone,Landline,Installation Delay,Medium,Resolved,16.09,60.42,3.13
    TKT-0666,Feb,East Zone,Mobile,Installation Delay,Medium,In Progress,5.57,55.97,3.74
    TKT-0667,Feb,South Zone,TV,Service Outage,Medium,In Progress,13.08,72.69,3.43
    TKT-0668,Nov,West Zone,Mobile,No Signal,Low,In Progress,10.06,61.44,3.08
    TKT-0669,Jun,North Zone,Mobile,Slow Internet,High,SLA Breached,13.06,32.31,4.01
    TKT-0670,Dec,East Zone,Mobile,Service Outage,High,In Progress,19.66,70.05,2.88
    TKT-0671,Mar,North Zone,Mobile,Installation Delay,High,Escalated,10.09,55.53,3.3
    TKT-0672,Aug,East Zone,Landline,No Signal,High,SLA Breached,5.31,53.35,3.71
    TKT-0673,Jan,West Zone,Broadband,Dropped Calls,Medium,Resolved,7.58,41.41,4.12
    TKT-0674,Nov,Central Zone,Mobile,Installation Delay,High,SLA Breached,19.02,74.48,2.68
    TKT-0675,Sep,East Zone,TV,Billing Error,High,Escalated,12.56,66.48,2.62
    TKT-0676,Feb,South Zone,Mobile,Dropped Calls,High,Resolved,17.45,60.19,3.5
    TKT-0677,Sep,West Zone,Broadband,Service Outage,Low,Resolved,11.02,60.68,3.62
    TKT-0678,Jul,South Zone,Broadband,Billing Error,Low,In Progress,16.02,61.0,3.35
    TKT-0679,Jul,East Zone,Broadband,Dropped Calls,High,In Progress,16.45,31.88,3.66
    TKT-0680,Oct,East Zone,TV,No Signal,Low,Resolved,7.19,64.09,3.52
    TKT-0681,Jul,East Zone,Mobile,Installation Delay,Low,Escalated,17.3,55.39,3.05
    TKT-0682,Oct,South Zone,Mobile,Service Outage,High,In Progress,8.63,39.93,3.84
    TKT-0683,Mar,South Zone,TV,Billing Error,High,SLA Breached,10.44,61.64,3.5
    TKT-0684,Feb,South Zone,Mobile,Billing Error,Medium,Escalated,11.2,31.17,4.35
    TKT-0685,Dec,South Zone,Broadband,No Signal,Medium,Resolved,14.15,36.19,3.91
    TKT-0686,Aug,North Zone,Broadband,Dropped Calls,High,In Progress,10.96,33.24,3.96
    TKT-0687,Aug,North Zone,Landline,Slow Internet,High,Resolved,13.56,52.64,3.74
    TKT-0688,Feb,Central Zone,Landline,Installation Delay,High,Resolved,7.93,26.24,3.93
    TKT-0689,May,Central Zone,Mobile,Slow Internet,High,In Progress,16.4,43.34,3.17
    TKT-0690,Sep,Central Zone,TV,No Signal,Low,SLA Breached,8.4,55.6,3.58
    TKT-0691,Apr,South Zone,Broadband,Installation Delay,Medium,In Progress,19.42,51.66,3.83
    TKT-0692,Oct,East Zone,Broadband,Billing Error,High,SLA Breached,17.18,44.27,3.45
    TKT-0693,Nov,North Zone,TV,Installation Delay,Low,SLA Breached,16.91,73.96,2.5
    TKT-0694,Aug,Central Zone,Mobile,Service Outage,High,Resolved,5.3,18.43,4.21
    TKT-0695,Oct,Central Zone,TV,Billing Error,Medium,SLA Breached,12.2,55.29,3.57
    TKT-0696,Jul,North Zone,Mobile,Slow Internet,High,SLA Breached,8.24,66.6,3.55
    TKT-0697,Oct,East Zone,Mobile,Service Outage,Medium,Resolved,18.47,54.72,3.47
    TKT-0698,Feb,West Zone,Mobile,Dropped Calls,Medium,In Progress,19.66,41.78,3.07
    TKT-0699,Jul,North Zone,Mobile,Billing Error,Medium,SLA Breached,17.85,74.79,2.29
    TKT-0700,Apr,East Zone,Mobile,Billing Error,High,In Progress,6.03,60.9,3.71
    TKT-0701,Jun,South Zone,Landline,Billing Error,Low,In Progress,13.96,43.64,3.23
    TKT-0702,Jun,West Zone,TV,Dropped Calls,Low,Resolved,16.65,69.03,3.04
    TKT-0703,Nov,East Zone,Mobile,Dropped Calls,Low,Resolved,13.03,54.8,3.61
    TKT-0704,May,Central Zone,Broadband,No Signal,Medium,SLA Breached,18.93,65.87,3.14
    TKT-0705,Jul,South Zone,Landline,Service Outage,Low,In Progress,12.98,64.06,3.24
    TKT-0706,Mar,North Zone,Landline,Billing Error,Medium,Resolved,15.61,61.2,3.25
    TKT-0707,Sep,West Zone,Mobile,Dropped Calls,Low,In Progress,6.82,52.88,3.94
    TKT-0708,Nov,North Zone,TV,Billing Error,High,In Progress,12.93,39.65,4.0
    TKT-0709,May,West Zone,Mobile,Dropped Calls,High,In Progress,11.54,54.46,4.02
    TKT-0710,May,West Zone,Mobile,Service Outage,Low,SLA Breached,18.84,53.96,3.3
    TKT-0711,Jan,South Zone,Mobile,Service Outage,Medium,Resolved,12.12,38.94,3.25
    TKT-0712,Aug,East Zone,Mobile,Dropped Calls,Medium,Resolved,9.22,42.1,3.73
    TKT-0713,Jan,East Zone,Mobile,Billing Error,High,SLA Breached,17.56,39.55,3.46
    TKT-0714,Apr,South Zone,Landline,Installation Delay,Medium,Resolved,6.79,18.61,4.77
    TKT-0715,Apr,Central Zone,TV,Slow Internet,High,In Progress,8.94,40.03,3.9
    TKT-0716,Feb,Central Zone,Mobile,Installation Delay,Medium,In Progress,9.73,25.06,4.26
    TKT-0717,Dec,Central Zone,Mobile,Billing Error,High,Escalated,18.03,56.26,3.71
    TKT-0718,Sep,West Zone,Mobile,No Signal,Medium,Resolved,9.35,29.42,4.0
    TKT-0719,Nov,North Zone,Landline,Installation Delay,High,Resolved,12.28,67.92,2.98
    TKT-0720,Mar,Central Zone,TV,Installation Delay,Low,In Progress,12.72,27.7,3.24
    TKT-0721,Nov,West Zone,Landline,Installation Delay,High,Resolved,14.05,28.04,3.69
    TKT-0722,Aug,West Zone,Landline,Service Outage,High,SLA Breached,7.41,44.28,3.83
    TKT-0723,Nov,South Zone,Landline,Dropped Calls,High,Resolved,9.74,61.99,2.86
    TKT-0724,Dec,East Zone,TV,Billing Error,High,In Progress,12.11,33.4,3.92
    TKT-0725,Oct,Central Zone,Broadband,Dropped Calls,High,SLA Breached,8.79,40.93,4.0
    TKT-0726,Nov,Central Zone,TV,Billing Error,Low,Resolved,9.77,20.21,4.03
    TKT-0727,Oct,Central Zone,Landline,Slow Internet,High,SLA Breached,11.05,52.78,3.84
    TKT-0728,Feb,South Zone,Broadband,Installation Delay,High,SLA Breached,17.2,32.16,3.52
    TKT-0729,Jun,West Zone,Broadband,Slow Internet,Low,SLA Breached,14.41,70.59,3.33
    TKT-0730,Mar,East Zone,Mobile,Billing Error,Medium,SLA Breached,18.78,31.13,3.86
    TKT-0731,Apr,North Zone,TV,Billing Error,Medium,SLA Breached,14.43,56.45,3.2
    TKT-0732,Sep,South Zone,Broadband,Service Outage,High,Resolved,7.0,29.13,3.97
    TKT-0733,Dec,South Zone,Landline,Billing Error,High,In Progress,12.11,30.51,4.23
    TKT-0734,Nov,East Zone,Mobile,Installation Delay,Medium,Escalated,5.25,32.2,4.71
    TKT-0735,Jul,West Zone,Broadband,No Signal,High,SLA Breached,12.57,22.94,3.67
    TKT-0736,Aug,East Zone,TV,Installation Delay,Low,SLA Breached,12.0,39.99,3.35
    TKT-0737,Sep,Central Zone,TV,No Signal,Medium,SLA Breached,12.13,59.98,3.16
    TKT-0738,Feb,West Zone,Broadband,Billing Error,Low,Resolved,11.26,65.15,3.23
    TKT-0739,Oct,Central Zone,Landline,Billing Error,High,Resolved,9.36,42.83,3.95
    TKT-0740,Feb,West Zone,Landline,Billing Error,Low,Resolved,8.02,18.5,4.05
    TKT-0741,May,West Zone,TV,Installation Delay,Medium,Resolved,5.11,37.95,4.23
    TKT-0742,Oct,South Zone,Mobile,Service Outage,Low,SLA Breached,15.58,51.66,3.4
    TKT-0743,Jan,West Zone,Broadband,Service Outage,High,In Progress,5.59,16.68,4.59
    TKT-0744,Apr,Central Zone,Landline,Service Outage,Low,Escalated,9.35,47.45,3.63
    TKT-0745,Aug,North Zone,Mobile,Dropped Calls,Low,Resolved,19.8,42.34,3.04
    TKT-0746,Jul,South Zone,TV,Dropped Calls,Low,SLA Breached,19.43,54.88,3.11
    TKT-0747,Apr,North Zone,Landline,Dropped Calls,High,In Progress,9.86,67.47,3.22
    TKT-0748,Mar,South Zone,Broadband,No Signal,High,SLA Breached,7.32,39.3,3.72
    TKT-0749,Jun,Central Zone,TV,Billing Error,High,In Progress,9.55,67.88,3.44
    TKT-0750,Jan,North Zone,Broadband,Dropped Calls,Medium,Escalated,19.23,33.8,3.35
    TKT-0751,Oct,South Zone,TV,Billing Error,High,Resolved,5.36,42.07,3.7
    TKT-0752,May,South Zone,Broadband,Service Outage,Low,Escalated,13.0,43.28,3.38
    TKT-0753,Apr,North Zone,Broadband,Service Outage,High,Resolved,9.07,24.26,4.3
    TKT-0754,Mar,West Zone,Mobile,Slow Internet,Medium,SLA Breached,17.26,27.94,3.75
    TKT-0755,Jan,West Zone,Broadband,Billing Error,High,Escalated,13.65,40.75,3.82
    TKT-0756,Jan,Central Zone,Broadband,Installation Delay,Low,Escalated,5.14,47.55,3.74
    TKT-0757,Dec,South Zone,Landline,Service Outage,Low,SLA Breached,17.95,34.92,3.2
    TKT-0758,Jun,South Zone,TV,Billing Error,Medium,SLA Breached,11.87,41.59,3.65
    TKT-0759,Nov,North Zone,Mobile,No Signal,Low,In Progress,8.71,36.11,4.53
    TKT-0760,Nov,West Zone,Broadband,Service Outage,Low,SLA Breached,17.33,34.28,3.74
    TKT-0761,Jul,North Zone,TV,Billing Error,Medium,Resolved,15.67,26.01,3.76
    TKT-0762,Feb,South Zone,TV,Service Outage,Medium,Resolved,8.62,52.68,3.21
    TKT-0763,Mar,West Zone,TV,Installation Delay,Medium,In Progress,13.94,60.92,3.14
    TKT-0764,Jun,South Zone,Broadband,Installation Delay,Low,Escalated,7.01,64.68,3.7
    TKT-0765,Mar,Central Zone,Landline,Dropped Calls,High,Escalated,8.81,62.69,3.44
    TKT-0766,Apr,East Zone,Broadband,Installation Delay,High,Escalated,12.64,29.61,4.02
    TKT-0767,Jun,West Zone,Landline,No Signal,Low,Escalated,11.67,36.83,4.07
    TKT-0768,Aug,West Zone,Broadband,Dropped Calls,Medium,In Progress,5.19,47.41,3.54
    TKT-0769,Apr,North Zone,TV,Slow Internet,High,In Progress,5.15,35.61,3.78
    TKT-0770,Oct,East Zone,TV,No Signal,Low,SLA Breached,11.69,58.04,3.77
    TKT-0771,Apr,Central Zone,Broadband,Slow Internet,High,Resolved,14.15,69.9,2.99
    TKT-0772,Mar,East Zone,Landline,Dropped Calls,Medium,Escalated,15.83,34.54,3.83
    TKT-0773,Oct,South Zone,Landline,Installation Delay,Low,SLA Breached,5.41,37.87,3.98
    TKT-0774,Apr,North Zone,Mobile,Installation Delay,High,SLA Breached,7.0,63.39,3.65
    TKT-0775,Nov,Central Zone,TV,No Signal,Medium,In Progress,9.53,64.52,3.74
    TKT-0776,Jan,Central Zone,Landline,Dropped Calls,High,SLA Breached,8.98,59.32,2.96
    TKT-0777,May,South Zone,Mobile,Service Outage,High,Resolved,11.53,36.16,4.15
    TKT-0778,Dec,South Zone,TV,Slow Internet,Medium,In Progress,7.18,61.04,3.58
    TKT-0779,Sep,East Zone,Broadband,Billing Error,High,Escalated,17.42,58.72,3.27
    TKT-0780,Jun,Central Zone,TV,Billing Error,Medium,Resolved,17.52,63.04,3.26
    TKT-0781,Mar,North Zone,Landline,Dropped Calls,Medium,Resolved,7.56,39.4,3.53
    TKT-0782,Apr,East Zone,Broadband,Service Outage,Medium,Escalated,15.88,67.7,3.13
    TKT-0783,Jun,South Zone,TV,Billing Error,Low,Escalated,14.69,57.06,3.21
    TKT-0784,Jul,North Zone,Broadband,No Signal,Medium,SLA Breached,5.6,33.71,4.42
    TKT-0785,Feb,West Zone,Broadband,Installation Delay,High,Resolved,11.4,44.85,3.62
    TKT-0786,Dec,West Zone,Mobile,Dropped Calls,High,Escalated,19.59,47.59,3.04
    TKT-0787,Oct,Central Zone,Mobile,Installation Delay,High,Resolved,14.93,60.7,3.51
    TKT-0788,Nov,North Zone,Landline,Dropped Calls,Low,SLA Breached,15.74,74.38,3.31
    TKT-0789,Jul,East Zone,Broadband,Installation Delay,Medium,Escalated,17.32,39.55,3.12
    TKT-0790,Nov,North Zone,Broadband,Service Outage,High,SLA Breached,18.67,69.7,2.99
    TKT-0791,Aug,West Zone,Landline,Installation Delay,Medium,Escalated,14.48,50.83,2.91
    TKT-0792,Oct,Central Zone,Mobile,Billing Error,High,In Progress,11.02,68.41,3.07
    TKT-0793,Sep,Central Zone,Landline,Service Outage,Medium,Escalated,17.29,43.63,3.08
    TKT-0794,Aug,Central Zone,Mobile,Dropped Calls,Low,Resolved,14.38,53.42,3.9
    TKT-0795,Jul,Central Zone,Broadband,Installation Delay,Low,In Progress,10.29,26.6,3.93
    TKT-0796,May,East Zone,Broadband,Installation Delay,Medium,SLA Breached,10.15,36.58,4.12
    TKT-0797,Jun,Central Zone,Mobile,Service Outage,High,In Progress,6.06,49.08,3.71
    TKT-0798,Apr,West Zone,Broadband,Slow Internet,High,Escalated,19.37,31.04,3.21
    TKT-0799,Sep,East Zone,Mobile,No Signal,Medium,SLA Breached,12.42,68.16,3.38
    TKT-0800,Mar,West Zone,Landline,No Signal,High,Escalated,8.49,26.33,4.25
    TKT-0801,Sep,South Zone,TV,Slow Internet,Low,In Progress,9.64,42.04,3.75
    TKT-0802,Feb,South Zone,TV,Slow Internet,Medium,In Progress,13.47,36.09,3.74
    TKT-0803,Mar,West Zone,TV,Slow Internet,Medium,Resolved,6.55,49.38,3.86
    TKT-0804,Apr,West Zone,Broadband,Slow Internet,Low,SLA Breached,17.27,44.05,3.26
    TKT-0805,Jul,North Zone,Landline,Installation Delay,Low,Resolved,6.61,37.78,3.53
    TKT-0806,May,Central Zone,Landline,Billing Error,High,In Progress,10.31,53.1,3.7
    TKT-0807,Jun,South Zone,Broadband,Billing Error,Low,Escalated,8.99,20.94,3.91
    TKT-0808,Mar,North Zone,TV,Service Outage,High,Resolved,7.75,18.09,4.34
    TKT-0809,Nov,North Zone,TV,Installation Delay,Low,In Progress,8.65,58.58,3.53
    TKT-0810,May,South Zone,Landline,Billing Error,High,Escalated,8.27,22.19,4.31
    TKT-0811,May,North Zone,Mobile,Installation Delay,Medium,Escalated,7.62,61.36,3.86
    TKT-0812,Apr,South Zone,Broadband,Service Outage,High,Resolved,14.5,60.55,3.01
    TKT-0813,Jun,South Zone,Broadband,Dropped Calls,Medium,In Progress,7.19,58.34,3.46
    TKT-0814,Mar,South Zone,Mobile,Installation Delay,Medium,Resolved,13.69,69.32,3.53
    TKT-0815,Apr,South Zone,Landline,Slow Internet,High,In Progress,6.15,36.84,4.41
    TKT-0816,Aug,West Zone,Mobile,Billing Error,High,In Progress,19.83,47.05,3.0
    TKT-0817,Oct,North Zone,Mobile,No Signal,Medium,In Progress,9.08,59.88,3.77
    TKT-0818,Oct,South Zone,Mobile,No Signal,Medium,SLA Breached,11.24,29.57,4.01
    TKT-0819,Dec,East Zone,TV,Slow Internet,Medium,Resolved,7.15,50.05,3.55
    TKT-0820,Feb,Central Zone,Mobile,Dropped Calls,Medium,In Progress,15.63,62.22,2.97
    TKT-0821,Nov,North Zone,Mobile,Dropped Calls,Medium,Escalated,6.92,46.03,3.6
    TKT-0822,Jun,East Zone,Landline,Installation Delay,High,In Progress,17.2,62.95,2.98
    TKT-0823,Nov,South Zone,Mobile,Installation Delay,High,SLA Breached,6.4,17.23,4.5
    TKT-0824,Feb,East Zone,TV,Dropped Calls,Medium,SLA Breached,18.23,76.18,2.67
    TKT-0825,Mar,West Zone,Landline,Slow Internet,Low,Resolved,10.15,21.1,4.04
    TKT-0826,Oct,East Zone,Mobile,No Signal,Medium,In Progress,16.26,63.58,3.09
    TKT-0827,Jan,East Zone,Broadband,No Signal,High,Escalated,19.73,48.88,3.35
    TKT-0828,Oct,West Zone,Broadband,Dropped Calls,High,In Progress,13.96,60.91,3.61
    TKT-0829,Dec,North Zone,TV,Slow Internet,Low,In Progress,8.06,49.4,4.38
    TKT-0830,Jun,South Zone,Broadband,Service Outage,Medium,In Progress,11.77,57.7,4.3
    TKT-0831,Nov,North Zone,Landline,Billing Error,Medium,Resolved,11.96,34.25,3.91
    TKT-0832,Jun,South Zone,TV,Billing Error,Low,In Progress,13.14,29.61,3.66
    TKT-0833,Jul,South Zone,Broadband,Dropped Calls,High,Resolved,7.72,32.84,4.08
    TKT-0834,Sep,Central Zone,Mobile,No Signal,Medium,In Progress,6.88,35.98,4.25
    TKT-0835,Oct,East Zone,Mobile,Slow Internet,Low,Escalated,11.45,36.77,3.87
    TKT-0836,Jan,East Zone,Landline,Dropped Calls,Medium,SLA Breached,6.18,32.73,4.7
    TKT-0837,Aug,East Zone,Mobile,Billing Error,Low,Escalated,17.01,69.29,3.12
    TKT-0838,Oct,North Zone,TV,Installation Delay,High,SLA Breached,15.54,40.51,3.51
    TKT-0839,Aug,South Zone,Mobile,No Signal,Medium,Resolved,7.39,56.89,3.83
    TKT-0840,Mar,South Zone,Mobile,Slow Internet,Medium,Escalated,7.01,22.8,4.23
    TKT-0841,Nov,South Zone,TV,Service Outage,Low,SLA Breached,5.56,19.59,4.03
    TKT-0842,Oct,West Zone,TV,Billing Error,Low,SLA Breached,8.26,45.36,3.5
    TKT-0843,Jul,Central Zone,Broadband,Dropped Calls,Low,Resolved,5.75,23.25,3.61
    TKT-0844,May,East Zone,Landline,Billing Error,Low,Escalated,7.15,17.85,3.99
    TKT-0845,Sep,East Zone,TV,Installation Delay,Low,Resolved,17.34,28.0,4.28
    TKT-0846,Jun,West Zone,Mobile,Slow Internet,Medium,Resolved,16.48,50.74,2.7
    TKT-0847,Sep,East Zone,Broadband,Slow Internet,Low,Resolved,18.09,58.75,3.35
    TKT-0848,Jun,Central Zone,Broadband,Service Outage,Low,SLA Breached,19.68,54.77,3.09
    TKT-0849,Aug,North Zone,Landline,Installation Delay,Medium,SLA Breached,11.27,63.93,3.44
    TKT-0850,Dec,North Zone,Landline,Installation Delay,Low,SLA Breached,14.24,72.28,3.21
    TKT-0851,Feb,West Zone,Broadband,Dropped Calls,Medium,SLA Breached,15.7,69.38,3.36
    TKT-0852,Mar,South Zone,Mobile,Dropped Calls,Low,Resolved,6.59,41.9,3.9
    TKT-0853,Sep,Central Zone,Broadband,Slow Internet,Low,Resolved,10.38,46.84,3.3
    TKT-0854,Aug,Central Zone,Mobile,Service Outage,Medium,Resolved,17.48,47.66,3.22
    TKT-0855,Jan,Central Zone,Mobile,Slow Internet,Low,Escalated,18.63,58.86,2.31
    TKT-0856,Oct,South Zone,Landline,Dropped Calls,Low,Escalated,16.68,35.21,3.2
    TKT-0857,Jan,East Zone,Mobile,Service Outage,Low,Resolved,15.09,41.53,3.8
    TKT-0858,Jun,East Zone,Landline,Slow Internet,Medium,Resolved,15.64,26.7,3.95
    TKT-0859,Mar,West Zone,Mobile,Slow Internet,Low,Resolved,19.18,75.03,3.11
    TKT-0860,Sep,South Zone,Mobile,Service Outage,Low,In Progress,11.43,30.88,3.2
    TKT-0861,Oct,North Zone,Mobile,Billing Error,Medium,SLA Breached,6.86,46.02,4.15
    TKT-0862,Apr,South Zone,Mobile,Installation Delay,High,In Progress,12.4,45.08,3.28
    TKT-0863,Aug,West Zone,Mobile,Installation Delay,Medium,Escalated,8.03,23.53,3.88
    TKT-0864,Jan,West Zone,Mobile,No Signal,Low,Escalated,15.0,35.04,3.78
    TKT-0865,Feb,East Zone,Mobile,Billing Error,Medium,SLA Breached,6.53,37.05,4.0
    TKT-0866,Oct,East Zone,TV,Billing Error,Medium,Escalated,16.11,32.01,3.48
    TKT-0867,Feb,South Zone,Mobile,Service Outage,Medium,Escalated,19.9,38.64,3.65
    TKT-0868,Jul,West Zone,TV,Slow Internet,High,In Progress,15.85,32.65,3.51
    TKT-0869,Jun,Central Zone,Landline,Billing Error,Medium,Escalated,10.58,33.31,4.69
    TKT-0870,Mar,East Zone,Broadband,Dropped Calls,Medium,In Progress,5.79,47.08,4.02
    TKT-0871,Jan,East Zone,TV,Installation Delay,Medium,In Progress,5.15,59.27,4.31
    TKT-0872,Jul,Central Zone,Broadband,Service Outage,Medium,SLA Breached,8.62,19.4,4.01
    TKT-0873,Jun,East Zone,Landline,Service Outage,Low,In Progress,6.39,21.44,4.31
    TKT-0874,Oct,East Zone,Landline,Dropped Calls,Medium,SLA Breached,12.26,38.04,3.46
    TKT-0875,Dec,South Zone,Mobile,Dropped Calls,High,SLA Breached,8.65,65.23,3.57
    TKT-0876,Aug,South Zone,Broadband,Dropped Calls,Medium,Escalated,15.61,35.13,3.79
    TKT-0877,Jul,West Zone,TV,Service Outage,High,In Progress,19.34,32.86,3.47
    TKT-0878,Jun,West Zone,Broadband,No Signal,Low,Escalated,10.68,62.84,4.09
    TKT-0879,Dec,East Zone,Landline,No Signal,Low,Escalated,14.99,35.77,3.44
    TKT-0880,Sep,East Zone,Mobile,Slow Internet,High,In Progress,5.16,19.73,4.68
    TKT-0881,Sep,East Zone,TV,No Signal,Medium,Escalated,10.83,22.69,4.01
    TKT-0882,Jan,South Zone,TV,Service Outage,Medium,Escalated,7.86,40.96,3.75
    TKT-0883,Feb,West Zone,Mobile,Service Outage,Low,Escalated,9.55,51.46,3.49
    TKT-0884,Feb,Central Zone,Broadband,Installation Delay,Medium,SLA Breached,14.79,37.57,3.7
    TKT-0885,Dec,North Zone,TV,Service Outage,Low,SLA Breached,17.06,52.5,3.32
    TKT-0886,Aug,Central Zone,Broadband,Service Outage,High,In Progress,11.78,28.92,4.11
    TKT-0887,Mar,South Zone,TV,Dropped Calls,Medium,SLA Breached,15.48,40.17,3.19
    TKT-0888,Feb,East Zone,Landline,No Signal,Low,Resolved,7.45,45.73,3.56
    TKT-0889,May,East Zone,Landline,Installation Delay,Low,SLA Breached,17.73,72.16,2.38
    TKT-0890,Sep,North Zone,Landline,Slow Internet,High,Resolved,13.66,56.05,3.42
    TKT-0891,Oct,East Zone,Broadband,Dropped Calls,High,SLA Breached,10.39,24.46,4.34
    TKT-0892,Sep,North Zone,Broadband,Slow Internet,Low,In Progress,13.07,48.51,4.26
    TKT-0893,Oct,North Zone,Landline,Service Outage,High,In Progress,14.97,30.23,3.41
    TKT-0894,Jul,West Zone,Landline,Service Outage,High,Escalated,15.47,38.88,3.15
    TKT-0895,Nov,West Zone,TV,No Signal,Low,Escalated,18.81,77.23,3.4
    TKT-0896,Jul,West Zone,Broadband,Billing Error,High,In Progress,12.05,44.82,3.04
    TKT-0897,Dec,West Zone,TV,Slow Internet,Medium,SLA Breached,14.23,33.86,3.24
    TKT-0898,Sep,Central Zone,TV,Dropped Calls,High,Escalated,19.22,31.9,3.22
    TKT-0899,Jun,Central Zone,Broadband,Billing Error,Low,Resolved,14.68,69.28,3.09
    TKT-0900,Jul,Central Zone,TV,Installation Delay,Medium,In Progress,14.73,61.09,2.72
    TKT-0901,Jan,North Zone,Mobile,Billing Error,Medium,In Progress,17.74,49.92,3.32
    TKT-0902,Nov,Central Zone,Mobile,Billing Error,High,SLA Breached,18.33,44.78,3.09
    TKT-0903,Jun,Central Zone,Broadband,Slow Internet,Medium,Escalated,10.28,63.11,3.82
    TKT-0904,Oct,West Zone,Landline,Slow Internet,Low,In Progress,16.96,40.43,3.61
    TKT-0905,Dec,East Zone,Landline,No Signal,Medium,In Progress,13.8,28.95,4.04
    TKT-0906,Sep,South Zone,Landline,Service Outage,Low,Escalated,8.78,43.32,3.4
    TKT-0907,May,West Zone,Mobile,No Signal,High,Escalated,6.72,23.03,4.8
    TKT-0908,Aug,East Zone,Landline,No Signal,Medium,Escalated,7.16,67.13,3.46
    TKT-0909,Jun,North Zone,TV,No Signal,Medium,SLA Breached,17.62,77.46,3.37
    TKT-0910,Aug,North Zone,Broadband,No Signal,Low,In Progress,15.28,74.37,3.21
    TKT-0911,Dec,North Zone,TV,Installation Delay,Low,SLA Breached,15.53,68.13,3.48
    TKT-0912,Jan,West Zone,TV,Installation Delay,Low,In Progress,16.95,54.3,3.48
    TKT-0913,Feb,West Zone,Broadband,Slow Internet,Medium,SLA Breached,6.9,46.52,3.18
    TKT-0914,Mar,South Zone,Landline,No Signal,Low,SLA Breached,15.72,55.91,3.38
    TKT-0915,Oct,North Zone,Broadband,Billing Error,High,Resolved,18.37,48.94,3.24
    TKT-0916,Jul,North Zone,TV,Installation Delay,Low,Resolved,6.27,56.65,4.09
    TKT-0917,Apr,West Zone,Broadband,Dropped Calls,Low,Escalated,15.25,27.87,3.62
    TKT-0918,Jul,East Zone,TV,Dropped Calls,Medium,Resolved,16.21,36.68,3.45
    TKT-0919,Sep,East Zone,Mobile,Billing Error,Low,Resolved,16.89,36.24,3.24
    TKT-0920,Feb,North Zone,Mobile,No Signal,Medium,Resolved,8.31,64.57,3.63
    TKT-0921,Mar,East Zone,Broadband,No Signal,Low,In Progress,14.1,33.52,3.75
    TKT-0922,Sep,North Zone,TV,Slow Internet,Low,In Progress,7.17,39.27,4.51
    TKT-0923,Jan,North Zone,Broadband,Dropped Calls,High,SLA Breached,8.88,20.17,4.09
    TKT-0924,Apr,Central Zone,Mobile,Dropped Calls,High,In Progress,14.12,44.29,4.08
    TKT-0925,Jun,Central Zone,Landline,Billing Error,Medium,SLA Breached,6.75,49.55,3.47
    TKT-0926,Jul,West Zone,Broadband,Service Outage,High,Resolved,19.62,70.9,3.07
    TKT-0927,Aug,West Zone,Broadband,Billing Error,Low,Resolved,14.93,70.56,3.08
    TKT-0928,Jun,North Zone,TV,Dropped Calls,High,Resolved,7.87,57.4,3.33
    TKT-0929,Aug,East Zone,TV,No Signal,Low,Resolved,16.23,39.85,3.62
    TKT-0930,Nov,North Zone,Landline,Slow Internet,High,Resolved,19.17,39.78,3.53
    TKT-0931,Sep,North Zone,Mobile,Installation Delay,Medium,Escalated,17.28,72.26,3.12
    TKT-0932,Nov,South Zone,Broadband,Dropped Calls,High,In Progress,15.09,51.61,3.21
    TKT-0933,Sep,North Zone,Broadband,Installation Delay,Low,SLA Breached,6.7,37.02,3.17
    TKT-0934,Dec,West Zone,Mobile,Billing Error,Medium,Escalated,10.18,57.34,3.86
    TKT-0935,Jul,East Zone,Landline,Billing Error,Low,Resolved,18.95,76.34,2.8
    TKT-0936,Jul,Central Zone,Broadband,Installation Delay,Medium,In Progress,8.4,48.5,4.0
    TKT-0937,Jun,East Zone,Landline,No Signal,Low,Resolved,18.48,73.29,2.61
    TKT-0938,Jul,South Zone,Mobile,Billing Error,High,SLA Breached,11.43,50.71,3.46
    TKT-0939,Nov,South Zone,TV,Service Outage,Medium,In Progress,15.94,53.93,2.96
    TKT-0940,May,West Zone,Broadband,Dropped Calls,Low,SLA Breached,16.17,33.77,3.78
    TKT-0941,Jan,West Zone,Broadband,No Signal,Low,Escalated,17.88,59.57,3.0
    TKT-0942,Jun,North Zone,Broadband,No Signal,Low,Escalated,9.64,54.35,4.1
    TKT-0943,Oct,South Zone,Landline,Dropped Calls,Low,Escalated,6.09,55.6,3.57
    TKT-0944,Oct,South Zone,TV,Slow Internet,High,In Progress,10.74,35.97,4.19
    TKT-0945,Aug,West Zone,TV,Slow Internet,Medium,In Progress,17.77,67.69,3.25
    TKT-0946,Dec,Central Zone,Landline,Slow Internet,High,SLA Breached,15.63,66.82,3.35
    TKT-0947,Nov,North Zone,Mobile,No Signal,Medium,Escalated,8.46,33.02,4.11
    TKT-0948,Jan,South Zone,Mobile,Service Outage,High,Resolved,19.42,69.78,2.5
    TKT-0949,Apr,West Zone,Mobile,No Signal,High,In Progress,10.17,28.22,3.82
    TKT-0950,Feb,Central Zone,TV,Installation Delay,High,In Progress,6.7,45.21,3.88
    TKT-0951,Sep,Central Zone,Mobile,Slow Internet,Medium,Resolved,11.51,58.89,3.43
    TKT-0952,Jul,West Zone,Broadband,No Signal,High,In Progress,13.58,73.54,3.4
    TKT-0953,Dec,Central Zone,Broadband,Slow Internet,Low,SLA Breached,7.46,31.72,4.2
    TKT-0954,May,West Zone,Landline,Service Outage,Medium,SLA Breached,11.45,35.81,3.6
    TKT-0955,Oct,Central Zone,Broadband,Installation Delay,Medium,In Progress,7.07,38.38,3.36
    TKT-0956,Dec,Central Zone,Landline,Installation Delay,Low,Resolved,19.12,72.21,2.5
    TKT-0957,Jan,South Zone,TV,Dropped Calls,Medium,In Progress,6.87,22.2,4.62
    TKT-0958,Dec,Central Zone,TV,Slow Internet,High,In Progress,5.86,21.39,4.09
    TKT-0959,Oct,East Zone,Broadband,No Signal,Low,Resolved,16.09,47.41,3.78
    TKT-0960,May,North Zone,TV,Billing Error,High,In Progress,6.96,28.74,4.51
    TKT-0961,Jun,South Zone,Broadband,No Signal,High,In Progress,12.23,48.25,3.4
    TKT-0962,Feb,South Zone,Landline,Billing Error,High,Resolved,9.35,62.0,3.67
    TKT-0963,May,West Zone,Landline,Installation Delay,Medium,Resolved,7.35,35.68,4.36
    TKT-0964,Apr,West Zone,Broadband,Installation Delay,High,In Progress,6.82,21.09,4.19
    TKT-0965,Sep,East Zone,TV,Installation Delay,Low,SLA Breached,12.61,42.67,3.72
    TKT-0966,Jul,North Zone,TV,Dropped Calls,Low,Resolved,6.61,42.02,3.63
    TKT-0967,Sep,East Zone,Landline,Installation Delay,Medium,Resolved,19.37,33.26,4.04
    TKT-0968,Sep,South Zone,Mobile,Slow Internet,High,Escalated,11.41,58.05,3.37
    TKT-0969,Jun,South Zone,Landline,No Signal,High,SLA Breached,7.89,27.45,4.38
    TKT-0970,Sep,North Zone,Broadband,Installation Delay,Low,SLA Breached,11.98,69.14,2.99
    TKT-0971,Nov,West Zone,Broadband,Slow Internet,Low,In Progress,14.89,50.42,3.04
    TKT-0972,Feb,North Zone,Mobile,Installation Delay,Medium,In Progress,9.8,40.89,3.85
    TKT-0973,Mar,West Zone,Landline,No Signal,Low,SLA Breached,5.79,27.34,4.13
    TKT-0974,May,West Zone,Broadband,No Signal,Low,Resolved,9.38,28.02,3.96
    TKT-0975,Aug,West Zone,TV,Billing Error,Medium,Escalated,17.18,70.48,2.88
    TKT-0976,Dec,West Zone,TV,Dropped Calls,High,Resolved,10.73,34.82,3.97
    TKT-0977,Oct,South Zone,Broadband,Billing Error,Medium,Escalated,5.8,38.08,4.05
    TKT-0978,Feb,South Zone,Mobile,Service Outage,High,In Progress,13.89,50.77,3.64
    TKT-0979,Apr,North Zone,Broadband,Service Outage,Medium,Resolved,15.66,74.33,3.18
    TKT-0980,Nov,West Zone,TV,Dropped Calls,Medium,SLA Breached,11.2,35.84,3.62
    TKT-0981,Nov,North Zone,TV,Service Outage,High,In Progress,19.31,61.42,3.22
    TKT-0982,Jan,Central Zone,Mobile,Billing Error,Medium,In Progress,13.66,55.79,3.5
    TKT-0983,Sep,West Zone,TV,Dropped Calls,Low,In Progress,17.42,65.98,2.81
    TKT-0984,Sep,South Zone,Broadband,Dropped Calls,Low,Resolved,12.06,29.93,3.88
    TKT-0985,Apr,Central Zone,TV,Slow Internet,Medium,Escalated,6.25,62.68,3.1
    TKT-0986,Mar,South Zone,Broadband,Slow Internet,Low,Resolved,7.8,59.36,3.36
    TKT-0987,Jul,East Zone,Broadband,Dropped Calls,Low,Escalated,17.54,32.6,3.92
    TKT-0988,Sep,South Zone,Broadband,Installation Delay,Medium,Escalated,12.56,65.84,3.03
    TKT-0989,Sep,Central Zone,Landline,No Signal,Low,SLA Breached,16.21,53.74,3.16
    TKT-0990,Nov,West Zone,Mobile,Billing Error,High,SLA Breached,7.28,50.62,3.4
    TKT-0991,Oct,West Zone,Landline,Service Outage,High,Resolved,11.69,63.5,3.47
    TKT-0992,May,West Zone,Broadband,Billing Error,High,Resolved,12.59,23.49,4.48
    TKT-0993,Feb,North Zone,TV,Billing Error,High,In Progress,8.08,42.43,3.87
    TKT-0994,Mar,East Zone,TV,Slow Internet,Medium,In Progress,6.8,56.93,3.4
    TKT-0995,Jan,South Zone,Mobile,Slow Internet,Low,In Progress,9.26,41.09,4.09
    TKT-0996,Mar,South Zone,Mobile,No Signal,Medium,Escalated,12.83,23.5,3.34
    TKT-0997,Jul,West Zone,Mobile,Dropped Calls,Medium,Resolved,7.74,46.44,3.59
    TKT-0998,Jan,West Zone,TV,Dropped Calls,Medium,SLA Breached,5.49,45.0,3.36
    TKT-0999,Nov,East Zone,Mobile,Installation Delay,High,Escalated,6.36,62.52,3.87
    TKT-1000,Dec,South Zone,TV,Dropped Calls,Medium,Resolved,5.65,27.48,4.14
    TKT-1001,Jan,West Zone,Broadband,Service Outage,Low,In Progress,7.87,33.51,3.42
    TKT-1002,Oct,Central Zone,TV,Billing Error,Medium,Resolved,18.77,49.17,3.3
    TKT-1003,May,West Zone,Broadband,Billing Error,Low,Resolved,5.16,50.21,3.82
    TKT-1004,Aug,West Zone,Mobile,No Signal,Medium,In Progress,12.23,25.75,4.07
    TKT-1005,Jan,North Zone,Mobile,Installation Delay,Low,In Progress,9.24,42.28,4.12
    TKT-1006,Jun,South Zone,TV,Slow Internet,High,Resolved,19.76,66.57,2.76
    TKT-1007,Oct,East Zone,TV,Slow Internet,High,SLA Breached,13.57,25.89,3.45
    TKT-1008,Jun,Central Zone,Broadband,Slow Internet,Low,Resolved,8.59,32.62,3.6
    TKT-1009,Feb,East Zone,TV,Service Outage,Low,In Progress,9.72,48.77,3.88
    TKT-1010,Dec,Central Zone,TV,No Signal,High,SLA Breached,5.78,58.77,3.26
    TKT-1011,Jun,West Zone,Mobile,Dropped Calls,High,Escalated,18.3,47.22,3.42
    TKT-1012,Oct,Central Zone,Landline,Service Outage,Medium,SLA Breached,10.97,37.21,3.76
    TKT-1013,Apr,West Zone,Broadband,Dropped Calls,Low,Resolved,12.28,46.18,4.01
    TKT-1014,Sep,North Zone,Mobile,Installation Delay,Low,Escalated,12.3,47.55,3.63
    TKT-1015,Jul,East Zone,TV,Billing Error,High,Resolved,16.49,73.11,3.0
    TKT-1016,Oct,South Zone,Mobile,Service Outage,High,Resolved,9.4,43.93,3.65
    TKT-1017,Jul,East Zone,TV,Billing Error,Medium,Escalated,11.84,30.38,3.88
    TKT-1018,Jun,North Zone,Landline,No Signal,Low,Resolved,15.72,72.61,3.53
    TKT-1019,Nov,North Zone,TV,Service Outage,High,Escalated,13.11,71.51,2.97
    TKT-1020,Oct,West Zone,Broadband,Service Outage,Medium,Escalated,5.14,37.26,4.25
    TKT-1021,Dec,South Zone,Broadband,No Signal,Low,SLA Breached,12.1,52.76,3.4
    TKT-1022,Feb,West Zone,Mobile,No Signal,High,In Progress,5.84,39.85,3.79
    TKT-1023,Oct,North Zone,Landline,Billing Error,High,Resolved,18.72,41.98,3.45
    TKT-1024,Jan,West Zone,Landline,Installation Delay,High,Resolved,16.79,43.08,3.25
    TKT-1025,Jan,Central Zone,Mobile,Service Outage,High,Escalated,5.73,38.13,3.8
    TKT-1026,Oct,West Zone,Landline,Installation Delay,Low,In Progress,11.45,65.2,3.38
    TKT-1027,May,West Zone,Broadband,Slow Internet,High,Escalated,14.89,27.41,3.41
    TKT-1028,Sep,North Zone,Landline,Slow Internet,Low,SLA Breached,17.64,63.76,3.02
    TKT-1029,Jun,North Zone,Broadband,Slow Internet,High,SLA Breached,13.82,68.61,3.55
    TKT-1030,Feb,South Zone,Broadband,Slow Internet,Medium,SLA Breached,10.6,54.1,3.18
    TKT-1031,Dec,West Zone,Mobile,No Signal,Low,Resolved,12.2,42.32,3.74
    TKT-1032,Jan,East Zone,TV,Billing Error,Medium,SLA Breached,19.84,31.8,3.83
    TKT-1033,Feb,North Zone,Landline,Slow Internet,Medium,SLA Breached,12.98,47.1,3.68
    TKT-1034,Nov,South Zone,Broadband,Installation Delay,Low,Escalated,6.47,45.28,3.87
    TKT-1035,Sep,East Zone,Broadband,No Signal,High,Resolved,10.28,31.98,3.82
    TKT-1036,Apr,West Zone,Mobile,Service Outage,Low,Escalated,11.37,27.78,3.34
    TKT-1037,Mar,North Zone,Mobile,Service Outage,High,Escalated,16.66,54.49,3.19
    TKT-1038,Jan,Central Zone,Mobile,Service Outage,Low,In Progress,8.51,31.99,4.2
    TKT-1039,Dec,West Zone,TV,Dropped Calls,Medium,Resolved,15.98,33.69,3.63
    TKT-1040,Nov,South Zone,Mobile,Billing Error,Low,In Progress,14.06,30.11,3.45
    TKT-1041,Jul,East Zone,Mobile,Billing Error,High,Escalated,15.25,59.44,2.79
    TKT-1042,Jul,South Zone,Mobile,Installation Delay,Low,Escalated,6.42,65.21,3.59
    TKT-1043,Jan,Central Zone,Landline,Service Outage,Medium,Escalated,13.4,60.35,3.4
    TKT-1044,Oct,East Zone,Broadband,Slow Internet,Medium,Resolved,15.36,53.98,3.27
    TKT-1045,Jun,Central Zone,TV,Billing Error,Low,SLA Breached,12.44,39.08,4.31
    TKT-1046,Jan,Central Zone,TV,Dropped Calls,Medium,Escalated,9.57,28.66,4.31
    TKT-1047,Dec,South Zone,Landline,Dropped Calls,Medium,SLA Breached,11.24,44.7,3.93
    TKT-1048,Mar,South Zone,TV,Installation Delay,Low,In Progress,8.24,27.41,4.21
    TKT-1049,Oct,East Zone,Landline,Slow Internet,Low,Escalated,8.16,29.54,4.3
    TKT-1050,Oct,South Zone,Landline,Slow Internet,Medium,In Progress,14.67,41.65,3.69
    TKT-1051,Mar,Central Zone,Broadband,Billing Error,High,Resolved,6.74,43.56,4.43
    TKT-1052,Aug,East Zone,Broadband,Dropped Calls,Low,Escalated,14.12,44.36,3.69
    TKT-1053,Jun,East Zone,Mobile,Slow Internet,Medium,In Progress,14.16,26.17,3.82
    TKT-1054,Jun,North Zone,Landline,No Signal,Medium,Escalated,10.01,60.91,3.21
    TKT-1055,Jun,North Zone,Landline,Service Outage,High,Resolved,17.81,34.82,3.59
    TKT-1056,Nov,South Zone,Landline,Installation Delay,High,SLA Breached,6.22,52.04,3.82
    TKT-1057,Jan,South Zone,Broadband,Dropped Calls,Low,Resolved,17.11,32.58,4.1
    TKT-1058,Dec,South Zone,Landline,Dropped Calls,Low,Resolved,17.75,38.39,3.78
    TKT-1059,Aug,West Zone,Landline,Installation Delay,High,Resolved,9.14,58.76,3.35
    TKT-1060,Jul,South Zone,Broadband,Slow Internet,High,Resolved,5.34,20.98,4.71
    TKT-1061,Jul,South Zone,Mobile,Billing Error,Medium,SLA Breached,16.23,65.43,2.74
    TKT-1062,Oct,East Zone,Landline,Installation Delay,Medium,Resolved,14.19,53.46,3.68
    TKT-1063,Aug,North Zone,Broadband,Installation Delay,Low,SLA Breached,6.27,22.23,4.32
    TKT-1064,May,West Zone,Landline,Installation Delay,High,Resolved,9.39,63.13,3.94
    TKT-1065,Mar,West Zone,Mobile,Slow Internet,Medium,Resolved,5.7,54.68,3.59
    TKT-1066,Mar,East Zone,Mobile,Installation Delay,High,Escalated,8.83,52.61,3.84
    TKT-1067,Nov,Central Zone,Landline,Service Outage,Medium,SLA Breached,16.03,59.22,3.11
    TKT-1068,Jul,Central Zone,Landline,No Signal,High,In Progress,16.0,30.7,3.87
    TKT-1069,Apr,West Zone,Landline,Service Outage,High,In Progress,9.47,40.07,3.17
    TKT-1070,Jan,East Zone,Broadband,Service Outage,High,Resolved,6.8,43.53,4.0
    TKT-1071,Sep,Central Zone,Landline,Installation Delay,High,Escalated,14.13,46.35,3.49
    TKT-1072,Aug,East Zone,Mobile,Slow Internet,Medium,Resolved,9.57,28.37,4.01
    TKT-1073,Feb,Central Zone,TV,Slow Internet,Low,In Progress,17.61,69.99,2.83
    TKT-1074,Sep,East Zone,Broadband,Slow Internet,Medium,In Progress,8.68,41.1,3.79
    TKT-1075,Dec,North Zone,Broadband,No Signal,High,Resolved,17.92,56.21,3.02
    TKT-1076,Sep,South Zone,Landline,Billing Error,High,Resolved,11.09,26.72,4.26
    TKT-1077,Nov,West Zone,Broadband,Slow Internet,Medium,In Progress,19.75,63.12,2.99
    TKT-1078,Jul,East Zone,Mobile,Installation Delay,High,Resolved,9.99,41.9,3.89
    TKT-1079,May,Central Zone,Mobile,Slow Internet,Low,In Progress,8.0,33.98,4.25
    TKT-1080,May,East Zone,Mobile,No Signal,High,SLA Breached,16.29,63.96,3.07
    TKT-1081,Apr,Central Zone,Broadband,Dropped Calls,High,Escalated,17.75,64.06,3.19
    TKT-1082,Sep,North Zone,TV,Dropped Calls,Medium,In Progress,18.06,45.18,3.09
    TKT-1083,Aug,East Zone,Mobile,Billing Error,Medium,In Progress,16.24,74.47,2.93
    TKT-1084,Mar,East Zone,Broadband,Service Outage,Low,In Progress,16.21,41.8,3.28
    TKT-1085,Jun,North Zone,Broadband,Installation Delay,High,Escalated,8.85,48.5,3.69
    TKT-1086,Mar,Central Zone,Mobile,Billing Error,High,SLA Breached,15.67,30.67,3.57
    TKT-1087,Nov,West Zone,TV,Billing Error,Low,Escalated,5.1,39.08,4.3
    TKT-1088,Jun,South Zone,Landline,Dropped Calls,Low,Escalated,15.43,32.54,4.25
    TKT-1089,Mar,South Zone,Landline,No Signal,High,SLA Breached,6.64,44.99,3.41
    TKT-1090,Mar,East Zone,Landline,Service Outage,Low,SLA Breached,10.78,37.86,4.02
    TKT-1091,Jun,Central Zone,Broadband,Installation Delay,Low,Escalated,14.98,28.91,4.11
    TKT-1092,Oct,East Zone,Landline,Installation Delay,High,In Progress,7.57,54.65,3.61
    TKT-1093,Feb,South Zone,Broadband,Billing Error,High,SLA Breached,15.32,31.73,4.17
    TKT-1094,Jun,North Zone,Broadband,Installation Delay,Medium,In Progress,7.95,48.64,3.93
    TKT-1095,Aug,Central Zone,TV,No Signal,High,Resolved,19.74,56.13,2.92
    TKT-1096,Jul,Central Zone,Mobile,Slow Internet,High,SLA Breached,18.86,40.35,3.25
    TKT-1097,Oct,East Zone,Broadband,Service Outage,Low,Resolved,12.77,45.55,4.24
    TKT-1098,Jun,Central Zone,Broadband,Dropped Calls,High,Escalated,13.23,34.2,3.81
    TKT-1099,Apr,South Zone,TV,No Signal,High,Escalated,7.2,59.99,3.94
    TKT-1100,Jan,Central Zone,Broadband,Installation Delay,High,Escalated,6.73,22.08,4.12
    TKT-1101,Dec,West Zone,Mobile,Installation Delay,Low,Escalated,8.59,39.35,4.03
    TKT-1102,Sep,Central Zone,TV,Billing Error,Medium,Resolved,14.8,28.32,3.07
    TKT-1103,Feb,North Zone,Mobile,Installation Delay,Medium,Resolved,17.82,74.3,2.95
    TKT-1104,Apr,North Zone,Landline,Billing Error,Medium,Escalated,8.09,61.92,3.95
    TKT-1105,Jan,East Zone,Broadband,Service Outage,Medium,SLA Breached,10.75,64.2,3.91
    TKT-1106,Mar,East Zone,Mobile,Dropped Calls,Low,In Progress,12.41,28.33,3.32
    TKT-1107,Apr,North Zone,Mobile,Installation Delay,High,Escalated,16.85,41.64,4.28
    TKT-1108,Jul,Central Zone,Landline,Slow Internet,Low,Escalated,11.14,35.63,3.89
    TKT-1109,Oct,Central Zone,Landline,Billing Error,High,In Progress,10.62,29.77,3.89
    TKT-1110,Sep,South Zone,Landline,No Signal,Low,Resolved,9.93,50.47,3.67
    TKT-1111,Feb,West Zone,Mobile,Billing Error,High,SLA Breached,11.24,58.57,3.45
    TKT-1112,Mar,Central Zone,Mobile,No Signal,Low,Escalated,19.17,53.26,3.43
    TKT-1113,Jan,North Zone,TV,No Signal,High,In Progress,12.25,67.08,3.28
    TKT-1114,May,West Zone,TV,Installation Delay,High,Escalated,16.73,64.68,3.02
    TKT-1115,Dec,North Zone,TV,Dropped Calls,High,Escalated,10.92,45.53,3.76
    TKT-1116,Mar,North Zone,TV,Slow Internet,High,SLA Breached,16.53,48.87,3.07
    TKT-1117,Nov,Central Zone,Landline,Service Outage,High,Escalated,15.68,34.6,3.44
    TKT-1118,Nov,Central Zone,TV,Slow Internet,Medium,SLA Breached,16.54,56.38,3.37
    TKT-1119,Aug,North Zone,TV,No Signal,Low,Resolved,13.78,41.75,4.28
    TKT-1120,Oct,North Zone,Broadband,Slow Internet,High,Resolved,18.57,77.01,2.91
    TKT-1121,Dec,South Zone,TV,No Signal,High,In Progress,19.25,32.41,3.68
    TKT-1122,Mar,South Zone,TV,Billing Error,Low,In Progress,8.66,56.83,3.58
    TKT-1123,Apr,Central Zone,Landline,Billing Error,Low,SLA Breached,18.47,34.9,3.3
    TKT-1124,May,East Zone,Mobile,No Signal,High,In Progress,5.28,17.07,4.41
    TKT-1125,Jul,Central Zone,Broadband,Slow Internet,High,Resolved,5.28,28.81,4.12
    TKT-1126,Mar,East Zone,TV,Billing Error,Medium,Resolved,16.76,49.42,2.97
    TKT-1127,Jun,Central Zone,TV,Slow Internet,Medium,In Progress,18.7,59.13,2.92
    TKT-1128,Mar,East Zone,Landline,Slow Internet,Medium,SLA Breached,16.03,41.2,3.49
    TKT-1129,Nov,Central Zone,Broadband,Installation Delay,High,Escalated,10.46,58.29,3.25
    TKT-1130,Nov,South Zone,Broadband,Service Outage,High,Resolved,10.98,47.09,3.99
    TKT-1131,Jul,South Zone,Mobile,Service Outage,Medium,SLA Breached,18.41,53.3,3.07
    TKT-1132,Sep,West Zone,TV,Service Outage,Medium,Resolved,5.16,53.99,3.71
    TKT-1133,Jul,East Zone,Landline,Billing Error,Medium,Escalated,8.68,24.14,4.2
    TKT-1134,Feb,South Zone,TV,Billing Error,Low,Resolved,11.85,68.96,3.23
    TKT-1135,Oct,East Zone,Landline,Slow Internet,Medium,Resolved,15.61,27.17,3.81
    TKT-1136,Dec,Central Zone,Landline,Slow Internet,Low,In Progress,7.75,49.89,3.83
    TKT-1137,Jun,West Zone,TV,Billing Error,Medium,Escalated,7.55,65.83,3.53
    TKT-1138,Jan,North Zone,Landline,Installation Delay,Low,In Progress,6.95,52.72,3.88
    TKT-1139,Feb,Central Zone,TV,Slow Internet,Medium,In Progress,14.14,53.4,3.48
    TKT-1140,Jul,East Zone,Broadband,Billing Error,High,In Progress,6.58,50.73,4.52
    TKT-1141,Mar,North Zone,TV,Service Outage,Medium,SLA Breached,18.26,71.39,2.27
    TKT-1142,Jun,South Zone,TV,Dropped Calls,Low,SLA Breached,11.14,58.55,3.88
    TKT-1143,Jan,West Zone,TV,Installation Delay,Medium,SLA Breached,10.83,23.2,3.94
    TKT-1144,Mar,North Zone,Mobile,Billing Error,Medium,In Progress,16.56,51.54,2.93
    TKT-1145,Jun,East Zone,Mobile,Slow Internet,Medium,In Progress,9.97,56.99,3.27
    TKT-1146,Jun,North Zone,Landline,Installation Delay,Low,Resolved,15.19,74.44,3.16
    TKT-1147,Apr,North Zone,TV,Service Outage,High,Escalated,19.0,72.37,2.62
    TKT-1148,Feb,Central Zone,Mobile,Dropped Calls,Medium,Resolved,9.66,50.45,3.89
    TKT-1149,Jun,East Zone,Mobile,Installation Delay,High,In Progress,11.04,22.85,3.53
    TKT-1150,Jun,East Zone,Landline,No Signal,Low,Escalated,8.78,45.49,3.67
    TKT-1151,Apr,East Zone,Landline,No Signal,Low,In Progress,18.05,34.36,3.3
    TKT-1152,Mar,South Zone,Broadband,Slow Internet,High,Resolved,10.64,38.8,3.28
    TKT-1153,Jul,East Zone,Mobile,No Signal,High,Escalated,14.29,56.83,3.53
    TKT-1154,Jul,West Zone,Broadband,Service Outage,High,SLA Breached,7.97,24.68,4.41
    TKT-1155,Aug,North Zone,TV,Slow Internet,Low,Escalated,8.36,35.38,3.99
    TKT-1156,Jan,Central Zone,Broadband,Installation Delay,Medium,Escalated,18.1,47.85,3.22
    TKT-1157,May,South Zone,Mobile,Installation Delay,High,In Progress,9.75,53.62,3.43
    TKT-1158,Nov,East Zone,TV,Slow Internet,Medium,Resolved,10.66,53.86,4.07
    TKT-1159,Jan,North Zone,TV,Slow Internet,Medium,Escalated,7.36,26.06,4.82
    TKT-1160,Apr,South Zone,Landline,No Signal,Medium,Escalated,9.43,56.1,3.3
    TKT-1161,Oct,Central Zone,Mobile,Installation Delay,Low,Resolved,18.47,45.96,3.93
    TKT-1162,Nov,East Zone,Mobile,Billing Error,Low,SLA Breached,11.78,61.63,3.16
    TKT-1163,May,East Zone,Mobile,Dropped Calls,Medium,SLA Breached,5.74,16.01,4.09
    TKT-1164,Feb,Central Zone,Mobile,Service Outage,Low,Resolved,10.4,53.79,3.96
    TKT-1165,Mar,East Zone,Landline,Billing Error,Medium,In Progress,8.06,30.42,4.16
    TKT-1166,Aug,Central Zone,Landline,Service Outage,Low,Escalated,16.38,27.48,3.78
    TKT-1167,Dec,East Zone,TV,Installation Delay,Low,SLA Breached,10.48,51.05,3.94
    TKT-1168,Nov,Central Zone,Mobile,Dropped Calls,High,SLA Breached,16.13,51.62,2.95
    TKT-1169,Jan,North Zone,Broadband,Slow Internet,Medium,Resolved,8.39,19.65,4.0
    TKT-1170,Mar,East Zone,Broadband,Billing Error,High,In Progress,15.08,69.96,2.9
    TKT-1171,May,South Zone,Landline,Installation Delay,High,Resolved,16.57,68.64,2.57
    TKT-1172,Feb,South Zone,Broadband,Dropped Calls,Low,In Progress,8.89,54.32,3.27
    TKT-1173,May,West Zone,Broadband,Billing Error,Medium,In Progress,19.9,67.82,2.72
    TKT-1174,Nov,South Zone,Mobile,Dropped Calls,Medium,In Progress,19.19,75.68,2.4
    TKT-1175,Mar,North Zone,TV,Installation Delay,Low,Escalated,6.58,25.81,4.07
    TKT-1176,May,Central Zone,TV,Dropped Calls,High,SLA Breached,18.55,34.1,4.11
    TKT-1177,Jun,Central Zone,Mobile,Dropped Calls,High,In Progress,16.79,49.91,3.34
    TKT-1178,Feb,Central Zone,Broadband,Installation Delay,Low,SLA Breached,13.32,32.31,3.58
    TKT-1179,Jul,South Zone,Broadband,Slow Internet,Low,SLA Breached,17.17,28.81,3.02
    TKT-1180,Nov,West Zone,Broadband,Installation Delay,High,SLA Breached,17.5,44.9,3.52
    TKT-1181,Sep,Central Zone,Broadband,Service Outage,Low,Resolved,20.0,72.17,2.36
    TKT-1182,Dec,North Zone,Landline,Slow Internet,Medium,Escalated,6.7,24.52,3.99
    TKT-1183,Apr,North Zone,TV,Installation Delay,Low,In Progress,10.82,29.36,3.85
    TKT-1184,Aug,East Zone,Mobile,Dropped Calls,High,SLA Breached,14.94,67.57,3.56
    TKT-1185,Dec,West Zone,Landline,Dropped Calls,High,SLA Breached,6.35,46.65,3.63
    TKT-1186,Nov,West Zone,Mobile,No Signal,High,SLA Breached,17.11,45.46,3.18
    TKT-1187,Jun,South Zone,TV,Dropped Calls,High,In Progress,10.35,61.97,3.52
    TKT-1188,Feb,West Zone,Mobile,No Signal,High,SLA Breached,19.71,47.22,2.89
    TKT-1189,Jul,East Zone,Landline,Installation Delay,Low,SLA Breached,9.77,28.07,4.25
    TKT-1190,Apr,West Zone,Landline,Installation Delay,Low,In Progress,6.96,32.42,3.7
    TKT-1191,Mar,East Zone,Broadband,Dropped Calls,High,Resolved,7.99,47.38,3.93
    TKT-1192,Nov,West Zone,TV,Service Outage,Low,Resolved,5.8,42.95,4.01
    TKT-1193,Oct,Central Zone,Landline,Service Outage,High,In Progress,19.77,45.26,3.5
    TKT-1194,Aug,North Zone,TV,No Signal,Low,Resolved,19.17,36.25,3.72
    TKT-1195,Sep,South Zone,TV,Slow Internet,High,Escalated,15.28,63.22,2.53
    TKT-1196,May,Central Zone,TV,No Signal,Low,SLA Breached,19.46,34.24,3.3
    TKT-1197,Dec,South Zone,Landline,Billing Error,High,SLA Breached,18.1,63.35,2.97
    TKT-1198,May,Central Zone,Mobile,Dropped Calls,High,SLA Breached,18.92,75.53,2.99
    TKT-1199,Nov,West Zone,Broadband,Dropped Calls,High,In Progress,19.01,33.33,3.47
    TKT-1200,May,Central Zone,Mobile,No Signal,High,SLA Breached,10.0,41.33,3.79
    TKT-1201,Jan,North Zone,Broadband,No Signal,Low,Escalated,14.13,70.48,2.74
    TKT-1202,Jun,Central Zone,Broadband,Dropped Calls,Medium,SLA Breached,9.32,28.6,3.73
    TKT-1203,Feb,East Zone,Landline,Installation Delay,Low,Resolved,7.23,37.93,4.52
    TKT-1204,May,Central Zone,TV,Billing Error,Medium,Escalated,7.35,38.67,4.02
    TKT-1205,Oct,South Zone,Landline,Slow Internet,Low,SLA Breached,10.88,51.98,4.02
    TKT-1206,May,North Zone,Mobile,Billing Error,High,In Progress,18.31,51.85,3.73
    TKT-1207,Dec,North Zone,Landline,Billing Error,High,In Progress,17.06,60.02,3.05
    TKT-1208,Apr,West Zone,Broadband,Billing Error,Low,Resolved,6.37,48.78,4.62
    TKT-1209,May,South Zone,Landline,Installation Delay,Low,SLA Breached,16.58,67.99,2.79
    TKT-1210,Nov,East Zone,TV,Dropped Calls,Medium,SLA Breached,18.5,50.91,3.13
    TKT-1211,Sep,West Zone,Landline,Slow Internet,Medium,In Progress,9.3,32.73,4.28
    TKT-1212,May,North Zone,Landline,Billing Error,Medium,In Progress,16.53,70.78,2.84
    TKT-1213,Jan,North Zone,TV,Installation Delay,High,Resolved,12.7,56.24,3.18
    TKT-1214,Nov,Central Zone,TV,No Signal,High,Resolved,10.22,46.25,3.78
    TKT-1215,Mar,South Zone,Broadband,Installation Delay,Low,In Progress,7.32,39.9,3.47
    TKT-1216,Sep,North Zone,Mobile,Billing Error,High,Escalated,9.94,41.12,4.06
    TKT-1217,Feb,South Zone,TV,Service Outage,Medium,SLA Breached,19.72,67.67,2.22
    TKT-1218,Jan,West Zone,TV,Billing Error,High,Escalated,17.73,28.75,3.58
    TKT-1219,Feb,Central Zone,Broadband,Billing Error,Medium,Escalated,11.46,44.82,3.56
    TKT-1220,Jun,Central Zone,Mobile,No Signal,Low,SLA Breached,17.01,49.86,3.4
    TKT-1221,Nov,South Zone,TV,Dropped Calls,High,SLA Breached,8.98,45.79,4.41
    TKT-1222,Jul,North Zone,Landline,Installation Delay,High,Escalated,16.52,74.56,3.46
    TKT-1223,Dec,South Zone,Mobile,Slow Internet,High,SLA Breached,13.06,33.24,4.38
    TKT-1224,Nov,Central Zone,Landline,No Signal,Medium,In Progress,5.2,23.79,4.79
    TKT-1225,Jul,South Zone,Mobile,No Signal,Medium,In Progress,12.69,49.99,2.76
    TKT-1226,Jan,West Zone,TV,Dropped Calls,Low,SLA Breached,19.98,79.34,2.68
    TKT-1227,Jan,South Zone,Landline,No Signal,Medium,In Progress,9.64,49.95,3.82
    TKT-1228,Jan,West Zone,Mobile,No Signal,Medium,In Progress,14.09,72.23,3.09
    TKT-1229,Dec,West Zone,Landline,No Signal,High,SLA Breached,10.25,51.63,3.44
    TKT-1230,Dec,Central Zone,Broadband,No Signal,Low,In Progress,6.02,52.2,3.47
    TKT-1231,Feb,West Zone,Landline,Installation Delay,Medium,SLA Breached,11.4,65.86,3.31
    TKT-1232,Dec,Central Zone,Landline,Slow Internet,High,SLA Breached,16.3,37.3,3.2
    TKT-1233,Jan,West Zone,Landline,Billing Error,Low,Resolved,14.99,35.68,3.92
    TKT-1234,Nov,South Zone,Landline,Billing Error,High,Escalated,12.21,44.61,3.09
    TKT-1235,Nov,Central Zone,Broadband,Billing Error,Low,Escalated,9.23,30.89,3.61
    TKT-1236,May,East Zone,Broadband,No Signal,Medium,SLA Breached,7.95,30.52,3.91
    TKT-1237,Dec,East Zone,Mobile,Installation Delay,Low,SLA Breached,10.78,57.76,3.03
    TKT-1238,May,West Zone,TV,Slow Internet,Medium,Escalated,17.06,66.66,3.2
    TKT-1239,May,North Zone,Broadband,Dropped Calls,Low,Escalated,12.36,24.21,3.42
    TKT-1240,Oct,Central Zone,Broadband,Service Outage,Medium,SLA Breached,10.27,60.87,3.38
    TKT-1241,Apr,South Zone,Broadband,Dropped Calls,High,Escalated,11.78,22.59,4.07
    TKT-1242,Mar,South Zone,Broadband,Slow Internet,Medium,In Progress,15.75,47.61,3.46
    TKT-1243,Aug,South Zone,Landline,Installation Delay,High,In Progress,12.15,60.33,3.43
    TKT-1244,Feb,West Zone,Mobile,Service Outage,High,Resolved,5.61,21.76,4.87
    TKT-1245,Jul,East Zone,Mobile,Service Outage,High,Resolved,15.64,54.95,3.0
    TKT-1246,Mar,Central Zone,Landline,Service Outage,Medium,SLA Breached,19.52,64.67,3.51
    TKT-1247,Jun,South Zone,Landline,No Signal,High,Resolved,10.87,33.98,4.19
    TKT-1248,Nov,South Zone,TV,Dropped Calls,Low,SLA Breached,12.55,51.76,4.04
    TKT-1249,May,North Zone,Broadband,Billing Error,High,In Progress,13.4,23.82,3.92
    TKT-1250,Sep,Central Zone,Mobile,Dropped Calls,High,In Progress,12.45,29.66,4.29
    TKT-1251,Aug,West Zone,Mobile,Service Outage,Low,Resolved,5.97,44.68,3.92
    TKT-1252,Oct,South Zone,Landline,Service Outage,Medium,SLA Breached,5.19,49.95,3.2
    TKT-1253,Aug,East Zone,Landline,Dropped Calls,High,Escalated,14.56,60.38,3.35
    TKT-1254,Jul,East Zone,Mobile,No Signal,Low,Escalated,16.9,72.65,3.0
    TKT-1255,Jan,Central Zone,Mobile,Slow Internet,High,Resolved,9.79,60.31,3.17
    TKT-1256,Dec,North Zone,TV,Billing Error,Medium,In Progress,7.62,60.06,3.34
    TKT-1257,Dec,West Zone,Broadband,Slow Internet,Medium,Resolved,6.13,63.3,3.42
    TKT-1258,Nov,West Zone,Landline,Installation Delay,Low,SLA Breached,14.4,56.3,3.41
    TKT-1259,Aug,West Zone,Broadband,Service Outage,Medium,In Progress,15.98,64.83,3.21
    TKT-1260,Aug,North Zone,Broadband,Dropped Calls,High,Resolved,13.56,49.91,3.37
    TKT-1261,Nov,Central Zone,Broadband,Slow Internet,Medium,Escalated,13.91,53.59,3.43
    TKT-1262,Apr,South Zone,Mobile,Service Outage,Medium,In Progress,16.95,30.09,3.58
    TKT-1263,Aug,North Zone,Mobile,Billing Error,Low,SLA Breached,10.85,64.03,3.45
    TKT-1264,Jul,East Zone,Mobile,Dropped Calls,Low,Resolved,8.69,47.54,3.64
    TKT-1265,Jul,South Zone,TV,Service Outage,High,Resolved,9.84,52.09,3.54
    TKT-1266,Jul,West Zone,TV,No Signal,High,Escalated,5.17,43.01,3.71
    TKT-1267,Jan,Central Zone,Broadband,Service Outage,Medium,Escalated,13.24,57.16,3.85
    TKT-1268,Apr,North Zone,Broadband,Billing Error,Medium,Resolved,14.66,41.3,3.11
    TKT-1269,Nov,North Zone,Broadband,Installation Delay,Low,Escalated,5.17,50.0,3.74
    TKT-1270,Feb,Central Zone,Broadband,No Signal,High,Resolved,8.06,35.08,4.06
    TKT-1271,Jul,West Zone,Landline,Billing Error,High,Resolved,16.86,45.56,3.58
    TKT-1272,Feb,West Zone,Broadband,Slow Internet,High,Escalated,14.45,41.48,3.56
    TKT-1273,Jan,North Zone,Landline,Slow Internet,Low,Resolved,13.69,38.02,3.89
    TKT-1274,Jan,North Zone,Broadband,Service Outage,Low,In Progress,6.56,57.21,3.79
    TKT-1275,Mar,South Zone,TV,No Signal,Low,SLA Breached,12.27,37.55,4.47
    TKT-1276,Apr,Central Zone,TV,Installation Delay,Medium,In Progress,10.46,62.12,3.34
    TKT-1277,Apr,South Zone,Broadband,Installation Delay,Medium,Resolved,15.54,57.24,3.82
    TKT-1278,Dec,North Zone,TV,Service Outage,Medium,Resolved,13.57,71.23,3.65
    TKT-1279,Feb,South Zone,Landline,No Signal,Medium,In Progress,9.73,48.51,3.92
    TKT-1280,Jul,East Zone,TV,Dropped Calls,Low,SLA Breached,16.05,34.95,3.82
    TKT-1281,Jun,South Zone,Mobile,Dropped Calls,Low,Escalated,6.98,61.31,3.77
    TKT-1282,Jun,East Zone,Landline,Installation Delay,Low,Escalated,15.84,36.07,3.15
    TKT-1283,Jul,Central Zone,Mobile,No Signal,High,Escalated,9.94,26.85,3.97
    TKT-1284,Mar,Central Zone,Landline,Billing Error,Medium,Resolved,12.32,57.43,3.44
    TKT-1285,May,North Zone,Landline,Billing Error,High,Escalated,17.21,53.19,3.21
    TKT-1286,Mar,South Zone,TV,Service Outage,Medium,SLA Breached,7.17,57.73,3.21
    TKT-1287,May,North Zone,Broadband,Billing Error,Low,In Progress,12.92,49.92,4.12
    TKT-1288,Aug,West Zone,TV,No Signal,Low,SLA Breached,8.76,38.65,4.05
    TKT-1289,Jan,Central Zone,Landline,Slow Internet,Medium,Resolved,15.79,55.04,3.18
    TKT-1290,Jan,North Zone,Landline,Dropped Calls,Low,In Progress,9.03,57.86,3.53
    TKT-1291,Jan,East Zone,Mobile,Installation Delay,High,Escalated,14.26,44.51,3.02
    TKT-1292,Mar,North Zone,Broadband,Dropped Calls,Medium,In Progress,16.77,36.04,3.54
    TKT-1293,Feb,South Zone,Landline,Slow Internet,High,SLA Breached,6.89,63.52,3.11
    TKT-1294,May,South Zone,Broadband,Service Outage,Medium,In Progress,16.54,44.97,3.1
    TKT-1295,Dec,East Zone,Broadband,Installation Delay,High,Escalated,7.58,31.13,4.4
    TKT-1296,May,West Zone,Mobile,No Signal,High,Resolved,14.02,51.32,3.72
    TKT-1297,Mar,Central Zone,Landline,No Signal,High,Resolved,11.12,26.82,3.64
    TKT-1298,Aug,East Zone,Broadband,Dropped Calls,High,Resolved,19.76,71.35,2.51
    TKT-1299,Apr,West Zone,TV,Billing Error,Medium,SLA Breached,12.21,32.51,3.8
    TKT-1300,Mar,North Zone,Mobile,Billing Error,Medium,SLA Breached,12.15,68.79,2.86
    TKT-1301,May,South Zone,TV,Service Outage,Medium,Escalated,10.63,32.71,3.5
    TKT-1302,Mar,East Zone,Landline,No Signal,Medium,SLA Breached,11.77,34.12,3.77
    TKT-1303,Jun,Central Zone,Landline,Service Outage,Medium,Escalated,10.89,35.46,3.92
    TKT-1304,Nov,West Zone,TV,Service Outage,Low,Resolved,6.81,21.74,3.91
    TKT-1305,Apr,West Zone,TV,No Signal,Medium,SLA Breached,10.51,21.45,4.12
    TKT-1306,May,West Zone,Landline,Installation Delay,High,In Progress,15.48,60.68,3.5
    TKT-1307,May,South Zone,TV,Billing Error,High,In Progress,9.03,45.75,3.89
    TKT-1308,Jul,West Zone,Broadband,Service Outage,Low,In Progress,8.63,27.08,3.77
    TKT-1309,Sep,West Zone,TV,Dropped Calls,Low,Escalated,15.31,56.97,3.6
    TKT-1310,Oct,South Zone,Mobile,Dropped Calls,Low,Escalated,8.37,22.2,4.5
    TKT-1311,Aug,North Zone,Landline,Billing Error,High,Escalated,19.95,74.61,2.37
    TKT-1312,Sep,South Zone,Broadband,Billing Error,High,In Progress,14.14,47.51,3.49
    TKT-1313,Apr,South Zone,Broadband,Dropped Calls,Medium,Escalated,13.07,51.32,3.42
    TKT-1314,Dec,West Zone,Broadband,Billing Error,High,Escalated,8.88,35.91,3.87
    TKT-1315,Aug,Central Zone,Mobile,Installation Delay,Medium,SLA Breached,18.21,48.07,3.54
    TKT-1316,Nov,North Zone,Broadband,Installation Delay,High,Escalated,17.08,45.57,3.77
    TKT-1317,Nov,Central Zone,TV,Billing Error,Medium,Escalated,18.27,59.08,3.49
    TKT-1318,Jan,East Zone,TV,Installation Delay,Medium,In Progress,17.15,61.93,3.2
    TKT-1319,Jan,East Zone,TV,Dropped Calls,High,Resolved,8.17,49.8,3.17
    TKT-1320,Nov,North Zone,Broadband,No Signal,Medium,SLA Breached,19.98,67.6,3.01
    TKT-1321,Jan,North Zone,Broadband,Service Outage,Low,SLA Breached,13.41,34.83,3.92
    TKT-1322,May,South Zone,Broadband,Billing Error,Low,SLA Breached,7.69,54.44,3.44
    TKT-1323,Oct,East Zone,TV,No Signal,High,In Progress,15.64,28.14,3.93
    TKT-1324,Oct,West Zone,Landline,Installation Delay,Low,SLA Breached,18.1,31.88,3.35
    TKT-1325,Oct,West Zone,TV,No Signal,Medium,Escalated,18.14,43.04,3.94
    TKT-1326,Oct,West Zone,TV,No Signal,High,In Progress,10.09,23.62,3.75
    TKT-1327,May,North Zone,TV,Service Outage,Low,Resolved,16.46,53.44,3.26
    TKT-1328,Mar,South Zone,TV,No Signal,Low,SLA Breached,5.17,30.78,4.55
    TKT-1329,Jan,North Zone,Broadband,Billing Error,High,Escalated,12.63,30.5,3.51
    TKT-1330,Oct,Central Zone,Landline,Dropped Calls,High,Escalated,16.55,33.63,3.38
    TKT-1331,Jun,Central Zone,TV,Dropped Calls,Low,In Progress,13.74,43.82,3.35
    TKT-1332,Oct,West Zone,Mobile,Dropped Calls,Medium,SLA Breached,7.83,52.89,3.87
    TKT-1333,Nov,North Zone,Landline,Dropped Calls,Medium,Resolved,15.45,33.68,3.71
    TKT-1334,Jun,South Zone,TV,Service Outage,Low,In Progress,12.14,24.37,4.34
    TKT-1335,Sep,South Zone,Mobile,Dropped Calls,Medium,SLA Breached,16.89,71.27,3.11
    TKT-1336,Aug,West Zone,Broadband,Billing Error,Medium,Resolved,17.38,42.62,3.94
    TKT-1337,Jan,South Zone,Mobile,Installation Delay,High,SLA Breached,16.03,50.38,4.03
    TKT-1338,Jun,Central Zone,Landline,Service Outage,High,Escalated,9.74,49.43,3.63
    TKT-1339,May,East Zone,Broadband,Slow Internet,Medium,Resolved,15.33,58.88,3.38
    TKT-1340,Jan,West Zone,Landline,Dropped Calls,Low,SLA Breached,5.65,33.07,4.08
    TKT-1341,Jun,West Zone,TV,Service Outage,High,Resolved,12.43,43.81,3.13
    TKT-1342,Dec,North Zone,Broadband,Service Outage,Medium,Escalated,6.33,46.78,3.87
    TKT-1343,Jun,East Zone,Broadband,Billing Error,Low,Escalated,12.98,26.77,3.63
    TKT-1344,Nov,West Zone,Mobile,Dropped Calls,Medium,Resolved,8.26,30.97,3.63
    TKT-1345,Dec,East Zone,Mobile,Dropped Calls,Medium,SLA Breached,11.97,70.92,3.36
    TKT-1346,Feb,South Zone,Mobile,Billing Error,High,Resolved,17.67,48.59,3.63
    TKT-1347,Mar,East Zone,Broadband,Service Outage,Low,Resolved,5.51,45.17,4.13
    TKT-1348,Jul,West Zone,Landline,Service Outage,Medium,SLA Breached,6.61,23.89,4.59
    TKT-1349,Jun,South Zone,Mobile,Billing Error,Low,Escalated,15.56,42.46,3.38
    TKT-1350,May,Central Zone,Broadband,Installation Delay,Medium,In Progress,15.46,54.8,3.37
    TKT-1351,Apr,North Zone,TV,Billing Error,High,In Progress,10.69,37.7,3.58
    TKT-1352,Aug,North Zone,TV,Installation Delay,High,Escalated,7.34,27.66,4.09
    TKT-1353,Dec,South Zone,Mobile,Slow Internet,Medium,In Progress,7.35,65.0,4.06
    TKT-1354,Nov,Central Zone,Broadband,Installation Delay,Medium,In Progress,6.03,41.57,4.3
    TKT-1355,Apr,Central Zone,Mobile,Installation Delay,Medium,SLA Breached,15.9,61.29,2.74
    TKT-1356,Jun,South Zone,TV,Dropped Calls,High,Resolved,17.42,28.55,3.62
    TKT-1357,Apr,South Zone,TV,Installation Delay,High,Resolved,8.69,63.86,3.37
    TKT-1358,Jun,South Zone,Broadband,Billing Error,High,In Progress,6.07,35.55,3.86
    TKT-1359,May,East Zone,Landline,No Signal,Low,In Progress,11.41,33.09,3.74
    TKT-1360,Feb,East Zone,Broadband,Installation Delay,Low,Resolved,19.05,29.98,3.29
    TKT-1361,Mar,South Zone,TV,Slow Internet,Medium,In Progress,6.98,35.8,3.73
    TKT-1362,Jan,Central Zone,TV,Dropped Calls,High,Resolved,9.31,27.4,3.88
    TKT-1363,Oct,Central Zone,Landline,Installation Delay,Low,In Progress,18.53,74.4,2.88
    TKT-1364,Sep,South Zone,Landline,No Signal,Low,Resolved,14.0,29.9,3.72
    TKT-1365,Oct,Central Zone,Landline,No Signal,High,SLA Breached,10.89,49.78,3.03
    TKT-1366,Nov,South Zone,Mobile,Dropped Calls,Medium,Escalated,12.7,52.06,3.45
    TKT-1367,Apr,South Zone,TV,Dropped Calls,High,SLA Breached,9.7,60.69,4.07
    TKT-1368,Feb,East Zone,Broadband,Installation Delay,High,Escalated,11.58,41.25,3.12
    TKT-1369,Feb,Central Zone,Mobile,No Signal,Low,SLA Breached,12.84,28.57,4.28
    TKT-1370,Jul,Central Zone,Landline,Billing Error,Low,Escalated,10.19,28.82,4.14
    TKT-1371,Dec,North Zone,Mobile,Installation Delay,High,In Progress,7.82,60.8,3.85
    TKT-1372,Feb,Central Zone,Mobile,Dropped Calls,Low,SLA Breached,6.1,47.56,4.13
    TKT-1373,Dec,Central Zone,Broadband,Installation Delay,Medium,SLA Breached,16.04,32.95,3.82
    TKT-1374,Dec,West Zone,Landline,No Signal,Low,Escalated,12.04,61.19,3.54
    TKT-1375,Jun,East Zone,Mobile,No Signal,High,Resolved,9.68,51.57,3.52
    TKT-1376,Oct,Central Zone,Broadband,Billing Error,High,In Progress,6.6,41.19,3.73
    TKT-1377,Dec,East Zone,Landline,Service Outage,Low,In Progress,6.19,19.68,4.2
    TKT-1378,Nov,North Zone,Landline,Slow Internet,Low,In Progress,10.33,61.35,3.41
    TKT-1379,Jun,Central Zone,Landline,No Signal,Medium,Resolved,10.08,28.86,3.61
    TKT-1380,Feb,West Zone,Broadband,Billing Error,Low,SLA Breached,10.48,40.12,3.92
    TKT-1381,Oct,West Zone,Broadband,Slow Internet,Medium,SLA Breached,14.88,57.24,3.28
    TKT-1382,Feb,Central Zone,Broadband,Service Outage,Medium,SLA Breached,18.89,61.16,3.08
    TKT-1383,Mar,West Zone,Broadband,Service Outage,High,In Progress,19.57,52.89,3.33
    TKT-1384,Mar,South Zone,Broadband,Billing Error,Medium,Escalated,8.89,51.96,4.22
    TKT-1385,Feb,East Zone,Landline,Installation Delay,High,Escalated,16.47,27.58,4.25
    TKT-1386,Oct,Central Zone,Mobile,Service Outage,Low,Escalated,19.7,73.81,2.78
    TKT-1387,Oct,West Zone,Broadband,Slow Internet,Medium,SLA Breached,8.74,54.68,3.42
    TKT-1388,Apr,Central Zone,Broadband,Slow Internet,Medium,SLA Breached,17.17,70.12,2.92
    TKT-1389,Oct,West Zone,Mobile,Dropped Calls,Low,SLA Breached,16.85,67.61,2.97
    TKT-1390,Sep,South Zone,Landline,Slow Internet,Medium,In Progress,5.84,44.54,4.18
    TKT-1391,Jun,Central Zone,Mobile,Installation Delay,Low,Resolved,7.32,37.34,3.74
    TKT-1392,Jun,West Zone,Mobile,Service Outage,Low,Resolved,14.66,41.41,4.18
    TKT-1393,Jul,Central Zone,Broadband,No Signal,Medium,In Progress,15.68,54.67,3.47
    TKT-1394,Jul,North Zone,Landline,Installation Delay,Low,Resolved,16.02,54.75,3.51
    TKT-1395,Aug,South Zone,Mobile,Service Outage,High,SLA Breached,5.82,49.49,3.85
    TKT-1396,Jul,Central Zone,Landline,Service Outage,Medium,Escalated,15.78,62.26,3.13
    TKT-1397,Oct,Central Zone,Broadband,Installation Delay,High,Resolved,16.14,46.86,4.16
    TKT-1398,Oct,North Zone,Landline,Service Outage,Low,In Progress,18.65,60.18,3.29
    TKT-1399,Apr,North Zone,Landline,Service Outage,Low,In Progress,11.77,68.69,3.35
    TKT-1400,Nov,South Zone,Landline,Dropped Calls,High,Resolved,14.07,54.77,3.49
    TKT-1401,Oct,East Zone,TV,Billing Error,Medium,Escalated,15.3,64.12,2.97
    TKT-1402,Jul,South Zone,TV,Billing Error,Low,Escalated,6.63,40.27,4.54
    TKT-1403,Jul,Central Zone,Mobile,Slow Internet,High,SLA Breached,5.18,48.25,4.24
    TKT-1404,May,West Zone,Mobile,Installation Delay,Medium,In Progress,13.54,69.95,3.41
    TKT-1405,Mar,South Zone,Landline,Installation Delay,Low,In Progress,15.85,65.93,2.91
    TKT-1406,Oct,South Zone,Landline,Service Outage,High,Resolved,14.0,32.88,3.54
    TKT-1407,May,South Zone,TV,Installation Delay,Low,Escalated,19.35,32.37,3.89
    TKT-1408,Mar,South Zone,Broadband,Service Outage,Low,Escalated,14.51,42.21,3.64
    TKT-1409,Apr,West Zone,Mobile,Slow Internet,Low,In Progress,13.37,39.61,3.73
    TKT-1410,Jan,South Zone,TV,Dropped Calls,Medium,SLA Breached,17.53,34.9,3.15
    TKT-1411,Sep,South Zone,Broadband,Dropped Calls,High,SLA Breached,15.3,62.43,3.07
    TKT-1412,Mar,West Zone,Landline,Slow Internet,Low,In Progress,15.94,72.33,3.05
    TKT-1413,Nov,South Zone,TV,No Signal,Medium,SLA Breached,8.6,23.64,4.4
    TKT-1414,Aug,West Zone,Landline,Installation Delay,Low,Escalated,15.54,39.49,3.73
    TKT-1415,Dec,East Zone,TV,Service Outage,High,Resolved,19.77,73.66,2.69
    TKT-1416,Dec,East Zone,TV,Dropped Calls,High,SLA Breached,13.44,28.43,3.63
    TKT-1417,Jan,West Zone,Broadband,No Signal,Medium,In Progress,14.35,47.81,3.58
    TKT-1418,Jul,West Zone,TV,Billing Error,High,SLA Breached,18.27,63.25,3.29
    TKT-1419,Jul,Central Zone,Landline,Billing Error,Medium,In Progress,11.71,60.47,4.0
    TKT-1420,Sep,South Zone,Landline,Dropped Calls,Medium,SLA Breached,15.54,48.18,3.33
    TKT-1421,Jun,West Zone,Broadband,Billing Error,Medium,Escalated,18.41,75.23,2.67
    TKT-1422,Apr,East Zone,TV,Billing Error,Medium,Escalated,13.67,36.63,3.36
    TKT-1423,Feb,South Zone,Landline,Slow Internet,Low,SLA Breached,12.46,24.06,3.52
    TKT-1424,Feb,West Zone,TV,Service Outage,High,SLA Breached,8.32,26.39,3.91
    TKT-1425,Dec,West Zone,Broadband,No Signal,Medium,SLA Breached,10.74,50.2,3.91
    TKT-1426,Jan,South Zone,Landline,Installation Delay,High,Escalated,10.07,55.22,3.33
    TKT-1427,Jun,West Zone,TV,Slow Internet,Low,Escalated,14.5,47.62,4.0
    TKT-1428,Nov,North Zone,Mobile,Installation Delay,Low,Resolved,6.54,47.17,3.75
    TKT-1429,May,West Zone,TV,Installation Delay,High,SLA Breached,18.36,64.29,2.65
    TKT-1430,Jun,North Zone,Landline,Installation Delay,High,Escalated,11.9,23.87,4.01
    TKT-1431,Apr,North Zone,Mobile,Billing Error,Medium,SLA Breached,5.98,31.35,4.04
    TKT-1432,May,West Zone,Broadband,Dropped Calls,Medium,SLA Breached,16.76,52.72,3.36
    TKT-1433,Sep,West Zone,Landline,Dropped Calls,Medium,Escalated,8.6,32.61,4.46
    TKT-1434,Mar,North Zone,Broadband,Slow Internet,Low,SLA Breached,17.16,68.56,3.13
    TKT-1435,Mar,East Zone,Landline,Slow Internet,Low,Resolved,11.68,65.36,3.45
    TKT-1436,Sep,North Zone,Broadband,Service Outage,Medium,Escalated,17.91,55.02,3.2
    TKT-1437,Jul,South Zone,TV,Service Outage,Medium,Escalated,11.16,48.09,3.5
    TKT-1438,Jul,West Zone,TV,No Signal,Low,SLA Breached,5.2,36.34,4.22
    TKT-1439,Feb,Central Zone,Landline,Slow Internet,Medium,SLA Breached,6.29,39.34,4.38
    TKT-1440,Feb,East Zone,TV,No Signal,Low,In Progress,11.41,69.51,3.04
    TKT-1441,Aug,East Zone,Landline,Dropped Calls,High,SLA Breached,19.64,46.2,3.19
    TKT-1442,Jul,Central Zone,Mobile,Dropped Calls,High,SLA Breached,13.13,27.69,4.18
    TKT-1443,Jul,South Zone,TV,Dropped Calls,High,Resolved,18.02,59.57,2.5
    TKT-1444,Feb,Central Zone,Broadband,Billing Error,High,Resolved,13.84,56.22,3.47
    TKT-1445,Mar,West Zone,Broadband,Billing Error,Low,Resolved,9.99,61.56,3.37
    TKT-1446,Dec,East Zone,Landline,No Signal,Medium,Resolved,19.5,37.5,3.92
    TKT-1447,May,East Zone,Broadband,Slow Internet,Medium,In Progress,9.84,66.15,3.75
    TKT-1448,Jun,East Zone,TV,No Signal,High,SLA Breached,9.56,45.28,3.55
    TKT-1449,Jan,East Zone,Mobile,Billing Error,Low,SLA Breached,12.07,41.97,3.84
    TKT-1450,Dec,East Zone,Mobile,No Signal,High,In Progress,6.33,62.44,4.21
    TKT-1451,Oct,East Zone,Landline,Slow Internet,Medium,Resolved,10.41,41.93,4.31
    TKT-1452,Jan,South Zone,Landline,Slow Internet,High,Resolved,6.62,38.01,4.42
    TKT-1453,Jul,West Zone,Mobile,Service Outage,Medium,Escalated,12.84,23.2,3.63
    TKT-1454,Feb,Central Zone,TV,Billing Error,High,SLA Breached,7.32,29.87,4.49
    TKT-1455,Nov,East Zone,Mobile,Service Outage,Medium,In Progress,15.7,25.88,4.09
    TKT-1456,Feb,North Zone,Broadband,Dropped Calls,High,Resolved,15.64,52.25,2.8
    TKT-1457,Feb,West Zone,Broadband,Slow Internet,Low,Resolved,13.29,35.95,3.93
    TKT-1458,Oct,North Zone,Landline,Slow Internet,Low,SLA Breached,18.09,63.69,3.25
    TKT-1459,Oct,Central Zone,Landline,Service Outage,Medium,Escalated,7.5,56.82,3.83
    TKT-1460,Apr,South Zone,Mobile,Slow Internet,Medium,Resolved,15.57,70.82,3.5
    TKT-1461,Feb,South Zone,Landline,Service Outage,Low,In Progress,12.97,33.03,3.51
    TKT-1462,Sep,West Zone,Broadband,No Signal,High,In Progress,14.79,63.26,3.44
    TKT-1463,Jun,West Zone,TV,Service Outage,Medium,SLA Breached,5.86,54.73,4.26
    TKT-1464,Oct,North Zone,Landline,Service Outage,Medium,SLA Breached,14.09,42.34,3.91
    TKT-1465,Jan,North Zone,TV,Billing Error,Low,Escalated,12.4,31.32,3.45
    TKT-1466,Dec,South Zone,Broadband,No Signal,Medium,SLA Breached,11.52,38.84,3.76
    TKT-1467,Mar,Central Zone,Broadband,Dropped Calls,Low,Resolved,12.46,62.93,3.13
    TKT-1468,Feb,South Zone,TV,Slow Internet,High,SLA Breached,11.35,52.66,3.57
    TKT-1469,Aug,North Zone,Mobile,Billing Error,High,SLA Breached,10.99,53.24,3.2
    TKT-1470,Dec,East Zone,Mobile,Slow Internet,Low,Escalated,16.78,38.65,3.64
    TKT-1471,Apr,West Zone,Landline,Billing Error,High,In Progress,10.74,28.6,3.82
    TKT-1472,Jul,East Zone,Landline,Installation Delay,Medium,Resolved,16.71,68.73,2.38
    TKT-1473,Apr,East Zone,TV,Installation Delay,High,SLA Breached,7.29,21.44,4.41
    TKT-1474,Feb,East Zone,TV,Installation Delay,Low,SLA Breached,10.17,54.86,2.92
    TKT-1475,Jun,East Zone,Landline,Service Outage,Medium,SLA Breached,9.0,54.8,3.15
    TKT-1476,Sep,North Zone,Mobile,Installation Delay,Low,Escalated,17.52,72.67,3.2
    TKT-1477,Oct,South Zone,Mobile,Dropped Calls,Medium,Resolved,13.72,32.13,4.15
    TKT-1478,May,North Zone,Landline,Service Outage,Low,Escalated,19.13,38.09,4.12
    TKT-1479,Jul,East Zone,Mobile,Service Outage,Medium,In Progress,17.8,68.1,2.85
    TKT-1480,Nov,South Zone,Broadband,Service Outage,Low,Escalated,19.38,66.12,3.14
    TKT-1481,Jan,East Zone,TV,Dropped Calls,Low,Escalated,6.24,46.57,3.87
    TKT-1482,Feb,South Zone,TV,Billing Error,High,SLA Breached,14.0,59.55,2.9
    TKT-1483,Nov,South Zone,Landline,Installation Delay,High,In Progress,9.47,21.22,4.43
    TKT-1484,Dec,North Zone,Landline,Dropped Calls,High,In Progress,12.69,58.34,3.05
    TKT-1485,Aug,North Zone,Mobile,Slow Internet,Low,Resolved,11.64,53.99,2.8
    TKT-1486,Dec,West Zone,Broadband,Installation Delay,Low,In Progress,19.88,34.36,3.47
    TKT-1487,May,South Zone,TV,No Signal,Medium,SLA Breached,15.71,69.09,3.04
    TKT-1488,Aug,South Zone,Landline,Dropped Calls,Medium,SLA Breached,10.04,20.2,4.33
    TKT-1489,Feb,North Zone,TV,Dropped Calls,Medium,SLA Breached,14.19,61.09,3.19
    TKT-1490,Mar,Central Zone,TV,Slow Internet,Medium,Escalated,7.39,39.16,3.92
    TKT-1491,Apr,East Zone,Mobile,No Signal,Low,Escalated,6.1,35.01,4.67
    TKT-1492,Aug,East Zone,TV,Installation Delay,Low,In Progress,12.82,72.68,2.91
    TKT-1493,Apr,North Zone,TV,Dropped Calls,Medium,SLA Breached,8.77,35.94,4.37
    TKT-1494,Apr,Central Zone,Landline,Service Outage,Low,SLA Breached,14.79,67.6,3.19
    TKT-1495,Jun,West Zone,TV,Slow Internet,Low,SLA Breached,12.08,49.77,4.16
    TKT-1496,Jan,Central Zone,Mobile,No Signal,Low,Escalated,12.23,50.38,3.45
    TKT-1497,May,East Zone,Mobile,Slow Internet,High,In Progress,5.27,32.01,4.04
    TKT-1498,Oct,West Zone,Landline,Dropped Calls,Medium,In Progress,19.23,46.01,3.57
    TKT-1499,Feb,South Zone,TV,Dropped Calls,Low,In Progress,5.36,30.68,4.0
    TKT-1500,Mar,East Zone,Broadband,Dropped Calls,High,Escalated,17.02,46.88,3.27
    TKT-1501,Dec,West Zone,Landline,Installation Delay,High,Escalated,10.36,34.9,3.66
    TKT-1502,Jul,South Zone,Broadband,Service Outage,Medium,In Progress,8.12,44.35,3.79
    TKT-1503,May,Central Zone,Mobile,Billing Error,High,Resolved,18.98,64.84,3.16
    TKT-1504,Feb,Central Zone,Broadband,Slow Internet,Medium,SLA Breached,9.36,53.74,3.49
    TKT-1505,Dec,East Zone,Broadband,Installation Delay,Low,Resolved,10.89,39.0,3.6
    TKT-1506,Dec,Central Zone,TV,Billing Error,Low,In Progress,9.12,55.65,3.71
    TKT-1507,Oct,South Zone,Mobile,Slow Internet,High,In Progress,11.67,51.12,3.32
    TKT-1508,Jul,North Zone,TV,Dropped Calls,High,SLA Breached,8.34,55.77,3.96
    TKT-1509,Dec,East Zone,TV,Billing Error,Low,SLA Breached,9.28,43.08,3.95
    TKT-1510,Jun,South Zone,Mobile,Slow Internet,High,In Progress,9.63,69.22,2.87
    TKT-1511,Dec,South Zone,Mobile,Installation Delay,Low,In Progress,17.17,71.1,3.13
    TKT-1512,Apr,South Zone,Landline,Installation Delay,Low,Resolved,8.96,22.21,4.06
    TKT-1513,May,East Zone,TV,Service Outage,Medium,Escalated,14.93,30.74,4.27
    TKT-1514,Jun,South Zone,Mobile,Slow Internet,Medium,SLA Breached,5.56,29.82,4.09
    TKT-1515,Apr,West Zone,TV,Installation Delay,Medium,In Progress,8.47,43.92,3.74
    TKT-1516,Feb,Central Zone,Landline,No Signal,High,Escalated,19.71,57.35,2.86
    TKT-1517,May,South Zone,Landline,No Signal,Medium,Resolved,17.85,51.95,3.39
    TKT-1518,Jan,Central Zone,Broadband,Service Outage,Low,SLA Breached,5.67,53.28,3.71
    TKT-1519,Aug,Central Zone,Landline,No Signal,Medium,SLA Breached,17.48,36.21,4.04
    TKT-1520,Oct,South Zone,Mobile,Billing Error,High,SLA Breached,7.31,49.64,3.77
    TKT-1521,May,Central Zone,Mobile,No Signal,High,Resolved,15.65,28.04,3.26
    TKT-1522,Jan,East Zone,Landline,Slow Internet,High,Resolved,10.3,44.42,3.96
    TKT-1523,Nov,North Zone,Landline,Service Outage,High,Resolved,5.03,59.47,3.49
    TKT-1524,Apr,Central Zone,Landline,Installation Delay,Medium,Escalated,9.68,43.77,4.15
    TKT-1525,Sep,East Zone,TV,Slow Internet,Medium,In Progress,14.49,36.1,4.52
    TKT-1526,May,East Zone,Broadband,Dropped Calls,Medium,Resolved,15.07,37.69,3.5
    TKT-1527,Dec,Central Zone,Broadband,Service Outage,Medium,Resolved,17.56,30.9,3.68
    TKT-1528,Dec,East Zone,Mobile,Billing Error,High,Escalated,16.36,32.26,3.8
    TKT-1529,Jun,Central Zone,Mobile,No Signal,Low,Escalated,15.5,35.58,3.7
    TKT-1530,Feb,East Zone,Landline,Billing Error,Medium,Resolved,15.46,50.77,4.22
    TKT-1531,Apr,North Zone,TV,Dropped Calls,High,In Progress,12.86,34.31,3.88
    TKT-1532,May,South Zone,Mobile,Service Outage,High,Escalated,13.5,43.41,3.86
    TKT-1533,Apr,South Zone,Landline,Slow Internet,Medium,Resolved,9.37,25.81,4.02
    TKT-1534,Feb,South Zone,Mobile,Service Outage,Low,In Progress,12.4,65.27,2.97
    TKT-1535,Nov,Central Zone,Landline,Dropped Calls,Low,Resolved,15.63,32.35,3.56
    TKT-1536,Feb,North Zone,Landline,Slow Internet,High,In Progress,6.29,64.77,3.24
    TKT-1537,Mar,South Zone,Broadband,Service Outage,Medium,In Progress,15.9,75.87,3.2
    TKT-1538,Dec,East Zone,Mobile,Service Outage,High,Escalated,11.54,49.33,3.35
    TKT-1539,Jun,West Zone,Landline,No Signal,Low,Escalated,14.67,36.39,3.93
    TKT-1540,Feb,East Zone,Mobile,Billing Error,High,Resolved,5.99,26.79,3.99
    TKT-1541,Mar,North Zone,TV,Slow Internet,Medium,Escalated,16.88,51.62,3.55
    TKT-1542,Jul,Central Zone,Broadband,Dropped Calls,Low,Escalated,5.09,47.66,4.1
    TKT-1543,Aug,North Zone,TV,Service Outage,Medium,Escalated,6.15,21.47,3.6
    TKT-1544,Feb,South Zone,TV,Billing Error,High,SLA Breached,8.22,59.94,3.62
    TKT-1545,Oct,North Zone,Mobile,No Signal,Low,SLA Breached,17.95,46.53,3.13
    TKT-1546,Jul,South Zone,Broadband,Service Outage,Medium,SLA Breached,5.3,46.42,4.17
    TKT-1547,Sep,East Zone,TV,Installation Delay,Low,Resolved,19.24,70.53,2.65
    TKT-1548,Nov,East Zone,TV,Billing Error,Medium,SLA Breached,13.2,32.56,3.88
    TKT-1549,Sep,East Zone,TV,Billing Error,High,Escalated,7.44,37.83,3.85
    TKT-1550,Mar,Central Zone,Landline,Installation Delay,Low,Escalated,18.37,36.66,3.17
    TKT-1551,Oct,South Zone,Mobile,Service Outage,Low,SLA Breached,7.92,37.46,3.62
    TKT-1552,Aug,South Zone,Mobile,No Signal,Medium,In Progress,8.79,56.73,3.36
    TKT-1553,May,West Zone,Broadband,Installation Delay,Medium,Escalated,8.21,20.1,3.91
    TKT-1554,Nov,North Zone,TV,Billing Error,High,Resolved,17.54,65.29,2.65
    TKT-1555,Mar,Central Zone,TV,Service Outage,Low,Escalated,18.76,56.09,3.59
    TKT-1556,Nov,South Zone,TV,No Signal,Medium,Escalated,19.9,34.5,3.42
    TKT-1557,Oct,Central Zone,Mobile,Installation Delay,High,Escalated,11.99,65.02,3.73
    TKT-1558,Oct,Central Zone,TV,Installation Delay,Low,Escalated,14.99,28.57,3.74
    TKT-1559,Mar,Central Zone,Broadband,Installation Delay,High,Escalated,12.04,63.6,3.08
    TKT-1560,Dec,West Zone,Landline,Billing Error,Low,In Progress,13.62,58.4,3.15
    TKT-1561,Aug,North Zone,Mobile,Slow Internet,High,SLA Breached,12.36,61.0,3.21
    TKT-1562,Jan,Central Zone,Mobile,Installation Delay,Medium,In Progress,13.99,70.85,3.31
    TKT-1563,May,South Zone,Landline,Slow Internet,Low,Escalated,6.33,59.39,3.66
    TKT-1564,Nov,North Zone,Landline,Dropped Calls,Low,In Progress,5.68,30.69,4.83
    TKT-1565,Apr,South Zone,Landline,No Signal,High,Escalated,6.97,57.93,3.24
    TKT-1566,Jul,West Zone,Broadband,No Signal,Medium,Escalated,11.76,54.09,3.96
    TKT-1567,Jul,North Zone,Landline,Dropped Calls,Medium,In Progress,8.17,45.0,3.81
    TKT-1568,May,East Zone,TV,Billing Error,Medium,SLA Breached,18.12,66.45,2.83
    TKT-1569,Sep,East Zone,TV,Dropped Calls,Low,Escalated,12.98,37.59,3.35
    TKT-1570,Oct,North Zone,Landline,No Signal,High,SLA Breached,13.54,67.37,2.79
    TKT-1571,Dec,North Zone,Landline,Dropped Calls,High,SLA Breached,16.19,36.43,3.15
    TKT-1572,May,East Zone,Mobile,Dropped Calls,Medium,Resolved,10.99,43.39,4.14
    TKT-1573,Jun,North Zone,Mobile,Installation Delay,Low,Escalated,19.23,76.24,3.05
    TKT-1574,Oct,South Zone,Landline,Installation Delay,Low,In Progress,6.82,22.64,4.92
    TKT-1575,May,North Zone,Mobile,Slow Internet,Low,In Progress,16.73,67.34,2.89
    TKT-1576,Feb,East Zone,Landline,Dropped Calls,Low,Escalated,7.69,50.83,3.98
    TKT-1577,Jan,West Zone,Landline,Service Outage,Low,SLA Breached,12.48,39.98,4.14
    TKT-1578,Mar,South Zone,TV,Slow Internet,Low,Escalated,10.08,48.16,3.57
    TKT-1579,Oct,West Zone,Broadband,No Signal,Medium,SLA Breached,14.63,26.17,3.69
    TKT-1580,May,South Zone,Landline,No Signal,Low,SLA Breached,15.01,39.18,3.52
    TKT-1581,Sep,South Zone,Mobile,Service Outage,Low,SLA Breached,5.94,47.07,3.83
    TKT-1582,May,East Zone,Broadband,Installation Delay,Low,In Progress,8.41,37.89,4.34
    TKT-1583,Jan,South Zone,Mobile,Dropped Calls,Low,In Progress,16.65,38.07,3.55
    TKT-1584,May,West Zone,Landline,Installation Delay,Medium,Escalated,5.66,57.49,3.84
    TKT-1585,Nov,North Zone,Broadband,Dropped Calls,Medium,SLA Breached,18.98,43.28,3.6
    TKT-1586,Jul,West Zone,Landline,Service Outage,Medium,Resolved,17.63,28.15,3.7
    TKT-1587,Jul,South Zone,TV,Slow Internet,High,Escalated,17.52,55.44,3.21
    TKT-1588,Nov,South Zone,Landline,No Signal,Medium,Escalated,12.53,51.95,3.66
    TKT-1589,Mar,West Zone,TV,Dropped Calls,High,In Progress,12.12,39.68,3.44
    TKT-1590,Jan,East Zone,TV,Slow Internet,High,Resolved,18.53,44.96,3.44
    TKT-1591,May,North Zone,Broadband,No Signal,High,SLA Breached,9.12,32.77,3.73
    TKT-1592,Jul,West Zone,TV,Billing Error,Low,Resolved,8.07,64.7,3.98
    TKT-1593,Jul,Central Zone,Mobile,Billing Error,Low,SLA Breached,8.69,62.03,3.7
    TKT-1594,Dec,East Zone,TV,Service Outage,Medium,In Progress,7.21,51.92,3.8
    TKT-1595,Jun,Central Zone,Landline,Installation Delay,Medium,Escalated,14.23,26.6,4.25
    TKT-1596,May,Central Zone,Mobile,Dropped Calls,Low,In Progress,5.64,16.2,4.28
    TKT-1597,Sep,North Zone,Broadband,Slow Internet,Medium,Resolved,10.21,26.03,4.46
    TKT-1598,Sep,South Zone,Broadband,Billing Error,Low,In Progress,6.02,21.43,4.07
    TKT-1599,May,South Zone,TV,Slow Internet,Medium,Escalated,14.03,46.78,3.38
    TKT-1600,Feb,North Zone,Mobile,Dropped Calls,High,Resolved,19.18,44.87,3.34
    TKT-1601,Jul,East Zone,TV,Slow Internet,Medium,In Progress,5.41,57.11,4.0
    TKT-1602,Feb,South Zone,Landline,Installation Delay,Low,In Progress,17.89,48.07,3.15
    TKT-1603,Oct,South Zone,Landline,Billing Error,Medium,SLA Breached,18.07,46.23,3.41
    TKT-1604,Jun,Central Zone,Broadband,Installation Delay,High,SLA Breached,9.11,48.99,3.82
    TKT-1605,Aug,West Zone,Landline,No Signal,Low,Escalated,16.27,55.76,3.37
    TKT-1606,Nov,East Zone,TV,No Signal,Low,In Progress,11.3,70.37,2.82
    TKT-1607,May,North Zone,Mobile,Installation Delay,Medium,In Progress,16.97,48.62,3.37
    TKT-1608,Mar,Central Zone,Landline,Billing Error,Medium,SLA Breached,10.75,36.42,3.61
    TKT-1609,Oct,South Zone,Mobile,No Signal,Medium,Resolved,10.25,35.92,4.28
    TKT-1610,Feb,East Zone,Broadband,Billing Error,Medium,Escalated,19.86,52.12,2.53
    TKT-1611,Jul,West Zone,TV,Installation Delay,Low,Escalated,9.84,47.11,3.77
    TKT-1612,Feb,North Zone,Mobile,No Signal,Low,Resolved,14.44,48.88,3.81
    TKT-1613,Sep,North Zone,Landline,Installation Delay,Medium,In Progress,11.25,24.89,4.08
    TKT-1614,Aug,East Zone,TV,Slow Internet,Low,Escalated,16.37,52.88,3.56
    TKT-1615,May,South Zone,Broadband,Service Outage,Low,SLA Breached,15.42,29.4,3.26
    TKT-1616,Nov,West Zone,Broadband,Dropped Calls,Medium,SLA Breached,9.95,60.36,2.99
    TKT-1617,Feb,North Zone,Broadband,Slow Internet,Medium,SLA Breached,12.44,68.96,3.16
    TKT-1618,Nov,East Zone,Broadband,Installation Delay,Low,Escalated,14.5,52.21,3.32
    TKT-1619,Mar,Central Zone,TV,Slow Internet,Low,Escalated,17.93,36.64,3.57
    TKT-1620,May,West Zone,Landline,Service Outage,Medium,SLA Breached,18.58,72.05,2.85
    TKT-1621,Apr,West Zone,Landline,Slow Internet,High,SLA Breached,15.08,26.69,3.68
    TKT-1622,Jun,East Zone,Mobile,Billing Error,Low,SLA Breached,19.98,51.63,3.38
    TKT-1623,Oct,West Zone,Landline,Dropped Calls,High,Escalated,16.75,55.5,3.3
    TKT-1624,May,East Zone,Landline,Billing Error,Low,In Progress,10.15,40.2,4.11
    TKT-1625,Apr,Central Zone,Mobile,Dropped Calls,High,Escalated,19.52,69.46,2.98
    TKT-1626,Mar,North Zone,Mobile,Service Outage,Medium,SLA Breached,15.45,75.33,3.24
    TKT-1627,Apr,West Zone,TV,Billing Error,Low,In Progress,10.33,25.79,4.06
    TKT-1628,Nov,East Zone,TV,Installation Delay,Medium,In Progress,10.42,40.27,3.61
    TKT-1629,Dec,East Zone,TV,Billing Error,High,Escalated,19.04,49.2,3.21
    TKT-1630,Feb,South Zone,Broadband,Installation Delay,Medium,In Progress,6.66,58.58,3.13
    TKT-1631,Jan,North Zone,Landline,Installation Delay,Medium,SLA Breached,16.75,44.26,3.62
    TKT-1632,Dec,South Zone,TV,Billing Error,Low,In Progress,11.78,26.88,4.33
    TKT-1633,Oct,West Zone,Broadband,Billing Error,Medium,Resolved,12.64,69.89,3.02
    TKT-1634,Aug,North Zone,Broadband,Billing Error,Medium,SLA Breached,14.1,52.34,3.4
    TKT-1635,Feb,Central Zone,Landline,Dropped Calls,High,Resolved,8.81,62.3,3.12
    TKT-1636,Oct,East Zone,Broadband,Billing Error,Low,Escalated,18.32,68.74,3.03
    TKT-1637,Jul,North Zone,Landline,No Signal,Low,SLA Breached,16.72,34.3,3.39
    TKT-1638,Apr,East Zone,Landline,Installation Delay,Medium,In Progress,18.42,64.18,2.94
    TKT-1639,Mar,South Zone,TV,Billing Error,Medium,Escalated,17.95,54.23,3.03
    TKT-1640,Jun,North Zone,Broadband,Billing Error,Low,In Progress,7.27,52.31,3.75
    TKT-1641,Jun,Central Zone,Landline,Slow Internet,Low,Escalated,17.08,45.96,3.56
    TKT-1642,Jun,East Zone,Mobile,Dropped Calls,Low,In Progress,17.83,69.38,2.6
    TKT-1643,Sep,East Zone,Mobile,Service Outage,Medium,Escalated,18.77,35.75,3.98
    TKT-1644,Apr,South Zone,TV,Service Outage,High,In Progress,16.41,50.69,3.22
    TKT-1645,Apr,West Zone,Landline,Installation Delay,Medium,SLA Breached,15.74,69.97,3.35
    TKT-1646,Dec,North Zone,Mobile,Billing Error,High,In Progress,11.01,70.32,3.74
    TKT-1647,Jun,East Zone,Mobile,Installation Delay,Low,Escalated,10.29,40.44,3.5
    TKT-1648,Feb,Central Zone,Landline,Dropped Calls,Medium,Resolved,19.25,79.19,3.27
    TKT-1649,May,North Zone,TV,Billing Error,Low,Resolved,18.38,74.07,2.52
    TKT-1650,Jan,East Zone,TV,Dropped Calls,Medium,Resolved,18.26,65.67,3.32
    TKT-1651,Sep,North Zone,Landline,Installation Delay,Medium,In Progress,7.58,23.37,4.79
    TKT-1652,Feb,South Zone,Mobile,Slow Internet,Medium,SLA Breached,9.23,59.88,3.22
    TKT-1653,Jun,South Zone,Landline,Slow Internet,High,Escalated,11.7,58.4,3.61
    TKT-1654,Aug,South Zone,Landline,Slow Internet,Low,Escalated,7.52,23.39,4.48
    TKT-1655,Jul,East Zone,TV,Service Outage,High,SLA Breached,12.02,71.24,2.63
    TKT-1656,Feb,Central Zone,Landline,Billing Error,Medium,SLA Breached,10.63,50.58,3.42
    TKT-1657,Apr,East Zone,Broadband,Billing Error,Medium,In Progress,11.13,31.44,4.14
    TKT-1658,Feb,Central Zone,Broadband,Dropped Calls,Medium,In Progress,17.97,52.64,3.27
    TKT-1659,Oct,West Zone,Mobile,Dropped Calls,Low,Resolved,7.89,55.15,3.97
    TKT-1660,May,Central Zone,Broadband,Installation Delay,High,Escalated,15.63,56.8,3.07
    TKT-1661,Sep,Central Zone,Mobile,No Signal,Low,Resolved,9.61,68.86,3.5
    TKT-1662,Jun,South Zone,TV,Slow Internet,High,SLA Breached,16.05,36.83,3.46
    TKT-1663,Jul,North Zone,Broadband,Installation Delay,Medium,Escalated,6.27,63.48,3.87
    TKT-1664,Nov,Central Zone,TV,No Signal,Low,Resolved,14.51,37.36,3.64
    TKT-1665,Dec,East Zone,TV,Billing Error,High,Escalated,5.13,20.65,4.63
    TKT-1666,Aug,South Zone,Mobile,Dropped Calls,High,In Progress,10.76,31.72,4.15
    TKT-1667,Sep,North Zone,Landline,Billing Error,High,Resolved,18.06,71.57,3.4
    TKT-1668,Dec,North Zone,Broadband,Slow Internet,High,SLA Breached,19.88,39.02,2.8
    TKT-1669,Mar,North Zone,Landline,No Signal,Medium,In Progress,6.99,36.74,4.18
    TKT-1670,Jul,Central Zone,Landline,Service Outage,Low,Resolved,15.89,28.48,4.06
    TKT-1671,Apr,East Zone,Landline,Service Outage,Low,Escalated,19.11,38.81,3.54
    TKT-1672,Feb,Central Zone,Landline,Slow Internet,High,Escalated,16.35,41.83,3.68
    TKT-1673,Apr,East Zone,Landline,Dropped Calls,High,Resolved,6.96,29.07,4.02
    TKT-1674,Jul,South Zone,Mobile,Installation Delay,Medium,In Progress,19.99,71.94,2.9
    TKT-1675,Oct,Central Zone,Broadband,Service Outage,Medium,Resolved,7.59,18.2,4.04
    TKT-1676,Sep,East Zone,Landline,No Signal,Medium,In Progress,18.87,75.63,2.73
    TKT-1677,Oct,West Zone,TV,Installation Delay,High,SLA Breached,12.98,40.82,3.47
    TKT-1678,Jan,North Zone,Mobile,Service Outage,High,Resolved,16.84,33.35,3.38
    TKT-1679,Apr,Central Zone,Mobile,Dropped Calls,Medium,In Progress,19.8,49.7,2.85
    TKT-1680,Sep,West Zone,TV,Slow Internet,High,Escalated,9.12,26.04,4.56
    TKT-1681,Apr,South Zone,Broadband,Billing Error,High,SLA Breached,5.0,50.91,3.99
    TKT-1682,Apr,North Zone,Mobile,Installation Delay,Medium,Escalated,15.12,27.9,3.91
    TKT-1683,Sep,North Zone,Broadband,Dropped Calls,High,Escalated,12.21,50.25,3.38
    TKT-1684,Nov,South Zone,Broadband,Dropped Calls,High,SLA Breached,11.03,68.9,3.02
    TKT-1685,Mar,West Zone,Landline,Service Outage,Low,Resolved,6.53,37.27,3.92
    TKT-1686,May,South Zone,Mobile,Billing Error,Low,Escalated,5.72,44.07,3.77
    TKT-1687,Jul,South Zone,Mobile,Dropped Calls,Medium,Escalated,9.77,28.61,3.95
    TKT-1688,Jan,South Zone,TV,Slow Internet,High,SLA Breached,6.16,24.29,4.43
    TKT-1689,Nov,Central Zone,Landline,Installation Delay,Medium,Resolved,6.4,40.62,3.84
    TKT-1690,Apr,West Zone,TV,Slow Internet,Low,Resolved,9.91,26.72,4.18
    TKT-1691,Jun,South Zone,Landline,Dropped Calls,Low,SLA Breached,6.76,58.98,3.82
    TKT-1692,Oct,West Zone,Broadband,Installation Delay,Low,Resolved,17.71,43.2,3.12
    TKT-1693,Apr,East Zone,Landline,Dropped Calls,Low,SLA Breached,6.5,29.39,4.3
    TKT-1694,Feb,North Zone,Landline,No Signal,Low,Resolved,17.91,50.29,3.2
    TKT-1695,May,West Zone,Broadband,Dropped Calls,High,SLA Breached,7.13,17.32,4.65
    TKT-1696,May,Central Zone,Landline,Service Outage,Low,Resolved,11.18,22.13,4.05
    TKT-1697,Jul,Central Zone,TV,Dropped Calls,Low,SLA Breached,15.62,45.91,3.44
    TKT-1698,Jun,North Zone,Landline,Service Outage,Low,Escalated,8.63,57.31,3.52
    TKT-1699,Mar,North Zone,Broadband,Installation Delay,Medium,SLA Breached,11.73,70.69,3.26
    TKT-1700,Oct,South Zone,Landline,Slow Internet,High,Escalated,8.08,31.29,4.0
    TKT-1701,Oct,South Zone,Mobile,Service Outage,Low,In Progress,15.14,65.47,3.12
    TKT-1702,Dec,South Zone,Landline,No Signal,Medium,Escalated,8.79,66.68,4.02
    TKT-1703,Aug,North Zone,Landline,Dropped Calls,Low,In Progress,13.15,35.06,3.7
    TKT-1704,Feb,South Zone,Landline,Dropped Calls,Low,SLA Breached,16.88,28.09,3.34
    TKT-1705,Nov,West Zone,Broadband,No Signal,High,In Progress,7.4,31.29,3.76
    TKT-1706,Oct,West Zone,Broadband,Service Outage,Low,In Progress,17.16,49.01,3.72
    TKT-1707,Oct,East Zone,Mobile,Service Outage,Medium,In Progress,16.89,55.83,3.05
    TKT-1708,Feb,East Zone,Landline,No Signal,Medium,SLA Breached,17.95,44.1,3.31
    TKT-1709,Feb,Central Zone,TV,Service Outage,Low,Escalated,19.37,49.59,3.27
    TKT-1710,Feb,North Zone,Broadband,Service Outage,Medium,Resolved,14.38,26.97,3.76
    TKT-1711,Feb,South Zone,TV,Dropped Calls,Low,Resolved,13.49,54.1,3.94
    TKT-1712,Jun,East Zone,Broadband,Installation Delay,Low,Escalated,14.25,33.58,3.62
    TKT-1713,Sep,East Zone,Mobile,Slow Internet,Medium,Escalated,10.25,26.18,3.51
    TKT-1714,Feb,West Zone,Mobile,Slow Internet,Low,Resolved,19.52,77.23,2.94
    TKT-1715,Jun,West Zone,TV,Service Outage,Low,In Progress,19.93,33.76,3.02
    TKT-1716,Nov,West Zone,Mobile,No Signal,Medium,Resolved,13.92,72.62,3.13
    TKT-1717,Aug,South Zone,TV,Billing Error,Medium,Escalated,19.84,63.35,2.27
    TKT-1718,Apr,North Zone,Mobile,Installation Delay,High,Escalated,17.54,39.03,3.69
    TKT-1719,Dec,South Zone,Broadband,Slow Internet,Medium,Escalated,6.51,45.88,3.46
    TKT-1720,May,North Zone,TV,Dropped Calls,High,In Progress,19.36,68.3,2.97
    TKT-1721,Sep,North Zone,Landline,Dropped Calls,Low,Escalated,6.09,56.25,3.96
    TKT-1722,Feb,South Zone,Mobile,Installation Delay,Medium,In Progress,11.05,68.38,3.63
    TKT-1723,Dec,Central Zone,Landline,Dropped Calls,Medium,Resolved,11.7,35.54,3.47
    TKT-1724,Sep,South Zone,TV,Dropped Calls,Low,In Progress,14.08,48.32,3.96
    TKT-1725,Aug,West Zone,Broadband,Service Outage,Medium,Escalated,14.06,45.93,3.2
    TKT-1726,Sep,Central Zone,TV,Slow Internet,Medium,In Progress,19.12,58.56,2.93
    TKT-1727,Dec,West Zone,Mobile,Dropped Calls,Low,Resolved,9.39,53.37,3.33
    TKT-1728,May,West Zone,Broadband,Slow Internet,Low,Escalated,18.47,57.54,3.31
    TKT-1729,Mar,West Zone,Broadband,Service Outage,Medium,Escalated,12.82,65.92,3.59
    TKT-1730,Oct,South Zone,Broadband,Service Outage,High,In Progress,6.13,19.8,4.37
    TKT-1731,Feb,North Zone,Mobile,No Signal,High,Escalated,11.98,45.31,3.45
    TKT-1732,Sep,West Zone,Broadband,Slow Internet,Low,SLA Breached,9.84,23.22,4.26
    TKT-1733,Nov,West Zone,Landline,Service Outage,Medium,In Progress,12.94,61.05,3.25
    TKT-1734,Sep,West Zone,Broadband,Service Outage,High,Escalated,14.25,24.71,4.07
    TKT-1735,Sep,East Zone,Broadband,Slow Internet,Low,Resolved,13.03,62.9,3.8
    TKT-1736,Apr,West Zone,Broadband,Billing Error,High,Resolved,8.63,40.47,3.64
    TKT-1737,Apr,West Zone,Broadband,Billing Error,High,Resolved,7.53,57.09,3.4
    TKT-1738,Oct,South Zone,Broadband,Dropped Calls,Low,SLA Breached,5.61,19.51,3.82
    TKT-1739,Jan,North Zone,TV,No Signal,Medium,Escalated,15.93,58.22,2.82
    TKT-1740,Jun,East Zone,Broadband,No Signal,Medium,In Progress,14.37,68.83,2.99
    TKT-1741,Oct,East Zone,Landline,Installation Delay,Low,Resolved,12.44,43.99,3.98
    TKT-1742,Nov,West Zone,Mobile,No Signal,High,SLA Breached,7.59,53.57,4.06
    TKT-1743,Aug,South Zone,TV,Service Outage,Medium,In Progress,10.63,43.73,3.75
    TKT-1744,Oct,Central Zone,TV,Installation Delay,High,SLA Breached,19.54,36.56,3.45
    TKT-1745,Aug,West Zone,Landline,Service Outage,Low,SLA Breached,15.51,58.24,3.09
    TKT-1746,Jan,South Zone,TV,No Signal,Low,Resolved,14.9,41.08,3.85
    TKT-1747,Mar,North Zone,Broadband,No Signal,Medium,SLA Breached,14.75,30.75,3.67
    TKT-1748,Feb,West Zone,Mobile,No Signal,Medium,SLA Breached,16.85,50.71,3.77
    TKT-1749,Oct,East Zone,Broadband,Billing Error,Low,Resolved,14.13,31.76,3.9
    TKT-1750,Aug,East Zone,Broadband,Dropped Calls,High,Escalated,10.55,34.79,3.58
    TKT-1751,Sep,South Zone,Mobile,Billing Error,Low,In Progress,12.91,67.95,3.01
    TKT-1752,Dec,South Zone,Landline,Slow Internet,High,Resolved,11.77,69.7,3.78
    TKT-1753,Aug,North Zone,Mobile,No Signal,Low,Resolved,14.95,68.51,3.25
    TKT-1754,Aug,North Zone,Broadband,Service Outage,Medium,SLA Breached,16.16,52.56,2.99
    TKT-1755,Jan,East Zone,Mobile,Installation Delay,Low,SLA Breached,7.8,46.63,4.05
    TKT-1756,Apr,West Zone,TV,Billing Error,Medium,Escalated,11.01,29.94,3.84
    TKT-1757,Nov,South Zone,Landline,Slow Internet,High,In Progress,10.5,69.39,3.66
    TKT-1758,Nov,North Zone,Mobile,Dropped Calls,High,Escalated,9.01,51.31,3.76
    TKT-1759,Aug,South Zone,Broadband,Billing Error,High,In Progress,5.23,31.14,4.63
    TKT-1760,Aug,South Zone,Mobile,Service Outage,High,In Progress,6.94,42.49,4.38
    TKT-1761,Jan,North Zone,Mobile,Billing Error,High,Escalated,19.97,64.72,2.7
    TKT-1762,Jun,West Zone,Broadband,Installation Delay,Low,SLA Breached,10.37,24.66,4.18
    TKT-1763,Feb,East Zone,Broadband,No Signal,High,Escalated,19.85,68.74,3.17
    TKT-1764,Jun,North Zone,TV,Billing Error,Low,Resolved,8.18,28.28,4.36
    TKT-1765,Feb,North Zone,TV,Service Outage,High,Resolved,11.46,24.33,3.6
    TKT-1766,Jul,South Zone,Landline,Installation Delay,Low,SLA Breached,13.56,48.9,3.57
    TKT-1767,Oct,North Zone,Broadband,Dropped Calls,Medium,Escalated,12.74,57.73,3.33
    TKT-1768,Apr,South Zone,Broadband,Billing Error,High,Resolved,17.32,52.91,3.49
    TKT-1769,Nov,East Zone,Mobile,Billing Error,High,Escalated,15.58,72.43,3.07
    TKT-1770,Jun,Central Zone,Mobile,No Signal,Medium,SLA Breached,10.61,34.13,4.36
    TKT-1771,Nov,Central Zone,TV,No Signal,Medium,Escalated,12.02,71.34,2.64
    TKT-1772,Jun,Central Zone,TV,Service Outage,Low,Escalated,11.06,21.87,4.49
    TKT-1773,Feb,West Zone,TV,Service Outage,High,Escalated,8.54,35.08,4.03
    TKT-1774,Nov,Central Zone,Landline,Dropped Calls,High,Resolved,13.06,65.53,3.15
    TKT-1775,Apr,West Zone,Broadband,No Signal,High,In Progress,19.19,40.08,3.51
    TKT-1776,May,North Zone,Broadband,Billing Error,Low,SLA Breached,11.27,47.54,3.73
    TKT-1777,Apr,South Zone,Mobile,Installation Delay,Low,Resolved,14.56,68.63,2.71
    TKT-1778,Jul,Central Zone,Broadband,No Signal,Low,SLA Breached,15.0,69.99,2.95
    TKT-1779,Jun,Central Zone,Broadband,Service Outage,Medium,In Progress,19.51,70.08,3.37
    TKT-1780,Nov,East Zone,Mobile,Dropped Calls,Low,Resolved,6.28,35.35,3.78
    TKT-1781,Apr,East Zone,TV,Dropped Calls,Medium,SLA Breached,13.01,56.36,3.43
    TKT-1782,Oct,South Zone,Mobile,Installation Delay,High,Escalated,15.43,47.35,3.91
    TKT-1783,Jul,West Zone,Broadband,No Signal,Low,In Progress,10.78,27.11,3.82
    TKT-1784,Jan,North Zone,Landline,Service Outage,Medium,SLA Breached,7.28,25.99,4.9
    TKT-1785,Aug,North Zone,Landline,Installation Delay,High,Resolved,12.83,64.15,2.98
    TKT-1786,Dec,West Zone,Mobile,Installation Delay,High,SLA Breached,15.84,46.82,3.37
    TKT-1787,Apr,North Zone,Mobile,Slow Internet,High,Resolved,6.18,30.53,3.99
    TKT-1788,Apr,West Zone,TV,Billing Error,High,In Progress,7.61,59.74,4.18
    TKT-1789,Aug,Central Zone,Broadband,Slow Internet,Medium,In Progress,15.18,63.38,3.54
    TKT-1790,Feb,Central Zone,Landline,Installation Delay,High,Escalated,9.28,42.03,3.93
    TKT-1791,Feb,East Zone,Landline,No Signal,High,Resolved,12.58,34.95,3.32
    TKT-1792,Jul,Central Zone,Landline,No Signal,High,In Progress,10.2,62.0,3.67
    TKT-1793,Jan,Central Zone,Mobile,Slow Internet,Low,Resolved,14.04,51.97,3.14
    TKT-1794,Feb,West Zone,TV,Service Outage,Medium,SLA Breached,16.18,38.47,3.65
    TKT-1795,Mar,Central Zone,Mobile,Slow Internet,Medium,SLA Breached,14.27,61.85,3.05
    TKT-1796,Jun,West Zone,Mobile,Service Outage,High,Resolved,15.83,56.58,3.54
    TKT-1797,Apr,South Zone,Landline,No Signal,Low,Resolved,6.63,54.23,3.56
    TKT-1798,Mar,East Zone,TV,Billing Error,Medium,SLA Breached,7.37,25.75,3.96
    TKT-1799,Oct,Central Zone,Mobile,Service Outage,High,Escalated,6.08,53.27,3.89
    TKT-1800,Sep,Central Zone,Broadband,Dropped Calls,High,Resolved,12.61,59.33,3.34
    TKT-1801,Oct,South Zone,Broadband,Billing Error,Medium,In Progress,8.27,37.84,3.4
    TKT-1802,Sep,East Zone,Mobile,Billing Error,Low,In Progress,16.01,73.55,2.79
    TKT-1803,May,East Zone,TV,Service Outage,Medium,Resolved,16.44,44.79,3.12
    TKT-1804,Aug,West Zone,Broadband,Slow Internet,Low,Resolved,7.6,20.32,3.42
    TKT-1805,May,West Zone,Broadband,Dropped Calls,Medium,In Progress,15.01,50.71,3.0
    TKT-1806,May,Central Zone,Broadband,Dropped Calls,Low,SLA Breached,8.88,34.34,4.23
    TKT-1807,Feb,East Zone,TV,Slow Internet,Low,Escalated,7.68,36.49,4.75
    TKT-1808,Jun,South Zone,Broadband,Service Outage,Low,Escalated,12.22,56.22,3.75
    TKT-1809,May,West Zone,TV,Billing Error,High,Resolved,10.84,55.41,3.72
    TKT-1810,Feb,West Zone,Mobile,Service Outage,High,Resolved,7.44,47.47,3.31
    TKT-1811,Jul,North Zone,Broadband,No Signal,Medium,Resolved,9.13,38.22,4.31
    TKT-1812,Jan,North Zone,Broadband,Service Outage,High,In Progress,17.26,68.51,3.19
    TKT-1813,Aug,Central Zone,Mobile,No Signal,Medium,Escalated,13.95,38.32,4.16
    TKT-1814,Jan,Central Zone,Broadband,No Signal,Low,Resolved,19.74,48.55,2.98
    TKT-1815,Jun,East Zone,Mobile,Service Outage,Low,SLA Breached,7.17,47.73,4.1
    TKT-1816,Jul,West Zone,Broadband,No Signal,Medium,Resolved,11.26,36.29,3.91
    TKT-1817,Mar,West Zone,TV,Service Outage,Medium,Escalated,7.89,31.43,4.01
    TKT-1818,Sep,West Zone,TV,No Signal,High,Resolved,19.15,73.35,2.48
    TKT-1819,Feb,West Zone,Landline,Service Outage,High,Escalated,11.16,65.0,3.98
    TKT-1820,Jun,East Zone,Mobile,No Signal,High,Escalated,17.77,74.35,2.77
    TKT-1821,May,South Zone,TV,No Signal,High,Resolved,7.68,46.93,3.46
    TKT-1822,Sep,North Zone,Broadband,Slow Internet,Medium,SLA Breached,19.38,51.13,2.89
    TKT-1823,Jan,West Zone,Landline,Slow Internet,Low,In Progress,8.08,55.84,3.59
    TKT-1824,Dec,North Zone,Mobile,Slow Internet,Medium,Escalated,10.09,35.63,3.49
    TKT-1825,Aug,East Zone,Broadband,No Signal,High,In Progress,11.17,56.93,4.3
    TKT-1826,Apr,South Zone,Broadband,Billing Error,Low,Escalated,10.0,36.93,4.03
    TKT-1827,Jul,South Zone,Landline,Slow Internet,Low,Resolved,18.49,68.03,2.41
    TKT-1828,Apr,North Zone,Landline,Billing Error,High,In Progress,11.03,59.26,3.2
    TKT-1829,Oct,East Zone,TV,Billing Error,Low,Escalated,12.98,70.08,2.85
    TKT-1830,May,Central Zone,Mobile,Service Outage,Low,SLA Breached,10.38,42.41,3.36
    TKT-1831,Apr,East Zone,Landline,Slow Internet,High,In Progress,17.26,53.95,2.86
    TKT-1832,Jun,East Zone,Broadband,Service Outage,Medium,SLA Breached,9.28,33.41,4.36
    TKT-1833,Dec,North Zone,Broadband,Service Outage,Low,SLA Breached,9.65,46.05,3.65
    TKT-1834,Nov,Central Zone,Landline,Service Outage,Medium,SLA Breached,14.24,38.86,3.72
    TKT-1835,Nov,South Zone,TV,Slow Internet,Medium,Escalated,10.14,70.05,3.47
    TKT-1836,Feb,East Zone,Mobile,Dropped Calls,Low,Escalated,19.18,34.86,3.31
    TKT-1837,Dec,Central Zone,Broadband,Service Outage,Medium,Resolved,14.49,27.11,3.69
    TKT-1838,Mar,West Zone,TV,Service Outage,Low,SLA Breached,17.76,31.59,3.65
    TKT-1839,Jul,West Zone,Mobile,Slow Internet,High,Escalated,9.66,58.58,3.16
    TKT-1840,Mar,North Zone,Landline,Slow Internet,Medium,Escalated,15.39,68.77,3.04
    TKT-1841,Oct,North Zone,TV,Installation Delay,Low,SLA Breached,17.18,36.88,3.38
    TKT-1842,Mar,East Zone,Broadband,Installation Delay,High,Escalated,8.24,60.57,3.68
    TKT-1843,Dec,Central Zone,Broadband,Slow Internet,Medium,Escalated,19.4,43.21,3.19
    TKT-1844,Oct,South Zone,TV,Service Outage,Medium,Escalated,5.05,17.05,4.93
    TKT-1845,Oct,South Zone,TV,Slow Internet,Low,In Progress,8.9,42.68,4.16
    TKT-1846,Jul,North Zone,TV,Dropped Calls,Medium,SLA Breached,11.84,49.2,3.94
    TKT-1847,Nov,West Zone,Broadband,Service Outage,High,SLA Breached,14.67,33.52,3.6
    TKT-1848,May,South Zone,Broadband,No Signal,Low,In Progress,7.1,35.66,4.04
    TKT-1849,Dec,West Zone,TV,No Signal,High,Resolved,11.27,29.56,3.8
    TKT-1850,Sep,South Zone,Broadband,Installation Delay,Low,Escalated,6.31,35.39,4.33
    TKT-1851,Aug,Central Zone,Broadband,Slow Internet,High,Resolved,7.72,44.93,3.82
    TKT-1852,Feb,South Zone,Mobile,No Signal,Medium,SLA Breached,19.17,42.82,3.18
    TKT-1853,Mar,South Zone,Landline,Service Outage,Low,In Progress,8.41,18.62,4.21
    TKT-1854,Jun,North Zone,TV,Billing Error,Medium,In Progress,19.63,72.76,2.83
    TKT-1855,Mar,Central Zone,Broadband,Installation Delay,High,Resolved,5.82,32.31,4.6
    TKT-1856,Feb,West Zone,Mobile,Dropped Calls,Low,Resolved,15.69,57.44,3.31
    TKT-1857,Jun,East Zone,TV,Dropped Calls,High,Resolved,8.35,44.63,3.88
    TKT-1858,Oct,Central Zone,Landline,Slow Internet,Medium,SLA Breached,14.82,59.06,3.53
    TKT-1859,Jul,South Zone,TV,Installation Delay,Low,Resolved,12.52,40.61,3.64
    TKT-1860,Aug,West Zone,TV,Dropped Calls,Medium,SLA Breached,7.74,48.41,3.85
    TKT-1861,Feb,Central Zone,TV,Slow Internet,Medium,SLA Breached,19.07,29.28,3.79
    TKT-1862,Apr,South Zone,Landline,Installation Delay,High,SLA Breached,15.74,63.84,3.22
    TKT-1863,Mar,West Zone,Landline,Dropped Calls,High,Escalated,6.24,21.35,3.66
    TKT-1864,Jun,West Zone,TV,Billing Error,High,SLA Breached,9.49,57.41,4.23
    TKT-1865,Mar,South Zone,Broadband,Dropped Calls,High,Escalated,10.94,30.37,3.4
    TKT-1866,Jul,East Zone,Broadband,No Signal,High,SLA Breached,16.85,41.29,3.3
    TKT-1867,Jun,Central Zone,TV,No Signal,Low,Resolved,19.42,38.76,3.11
    TKT-1868,Aug,South Zone,Broadband,Dropped Calls,High,Resolved,6.01,37.09,4.65
    TKT-1869,Dec,East Zone,TV,Slow Internet,Medium,SLA Breached,10.95,62.03,3.49
    TKT-1870,Feb,North Zone,TV,No Signal,High,Resolved,5.07,40.53,4.24
    TKT-1871,Jun,North Zone,TV,Installation Delay,Low,Escalated,13.13,34.12,3.56
    TKT-1872,Apr,South Zone,TV,Slow Internet,High,Resolved,14.47,28.41,3.72
    TKT-1873,Feb,South Zone,TV,Billing Error,High,Escalated,19.11,67.19,3.24
    TKT-1874,Oct,South Zone,Mobile,Installation Delay,High,SLA Breached,10.82,34.7,3.65
    TKT-1875,Aug,East Zone,Mobile,Billing Error,Medium,Escalated,17.75,57.91,3.01
    TKT-1876,Nov,South Zone,Mobile,Slow Internet,High,Resolved,10.76,57.47,3.71
    TKT-1877,Jan,North Zone,Broadband,No Signal,Medium,In Progress,10.08,40.01,4.06
    TKT-1878,Jan,East Zone,TV,Billing Error,Low,SLA Breached,11.47,64.96,3.92
    TKT-1879,Jun,West Zone,TV,Billing Error,Low,In Progress,19.22,35.66,3.47
    TKT-1880,Mar,South Zone,Broadband,Billing Error,Low,In Progress,19.38,30.45,3.66
    TKT-1881,Oct,West Zone,Mobile,Service Outage,Medium,SLA Breached,14.63,73.1,3.12
    TKT-1882,Mar,East Zone,Mobile,Installation Delay,High,In Progress,17.81,66.39,3.32
    TKT-1883,Sep,South Zone,Landline,Dropped Calls,Medium,Resolved,19.35,73.3,3.29
    TKT-1884,Jun,South Zone,Mobile,No Signal,Low,SLA Breached,14.57,27.69,4.03
    TKT-1885,Sep,Central Zone,Landline,Slow Internet,Low,Escalated,17.57,43.23,2.83
    TKT-1886,Jun,North Zone,Broadband,Service Outage,Medium,SLA Breached,13.12,69.48,2.92
    TKT-1887,Nov,West Zone,Broadband,Dropped Calls,High,SLA Breached,6.73,28.12,4.24
    TKT-1888,Sep,North Zone,Broadband,Installation Delay,High,In Progress,10.09,48.66,3.95
    TKT-1889,Oct,West Zone,Mobile,No Signal,Medium,Escalated,8.68,51.26,3.76
    TKT-1890,Jul,East Zone,Landline,Installation Delay,High,Resolved,11.25,58.44,3.09
    TKT-1891,Aug,Central Zone,Broadband,Installation Delay,Medium,Resolved,8.72,37.94,4.47
    TKT-1892,Jan,West Zone,Mobile,Service Outage,Medium,In Progress,8.91,62.3,3.37
    TKT-1893,Apr,North Zone,TV,Slow Internet,Medium,SLA Breached,8.46,58.01,4.04
    TKT-1894,Oct,Central Zone,Broadband,Billing Error,Medium,In Progress,5.48,60.27,3.58
    TKT-1895,Aug,Central Zone,Landline,Service Outage,Medium,SLA Breached,14.42,53.84,2.94
    TKT-1896,Sep,South Zone,Broadband,Installation Delay,Low,Resolved,18.49,76.99,2.73
    TKT-1897,Nov,Central Zone,Broadband,Installation Delay,Medium,SLA Breached,16.0,47.57,3.96
    TKT-1898,Apr,West Zone,Landline,Installation Delay,Low,SLA Breached,7.61,20.8,4.43
    TKT-1899,Jul,North Zone,Landline,Dropped Calls,Low,Resolved,13.23,47.28,3.7
    TKT-1900,Oct,West Zone,Broadband,Installation Delay,Low,Resolved,18.24,37.45,4.13
    TKT-1901,Jan,West Zone,Broadband,Installation Delay,Medium,SLA Breached,5.56,22.6,4.37
    TKT-1902,May,East Zone,TV,Dropped Calls,Medium,Resolved,16.32,72.99,2.72
    TKT-1903,Dec,Central Zone,Mobile,No Signal,Low,Escalated,10.76,59.3,3.58
    TKT-1904,Sep,South Zone,Mobile,Slow Internet,Low,Resolved,9.14,40.19,4.0
    TKT-1905,Jan,Central Zone,TV,Installation Delay,Medium,In Progress,16.54,46.24,3.66
    TKT-1906,Sep,Central Zone,Mobile,Service Outage,Low,In Progress,17.0,59.38,2.96
    TKT-1907,Jul,West Zone,Landline,No Signal,High,Escalated,5.98,51.23,3.38
    TKT-1908,Jan,East Zone,TV,Dropped Calls,Medium,Escalated,16.01,42.1,2.72
    TKT-1909,Aug,North Zone,Mobile,Installation Delay,High,In Progress,11.64,29.41,4.37
    TKT-1910,Jul,South Zone,Landline,Slow Internet,High,Resolved,6.38,50.68,3.67
    TKT-1911,Jun,South Zone,TV,Service Outage,Low,SLA Breached,19.74,73.0,3.08
    TKT-1912,Mar,East Zone,Broadband,Service Outage,High,In Progress,8.98,41.25,3.81
    TKT-1913,Sep,West Zone,Broadband,Slow Internet,Medium,In Progress,17.22,73.59,3.22
    TKT-1914,Sep,East Zone,Landline,Installation Delay,Medium,Resolved,15.0,71.51,2.81
    TKT-1915,Dec,West Zone,Mobile,Installation Delay,Low,Escalated,16.21,62.74,3.12
    TKT-1916,Feb,East Zone,Broadband,Installation Delay,Low,SLA Breached,8.65,25.11,4.33
    TKT-1917,Oct,Central Zone,Broadband,Billing Error,Low,In Progress,18.11,31.09,3.89
    TKT-1918,Oct,Central Zone,TV,Service Outage,High,Resolved,10.62,60.62,3.52
    TKT-1919,Jun,South Zone,Mobile,Slow Internet,Medium,In Progress,5.81,62.03,3.44
    TKT-1920,Apr,Central Zone,Landline,Slow Internet,Low,In Progress,6.52,33.87,4.01
    TKT-1921,Jan,West Zone,Mobile,Slow Internet,Low,In Progress,17.04,47.02,3.19
    TKT-1922,Dec,West Zone,Landline,Installation Delay,High,Resolved,16.07,41.88,3.71
    TKT-1923,Dec,East Zone,TV,Slow Internet,Medium,Escalated,11.84,69.5,3.27
    TKT-1924,Mar,East Zone,TV,No Signal,Low,SLA Breached,16.71,42.44,3.44
    TKT-1925,Mar,South Zone,Landline,Service Outage,High,Escalated,11.35,60.05,3.45
    TKT-1926,Apr,South Zone,Broadband,Slow Internet,Low,Escalated,8.56,30.31,4.0
    TKT-1927,Dec,North Zone,Broadband,Billing Error,Medium,In Progress,13.33,35.5,3.9
    TKT-1928,Sep,North Zone,TV,Slow Internet,Low,Resolved,10.67,54.86,3.71
    TKT-1929,Feb,East Zone,Broadband,No Signal,High,Escalated,9.89,26.57,3.56
    TKT-1930,Apr,North Zone,Broadband,Billing Error,Medium,Escalated,12.24,37.15,3.79
    TKT-1931,Apr,South Zone,TV,Service Outage,Medium,SLA Breached,5.61,60.25,3.34
    TKT-1932,Apr,Central Zone,TV,Installation Delay,Low,In Progress,8.33,52.03,3.34
    TKT-1933,Jun,East Zone,Landline,Installation Delay,Medium,In Progress,10.06,45.02,3.73
    TKT-1934,May,South Zone,Broadband,Dropped Calls,High,SLA Breached,19.58,47.65,3.22
    TKT-1935,Oct,East Zone,TV,No Signal,Low,Resolved,7.7,18.48,4.28
    TKT-1936,Dec,South Zone,Mobile,Slow Internet,High,Resolved,17.92,36.12,3.94
    TKT-1937,Jul,North Zone,TV,Service Outage,High,In Progress,19.58,57.51,2.81
    TKT-1938,Sep,East Zone,Mobile,Installation Delay,Low,Resolved,17.74,69.92,3.03
    TKT-1939,Feb,Central Zone,Broadband,Installation Delay,Low,In Progress,13.6,72.79,2.83
    TKT-1940,Sep,North Zone,Landline,Slow Internet,Medium,Escalated,7.53,49.1,4.0
    TKT-1941,Nov,North Zone,Broadband,Dropped Calls,Low,Escalated,19.19,64.79,2.96
    TKT-1942,Jul,South Zone,TV,Service Outage,High,Escalated,16.95,47.6,2.85
    TKT-1943,Apr,Central Zone,Broadband,Slow Internet,Low,In Progress,9.76,30.43,4.09
    TKT-1944,Apr,West Zone,Broadband,Service Outage,Low,Resolved,17.11,36.52,3.23
    TKT-1945,Sep,North Zone,Broadband,Service Outage,Low,In Progress,16.84,63.04,3.21
    TKT-1946,Feb,East Zone,Mobile,Dropped Calls,Low,Resolved,15.2,72.12,2.93
    TKT-1947,Jul,South Zone,Mobile,Billing Error,High,SLA Breached,6.96,33.25,3.56
    TKT-1948,Jun,North Zone,TV,Installation Delay,Medium,Escalated,19.32,33.14,3.25
    TKT-1949,Mar,South Zone,TV,Dropped Calls,High,Escalated,19.07,36.15,3.88
    TKT-1950,May,Central Zone,Landline,Dropped Calls,High,Resolved,17.21,65.62,3.29
    TKT-1951,Dec,North Zone,TV,No Signal,Medium,Resolved,11.08,49.52,3.42
    TKT-1952,Mar,South Zone,Landline,Service Outage,Medium,In Progress,16.53,47.91,3.08
    TKT-1953,Jan,North Zone,Broadband,No Signal,High,Resolved,15.4,37.94,3.39
    TKT-1954,Feb,West Zone,Broadband,Installation Delay,Medium,In Progress,19.67,59.41,3.43
    TKT-1955,May,North Zone,Landline,Service Outage,Low,Escalated,13.95,43.4,3.68
    TKT-1956,Nov,South Zone,Landline,No Signal,Medium,SLA Breached,11.36,63.85,3.17
    TKT-1957,Jun,South Zone,Landline,Billing Error,Medium,Escalated,14.79,30.86,3.91
    TKT-1958,Dec,Central Zone,Landline,Installation Delay,Low,In Progress,7.81,62.39,3.78
    TKT-1959,Apr,North Zone,TV,Billing Error,High,Resolved,15.08,46.65,3.7
    TKT-1960,Mar,West Zone,Landline,No Signal,Low,Resolved,10.67,21.95,3.89
    TKT-1961,Jul,Central Zone,Mobile,Dropped Calls,Low,Resolved,18.83,68.37,3.04
    TKT-1962,Jul,East Zone,Broadband,Slow Internet,High,SLA Breached,18.14,54.35,3.58
    TKT-1963,Nov,East Zone,TV,Dropped Calls,Low,Resolved,9.59,63.83,3.18
    TKT-1964,May,South Zone,Mobile,No Signal,Low,Resolved,16.74,42.2,3.1
    TKT-1965,Jan,East Zone,Broadband,Dropped Calls,High,Escalated,10.19,53.8,3.6
    TKT-1966,Dec,West Zone,TV,Dropped Calls,Medium,In Progress,7.21,40.01,3.78
    TKT-1967,Sep,South Zone,Landline,Service Outage,Medium,In Progress,8.79,52.96,3.52
    TKT-1968,Jan,East Zone,TV,No Signal,Medium,SLA Breached,10.79,28.79,3.89
    TKT-1969,Nov,South Zone,Broadband,Dropped Calls,High,SLA Breached,11.76,47.87,3.03
    TKT-1970,Feb,East Zone,Broadband,Service Outage,Low,In Progress,7.97,20.42,4.21
    TKT-1971,Jan,East Zone,Broadband,Dropped Calls,Medium,SLA Breached,10.02,38.98,3.94
    TKT-1972,Feb,Central Zone,Mobile,Service Outage,High,SLA Breached,16.02,29.11,3.94
    TKT-1973,Jun,South Zone,TV,Slow Internet,Low,In Progress,19.7,60.51,2.84
    TKT-1974,Sep,West Zone,Landline,Slow Internet,Medium,Resolved,7.26,31.2,4.41
    TKT-1975,Nov,North Zone,Broadband,Service Outage,High,In Progress,18.76,32.67,3.19
    TKT-1976,Jan,East Zone,TV,No Signal,Low,SLA Breached,6.76,52.52,4.53
    TKT-1977,Aug,North Zone,Mobile,Slow Internet,Low,Resolved,10.03,38.18,4.54
    TKT-1978,Apr,North Zone,Mobile,Billing Error,High,In Progress,19.46,76.0,2.73
    TKT-1979,Nov,Central Zone,Broadband,Installation Delay,Low,Escalated,10.07,57.28,3.33
    TKT-1980,Oct,North Zone,Broadband,No Signal,Medium,Escalated,6.49,36.33,3.7
    TKT-1981,May,South Zone,TV,Slow Internet,Low,Escalated,17.62,34.25,3.29
    TKT-1982,May,West Zone,Mobile,No Signal,Low,SLA Breached,6.09,33.83,3.58
    TKT-1983,Apr,Central Zone,Mobile,Installation Delay,High,In Progress,9.31,64.83,3.98
    TKT-1984,Feb,South Zone,Broadband,Service Outage,Low,In Progress,19.27,65.5,2.94
    TKT-1985,Dec,East Zone,Mobile,Dropped Calls,High,Escalated,16.05,60.75,3.4
    TKT-1986,Jul,East Zone,TV,Installation Delay,Medium,In Progress,17.29,41.09,3.54
    TKT-1987,Mar,East Zone,Mobile,Billing Error,Medium,Resolved,12.7,30.9,3.16
    TKT-1988,Oct,East Zone,Broadband,Slow Internet,Low,In Progress,7.86,33.91,4.28
    TKT-1989,Jan,North Zone,Landline,Dropped Calls,Low,In Progress,12.86,29.6,4.06
    TKT-1990,Mar,West Zone,Broadband,Service Outage,High,Escalated,15.09,59.08,3.2
    TKT-1991,Sep,Central Zone,Landline,Dropped Calls,High,Resolved,7.99,19.01,4.69
    TKT-1992,Sep,North Zone,Landline,Installation Delay,Low,In Progress,7.19,61.76,2.88
    TKT-1993,Mar,West Zone,TV,Dropped Calls,Low,In Progress,19.46,45.69,3.44
    TKT-1994,Aug,Central Zone,Landline,Installation Delay,Low,Resolved,5.0,55.27,3.64
    TKT-1995,Apr,West Zone,Broadband,No Signal,Low,In Progress,13.44,32.8,3.96
    TKT-1996,Dec,Central Zone,Broadband,Billing Error,High,Resolved,7.67,19.74,4.45
    TKT-1997,Aug,North Zone,Mobile,Billing Error,Medium,Escalated,12.88,57.98,3.41
    TKT-1998,Feb,Central Zone,Landline,Installation Delay,Medium,Escalated,15.87,26.65,3.63
    TKT-1999,Feb,East Zone,Mobile,No Signal,Low,In Progress,9.54,43.84,4.07
    TKT-2000,Jun,North Zone,Mobile,No Signal,High,In Progress,6.07,39.43,4.09
    TKT-2001,Jun,South Zone,Broadband,No Signal,Low,SLA Breached,11.79,47.56,3.7
    TKT-2002,May,Central Zone,Landline,Service Outage,High,In Progress,11.22,42.9,4.22
    TKT-2003,Aug,South Zone,Mobile,Dropped Calls,Medium,In Progress,9.73,22.76,3.94
    TKT-2004,Jun,West Zone,Mobile,Service Outage,Medium,Resolved,12.04,47.61,3.06
    TKT-2005,Mar,East Zone,Broadband,Installation Delay,High,SLA Breached,14.59,68.23,3.49
    TKT-2006,Apr,South Zone,TV,Slow Internet,Low,Escalated,14.1,67.14,3.27
    TKT-2007,Mar,North Zone,TV,Billing Error,High,In Progress,15.24,70.11,2.94
    TKT-2008,Sep,South Zone,Broadband,Dropped Calls,Low,SLA Breached,5.46,49.11,3.96
    TKT-2009,Mar,North Zone,Landline,Installation Delay,Low,SLA Breached,9.79,49.11,3.74
    TKT-2010,Apr,West Zone,TV,Service Outage,High,In Progress,11.87,59.49,3.5
    TKT-2011,Apr,East Zone,Landline,Billing Error,High,SLA Breached,14.41,45.41,3.53
    TKT-2012,Nov,East Zone,TV,No Signal,High,SLA Breached,16.47,62.67,3.35
    TKT-2013,Aug,North Zone,Landline,Service Outage,Medium,Escalated,8.55,36.32,4.23
    TKT-2014,Mar,Central Zone,Broadband,Slow Internet,Medium,Escalated,19.36,31.67,3.78
    TKT-2015,Sep,West Zone,TV,Service Outage,Low,Escalated,7.05,45.31,3.6
    TKT-2016,Aug,North Zone,Broadband,Billing Error,Low,Resolved,19.71,61.97,2.88
    TKT-2017,Jul,North Zone,TV,No Signal,Medium,In Progress,15.32,60.56,3.0
    TKT-2018,Nov,Central Zone,Mobile,Service Outage,Low,Resolved,19.64,76.59,3.28
    TKT-2019,Oct,East Zone,Landline,Service Outage,High,Escalated,17.09,71.51,3.02
    TKT-2020,Mar,West Zone,Mobile,Dropped Calls,Low,In Progress,11.38,71.16,2.9
    TKT-2021,Oct,East Zone,TV,Installation Delay,High,Resolved,17.41,68.27,3.06
    TKT-2022,Dec,South Zone,Mobile,Dropped Calls,High,Escalated,6.67,61.74,3.49
    TKT-2023,Oct,West Zone,Broadband,No Signal,Low,Escalated,19.23,32.27,3.59
    TKT-2024,Sep,West Zone,Mobile,Dropped Calls,High,SLA Breached,10.37,30.02,3.8
    TKT-2025,Jul,East Zone,TV,No Signal,Medium,Resolved,8.47,65.97,3.0
    TKT-2026,Nov,North Zone,Broadband,Slow Internet,Low,Escalated,5.6,27.4,4.12
    TKT-2027,Jul,South Zone,Broadband,Service Outage,Low,SLA Breached,17.2,27.42,3.12
    TKT-2028,Nov,East Zone,Mobile,Slow Internet,Medium,In Progress,7.72,41.51,3.92
    TKT-2029,Aug,East Zone,Landline,Service Outage,Medium,Escalated,8.58,29.91,3.58
    TKT-2030,Aug,East Zone,Mobile,Billing Error,Low,SLA Breached,15.71,27.55,4.09
    TKT-2031,Apr,Central Zone,Mobile,Dropped Calls,Low,Escalated,17.96,34.12,3.67
    TKT-2032,Jul,South Zone,TV,Installation Delay,High,SLA Breached,6.71,28.74,3.92
    TKT-2033,Mar,North Zone,Landline,Service Outage,Medium,Escalated,9.87,29.01,4.1
    TKT-2034,Apr,South Zone,TV,Service Outage,Low,Escalated,6.41,37.82,4.39
    TKT-2035,May,South Zone,Landline,Billing Error,High,Escalated,17.65,75.25,2.68
    TKT-2036,Apr,South Zone,Mobile,Slow Internet,Low,SLA Breached,16.35,65.11,2.76
    TKT-2037,May,Central Zone,Landline,No Signal,High,Escalated,17.3,44.06,3.37
    TKT-2038,Nov,West Zone,Broadband,Slow Internet,Medium,Resolved,14.91,52.47,3.43
    TKT-2039,May,South Zone,Landline,Slow Internet,Low,Escalated,18.81,43.21,3.08
    TKT-2040,Apr,West Zone,TV,Billing Error,High,Resolved,12.9,69.24,2.98
    TKT-2041,Apr,West Zone,Broadband,Billing Error,High,Resolved,18.48,58.16,3.31
    TKT-2042,Nov,South Zone,Landline,Slow Internet,Low,SLA Breached,15.2,45.56,3.73
    TKT-2043,Dec,North Zone,Landline,Dropped Calls,Low,Resolved,14.2,55.61,3.14
    TKT-2044,Jun,East Zone,Mobile,Slow Internet,High,In Progress,9.31,43.95,3.38
    TKT-2045,Oct,Central Zone,TV,Dropped Calls,High,Escalated,12.24,31.46,4.5
    TKT-2046,Jul,West Zone,TV,No Signal,Medium,In Progress,5.64,24.19,4.35
    TKT-2047,Mar,East Zone,Mobile,No Signal,High,SLA Breached,9.84,41.06,3.75
    TKT-2048,Jun,Central Zone,TV,Installation Delay,Low,Escalated,19.35,73.69,2.88
    TKT-2049,May,North Zone,Mobile,No Signal,Low,Escalated,10.59,39.17,3.88
    TKT-2050,Feb,Central Zone,TV,Service Outage,Medium,Resolved,8.65,20.66,4.27
    TKT-2051,Nov,Central Zone,Broadband,Dropped Calls,Low,Resolved,13.78,34.52,3.58
    TKT-2052,Feb,South Zone,TV,Dropped Calls,Low,SLA Breached,8.19,22.22,4.94
    TKT-2053,Feb,South Zone,TV,Billing Error,Low,Escalated,19.8,75.39,2.92
    TKT-2054,May,Central Zone,Mobile,Billing Error,Medium,SLA Breached,8.67,49.51,3.65
    TKT-2055,May,Central Zone,Broadband,Installation Delay,Low,In Progress,14.58,62.16,3.47
    TKT-2056,May,North Zone,TV,Slow Internet,High,SLA Breached,18.6,76.54,2.44
    TKT-2057,Aug,East Zone,Broadband,No Signal,Low,Resolved,17.64,36.65,3.56
    TKT-2058,Apr,South Zone,Landline,Slow Internet,Low,Escalated,18.65,75.57,2.99
    TKT-2059,May,Central Zone,Landline,No Signal,Medium,Resolved,12.44,39.83,4.22
    TKT-2060,Jun,East Zone,TV,Dropped Calls,High,Escalated,7.14,49.17,4.19
    TKT-2061,Jan,East Zone,Broadband,Slow Internet,Medium,Resolved,8.59,61.96,3.9
    TKT-2062,Jul,South Zone,Landline,No Signal,High,SLA Breached,13.99,52.32,3.79
    TKT-2063,Aug,East Zone,Landline,Slow Internet,Medium,Resolved,14.84,74.02,3.52
    TKT-2064,Jul,North Zone,Landline,Dropped Calls,Medium,Escalated,12.02,63.4,2.73
    TKT-2065,Aug,South Zone,Mobile,Billing Error,Low,Escalated,8.95,40.29,3.47
    TKT-2066,Apr,Central Zone,Mobile,Billing Error,Medium,Escalated,19.78,55.87,3.25
    TKT-2067,Nov,South Zone,Mobile,Dropped Calls,Medium,In Progress,6.68,48.69,3.88
    TKT-2068,Sep,Central Zone,Mobile,Installation Delay,High,SLA Breached,13.89,70.45,3.3
    TKT-2069,Jul,West Zone,TV,No Signal,Low,SLA Breached,8.2,24.04,4.57
    TKT-2070,Aug,East Zone,Broadband,Billing Error,High,SLA Breached,5.26,29.89,4.34
    TKT-2071,Jul,South Zone,Mobile,No Signal,Medium,SLA Breached,15.47,52.27,3.45
    TKT-2072,Dec,Central Zone,Landline,Service Outage,High,Resolved,13.81,57.78,3.2
    TKT-2073,Dec,East Zone,Broadband,Installation Delay,High,SLA Breached,9.99,33.82,4.18
    TKT-2074,Jun,West Zone,TV,Dropped Calls,High,In Progress,12.69,35.0,3.68
    TKT-2075,Jul,South Zone,Mobile,No Signal,Medium,Resolved,12.98,61.4,3.14
    TKT-2076,Oct,Central Zone,Broadband,Installation Delay,High,SLA Breached,11.21,36.15,3.43
    TKT-2077,Sep,West Zone,Landline,Dropped Calls,High,In Progress,15.17,59.4,3.12
    TKT-2078,Dec,West Zone,Broadband,Service Outage,Medium,In Progress,7.55,27.68,4.01
    TKT-2079,Apr,East Zone,TV,Installation Delay,Medium,In Progress,18.13,33.56,3.69
    TKT-2080,Oct,South Zone,Landline,Billing Error,High,Escalated,11.07,23.17,3.92
    TKT-2081,Oct,North Zone,TV,Installation Delay,Medium,In Progress,7.52,34.79,3.72
    TKT-2082,Mar,West Zone,TV,Dropped Calls,Medium,Resolved,9.26,25.46,4.24
    TKT-2083,Aug,South Zone,Landline,Installation Delay,Low,In Progress,10.54,38.17,4.15
    TKT-2084,Apr,North Zone,TV,Installation Delay,Low,In Progress,11.13,23.76,3.57
    TKT-2085,Nov,Central Zone,Mobile,Installation Delay,Medium,Resolved,18.99,73.72,2.99
    TKT-2086,Oct,South Zone,Landline,Slow Internet,High,SLA Breached,17.79,56.78,3.49
    TKT-2087,Oct,South Zone,TV,Service Outage,Medium,Resolved,6.6,64.81,3.93
    TKT-2088,Jul,Central Zone,Landline,Service Outage,Medium,In Progress,10.36,64.91,3.33
    TKT-2089,May,South Zone,Mobile,Billing Error,Low,SLA Breached,18.81,73.91,3.31
    TKT-2090,Aug,North Zone,Landline,Billing Error,Low,Escalated,7.39,24.43,3.72
    TKT-2091,Oct,North Zone,Broadband,Dropped Calls,Low,Resolved,18.26,29.13,3.39
    TKT-2092,Jul,East Zone,Broadband,Service Outage,Low,Resolved,12.27,33.5,3.88
    TKT-2093,May,North Zone,Mobile,Billing Error,Medium,Resolved,16.08,39.34,3.54
    TKT-2094,Apr,Central Zone,Mobile,No Signal,Low,Resolved,18.19,57.19,3.25
    TKT-2095,Mar,South Zone,Broadband,Billing Error,Medium,Resolved,13.07,27.44,3.91
    TKT-2096,Dec,West Zone,TV,Service Outage,Low,Escalated,17.55,42.05,3.19
    TKT-2097,Jul,South Zone,TV,Slow Internet,High,In Progress,14.25,63.22,3.68
    TKT-2098,Jan,South Zone,TV,Dropped Calls,High,In Progress,19.56,42.3,3.21
    TKT-2099,Nov,East Zone,TV,Installation Delay,High,Escalated,18.59,43.27,3.58
    TKT-2100,Apr,West Zone,Broadband,Billing Error,High,In Progress,17.36,37.93,3.29
    TKT-2101,Oct,South Zone,Mobile,Slow Internet,High,Resolved,11.78,47.73,3.71
    TKT-2102,Apr,East Zone,TV,Installation Delay,Low,Escalated,13.47,67.8,2.8
    TKT-2103,Jan,West Zone,TV,Dropped Calls,Medium,Resolved,16.8,45.03,3.4
    TKT-2104,Nov,North Zone,TV,Installation Delay,High,Resolved,18.39,53.5,3.15
    TKT-2105,May,North Zone,Broadband,Service Outage,Low,Resolved,17.94,38.59,3.94
    TKT-2106,May,Central Zone,Mobile,Installation Delay,Low,SLA Breached,18.85,65.9,3.25
    TKT-2107,Mar,West Zone,TV,Slow Internet,High,In Progress,10.77,57.69,3.34
    TKT-2108,Apr,West Zone,TV,Installation Delay,Medium,SLA Breached,5.51,56.45,3.38
    TKT-2109,Sep,Central Zone,Landline,Billing Error,High,Escalated,11.3,65.79,3.57
    TKT-2110,Mar,West Zone,TV,Slow Internet,Medium,Resolved,6.11,40.2,4.06
    TKT-2111,Mar,West Zone,Mobile,Installation Delay,Medium,Resolved,5.12,36.28,4.17
    TKT-2112,Apr,North Zone,TV,Installation Delay,Medium,SLA Breached,13.18,37.05,3.76
    TKT-2113,May,West Zone,Mobile,Billing Error,Medium,Escalated,9.36,65.51,3.11
    TKT-2114,Jan,Central Zone,Broadband,Billing Error,High,Resolved,12.69,59.62,3.57
    TKT-2115,Aug,Central Zone,TV,Service Outage,High,Resolved,19.04,51.94,3.24
    TKT-2116,Jun,Central Zone,Broadband,Installation Delay,Medium,In Progress,10.07,23.65,4.41
    TKT-2117,Feb,West Zone,Broadband,Dropped Calls,Low,SLA Breached,16.41,50.68,3.43
    TKT-2118,Jun,West Zone,Landline,Slow Internet,High,Resolved,11.62,44.22,3.76
    TKT-2119,Dec,West Zone,Mobile,Slow Internet,Low,Resolved,9.99,49.56,3.5
    TKT-2120,Mar,West Zone,Mobile,Installation Delay,Low,Escalated,6.56,35.8,3.98
    TKT-2121,May,East Zone,Broadband,Slow Internet,Low,In Progress,14.04,74.03,3.5
    TKT-2122,Oct,West Zone,Mobile,Installation Delay,High,SLA Breached,8.08,52.85,3.73
    TKT-2123,Jul,Central Zone,Mobile,Service Outage,Low,SLA Breached,16.41,49.05,3.17
    TKT-2124,Jul,North Zone,Broadband,Slow Internet,Low,SLA Breached,13.23,33.13,3.58
    TKT-2125,Jan,Central Zone,TV,Service Outage,Low,In Progress,5.77,49.92,3.88
    TKT-2126,Apr,West Zone,Mobile,No Signal,Low,In Progress,13.2,36.03,4.24
    TKT-2127,Jun,North Zone,Broadband,Dropped Calls,High,Resolved,14.06,73.59,3.11
    TKT-2128,Aug,North Zone,Landline,No Signal,High,Escalated,14.53,69.78,3.13
    TKT-2129,Aug,Central Zone,TV,Slow Internet,Medium,In Progress,6.55,43.7,4.28
    TKT-2130,Apr,South Zone,TV,Dropped Calls,High,Resolved,19.21,31.27,3.79
    TKT-2131,Apr,South Zone,TV,Slow Internet,Low,In Progress,10.76,44.35,3.79
    TKT-2132,Feb,East Zone,TV,Slow Internet,Medium,Resolved,7.83,52.29,3.43
    TKT-2133,Sep,South Zone,Broadband,Billing Error,Low,Escalated,11.81,53.32,3.72
    TKT-2134,Mar,West Zone,Landline,Installation Delay,Low,SLA Breached,15.06,36.88,3.62
    TKT-2135,Jan,South Zone,Broadband,Service Outage,Low,Escalated,6.38,28.37,4.12
    TKT-2136,Jan,South Zone,Broadband,Slow Internet,High,Resolved,10.63,45.78,3.89
    TKT-2137,May,West Zone,Landline,Service Outage,Low,In Progress,12.84,25.0,4.12
    TKT-2138,May,North Zone,TV,Slow Internet,Medium,SLA Breached,10.76,26.72,4.08
    TKT-2139,Apr,South Zone,Landline,Billing Error,Medium,Escalated,13.93,41.07,3.43
    TKT-2140,Jun,South Zone,Mobile,Dropped Calls,High,SLA Breached,12.37,37.54,4.13
    TKT-2141,May,East Zone,TV,Dropped Calls,High,Escalated,13.41,66.72,2.7
    TKT-2142,Jun,East Zone,Mobile,Service Outage,Medium,Resolved,18.55,28.97,4.1
    TKT-2143,Jun,Central Zone,Landline,Service Outage,High,Resolved,18.42,31.28,3.14
    TKT-2144,Jun,East Zone,Landline,Installation Delay,Medium,In Progress,7.87,31.54,3.5
    TKT-2145,Feb,South Zone,TV,Slow Internet,Low,Resolved,19.77,75.33,3.04
    TKT-2146,Nov,South Zone,Mobile,Dropped Calls,Low,Resolved,18.84,32.91,3.79
    TKT-2147,Aug,North Zone,Broadband,Billing Error,Medium,Escalated,19.08,34.76,3.23
    TKT-2148,Jan,Central Zone,Mobile,No Signal,High,Escalated,11.45,41.8,3.59
    TKT-2149,Jul,Central Zone,Broadband,Service Outage,High,Escalated,9.73,56.42,3.82
    TKT-2150,Mar,Central Zone,TV,Dropped Calls,Low,SLA Breached,18.04,47.39,3.42
    TKT-2151,Mar,North Zone,TV,Billing Error,Low,Escalated,17.07,73.39,2.99
    TKT-2152,May,West Zone,Landline,Slow Internet,High,SLA Breached,16.62,52.31,3.42
    TKT-2153,Sep,North Zone,Mobile,Dropped Calls,Medium,Escalated,15.78,28.07,3.66
    TKT-2154,Nov,Central Zone,Broadband,Slow Internet,Low,In Progress,13.44,41.04,4.06
    TKT-2155,Jul,West Zone,Mobile,No Signal,Low,Resolved,12.32,42.38,3.48
    TKT-2156,Mar,North Zone,Broadband,Billing Error,High,Escalated,13.03,65.92,3.03
    TKT-2157,Oct,Central Zone,Mobile,Installation Delay,Low,Escalated,8.61,38.94,4.04
    TKT-2158,Mar,East Zone,TV,Dropped Calls,Low,SLA Breached,6.55,39.44,4.3
    TKT-2159,Oct,Central Zone,Broadband,Service Outage,Low,SLA Breached,5.26,64.96,4.12
    TKT-2160,Jul,Central Zone,Landline,Slow Internet,Medium,SLA Breached,16.99,40.57,2.7
    TKT-2161,Mar,Central Zone,TV,Dropped Calls,High,Resolved,14.62,70.8,3.27
    TKT-2162,Sep,South Zone,TV,Billing Error,Low,Resolved,17.48,56.17,3.03
    TKT-2163,Oct,North Zone,Landline,Slow Internet,Medium,In Progress,14.25,35.94,4.17
    TKT-2164,Jun,South Zone,Broadband,Service Outage,High,SLA Breached,7.31,35.15,3.67
    TKT-2165,Sep,South Zone,Broadband,Installation Delay,Medium,Escalated,10.63,40.33,4.05
    TKT-2166,Jan,Central Zone,Mobile,Slow Internet,High,SLA Breached,10.23,61.88,3.43
    TKT-2167,Apr,North Zone,TV,Installation Delay,Low,Escalated,16.78,71.8,2.79
    TKT-2168,Nov,North Zone,Landline,Billing Error,High,Resolved,10.73,53.42,3.95
    TKT-2169,May,West Zone,Broadband,Installation Delay,Medium,SLA Breached,10.03,36.83,4.29
    TKT-2170,Nov,South Zone,Broadband,Billing Error,High,SLA Breached,5.32,26.98,4.23
    TKT-2171,Aug,East Zone,Broadband,Billing Error,Low,Resolved,16.19,28.72,3.78
    TKT-2172,Jun,West Zone,TV,Service Outage,High,SLA Breached,19.64,54.05,3.01
    TKT-2173,Feb,North Zone,Broadband,Dropped Calls,High,Escalated,15.49,51.75,3.43
    TKT-2174,Dec,South Zone,Mobile,No Signal,Low,SLA Breached,5.05,51.04,4.42
    TKT-2175,Aug,South Zone,TV,No Signal,Medium,Escalated,5.18,39.61,3.88
    TKT-2176,Jun,North Zone,Landline,Installation Delay,High,In Progress,13.0,46.91,3.5
    TKT-2177,Apr,North Zone,TV,Service Outage,High,SLA Breached,17.39,40.62,3.72
    TKT-2178,Mar,North Zone,Landline,Dropped Calls,Low,In Progress,16.86,40.87,3.27
    TKT-2179,May,North Zone,Broadband,Installation Delay,Low,Resolved,18.89,39.78,3.06
    TKT-2180,Sep,North Zone,TV,Service Outage,Low,Resolved,8.47,31.06,3.75
    TKT-2181,Aug,Central Zone,Broadband,Slow Internet,High,SLA Breached,9.79,27.01,4.59
    TKT-2182,Nov,South Zone,Landline,Slow Internet,High,Escalated,15.27,56.41,3.17
    TKT-2183,Jan,South Zone,TV,Service Outage,Medium,Escalated,18.98,41.51,3.63
    TKT-2184,Jun,East Zone,Mobile,Slow Internet,Medium,Resolved,13.34,24.38,3.63
    TKT-2185,Aug,East Zone,TV,Billing Error,Medium,Resolved,6.96,34.45,3.92
    TKT-2186,Jul,West Zone,Landline,Installation Delay,Low,SLA Breached,6.15,49.35,3.5
    TKT-2187,Feb,North Zone,Broadband,No Signal,Medium,Escalated,6.0,59.38,4.19
    TKT-2188,Nov,West Zone,TV,Slow Internet,Medium,SLA Breached,15.44,54.46,3.71
    TKT-2189,Jun,West Zone,Broadband,Slow Internet,Medium,In Progress,19.39,76.86,2.75
    TKT-2190,Oct,North Zone,Mobile,Installation Delay,High,SLA Breached,5.33,49.31,3.84
    TKT-2191,Apr,West Zone,Landline,Slow Internet,Low,SLA Breached,9.41,60.82,3.28
    TKT-2192,Feb,North Zone,Broadband,Dropped Calls,High,In Progress,6.14,48.78,3.8
    TKT-2193,Oct,North Zone,Mobile,No Signal,Medium,SLA Breached,10.81,54.43,3.82
    TKT-2194,Feb,North Zone,TV,Slow Internet,Medium,In Progress,5.11,24.18,4.35
    TKT-2195,Dec,South Zone,TV,No Signal,Low,Resolved,15.58,43.46,3.3
    TKT-2196,Aug,Central Zone,TV,Dropped Calls,High,Resolved,17.84,75.87,2.43
    TKT-2197,Sep,East Zone,TV,Service Outage,Medium,In Progress,10.47,52.86,3.5
    TKT-2198,Nov,North Zone,Mobile,Slow Internet,Low,Resolved,14.59,26.33,4.29
    TKT-2199,Jan,West Zone,Landline,Installation Delay,High,Escalated,11.96,52.42,3.23
    TKT-2200,Mar,North Zone,Landline,Dropped Calls,Medium,Escalated,9.03,68.25,3.53
    TKT-2201,Jun,West Zone,Landline,Slow Internet,High,Escalated,8.95,64.07,3.21
    TKT-2202,Jun,South Zone,Mobile,Dropped Calls,Medium,In Progress,12.33,55.62,3.85
    TKT-2203,Jan,Central Zone,Broadband,Slow Internet,Medium,SLA Breached,16.31,38.43,3.65
    TKT-2204,Jan,East Zone,TV,Slow Internet,Medium,Resolved,16.61,50.13,3.68
    TKT-2205,Jan,West Zone,Broadband,Billing Error,High,Resolved,9.58,44.32,4.07
    TKT-2206,Mar,North Zone,TV,No Signal,Medium,Resolved,16.02,29.64,3.63
    TKT-2207,Aug,Central Zone,TV,No Signal,High,In Progress,19.4,34.4,3.65
    TKT-2208,Dec,East Zone,Mobile,Installation Delay,High,In Progress,10.98,52.67,3.58
    TKT-2209,Jun,West Zone,Broadband,Dropped Calls,Medium,SLA Breached,6.14,16.78,4.61
    TKT-2210,Sep,Central Zone,Broadband,Installation Delay,Low,SLA Breached,6.91,31.73,4.08
    TKT-2211,Feb,East Zone,Mobile,Installation Delay,Medium,Escalated,19.5,59.21,3.23
    TKT-2212,Aug,South Zone,TV,Dropped Calls,High,Escalated,13.29,51.47,3.23
    TKT-2213,Aug,North Zone,Mobile,Service Outage,High,Resolved,18.07,43.51,2.82
    TKT-2214,Oct,South Zone,TV,Slow Internet,Medium,SLA Breached,17.64,67.92,2.86
    TKT-2215,May,East Zone,Broadband,Billing Error,High,Escalated,10.05,51.29,4.33
    TKT-2216,Apr,North Zone,Mobile,Dropped Calls,Low,Resolved,7.92,60.97,3.6
    TKT-2217,Dec,West Zone,Landline,Service Outage,Low,In Progress,11.07,66.04,3.2
    TKT-2218,Dec,South Zone,TV,Dropped Calls,High,Escalated,13.66,53.79,3.71
    TKT-2219,Jun,East Zone,Broadband,Billing Error,High,Escalated,5.56,54.0,3.95
    TKT-2220,Nov,North Zone,Broadband,Billing Error,High,Resolved,10.65,35.7,3.73
    TKT-2221,Mar,South Zone,Broadband,Billing Error,Low,In Progress,7.16,48.27,3.62
    TKT-2222,Apr,East Zone,Broadband,Service Outage,Medium,Resolved,12.9,41.62,3.68
    TKT-2223,Jul,East Zone,Landline,Slow Internet,Medium,In Progress,17.97,28.14,3.51
    TKT-2224,Nov,Central Zone,TV,No Signal,High,SLA Breached,18.56,37.42,3.84
    TKT-2225,Mar,South Zone,Landline,Service Outage,Medium,Escalated,13.8,54.05,3.37
    TKT-2226,Aug,North Zone,Broadband,No Signal,Low,In Progress,6.09,63.03,3.95
    TKT-2227,Jun,South Zone,TV,Slow Internet,Medium,Escalated,6.64,39.71,3.9
    TKT-2228,Apr,Central Zone,Broadband,Installation Delay,Medium,In Progress,15.29,60.64,2.46
    TKT-2229,Mar,North Zone,TV,Slow Internet,Medium,Escalated,17.86,41.41,3.28
    TKT-2230,Aug,West Zone,Mobile,Installation Delay,Medium,In Progress,18.84,47.65,2.81
    TKT-2231,Sep,South Zone,TV,Dropped Calls,Medium,Resolved,16.27,43.25,4.04
    TKT-2232,Oct,West Zone,TV,Service Outage,Low,Resolved,7.19,59.03,4.09
    TKT-2233,Mar,South Zone,TV,Slow Internet,High,SLA Breached,17.39,43.04,3.18
    TKT-2234,Mar,West Zone,Broadband,Billing Error,Low,Escalated,18.32,63.04,3.1
    TKT-2235,Jan,South Zone,Landline,Slow Internet,Medium,In Progress,7.72,49.32,3.51
    TKT-2236,Apr,South Zone,TV,Installation Delay,High,Resolved,18.47,77.45,2.14
    TKT-2237,Sep,East Zone,Mobile,Billing Error,Low,In Progress,19.14,54.75,3.05
    TKT-2238,Jul,North Zone,TV,Billing Error,High,Escalated,16.84,43.89,3.68
    TKT-2239,Mar,North Zone,TV,Installation Delay,Low,Resolved,8.0,58.55,3.75
    TKT-2240,Nov,South Zone,TV,Service Outage,Low,Resolved,6.83,41.53,4.12
    TKT-2241,Oct,North Zone,Mobile,Service Outage,Medium,Escalated,11.52,27.12,3.89
    TKT-2242,Sep,East Zone,Landline,Billing Error,High,In Progress,10.17,53.38,3.69
    TKT-2243,Dec,North Zone,Broadband,Service Outage,Low,In Progress,10.73,66.3,3.62
    TKT-2244,Sep,South Zone,Landline,Service Outage,Medium,Escalated,6.25,29.92,4.39
    TKT-2245,Jun,West Zone,Broadband,Service Outage,High,SLA Breached,15.96,40.91,3.84
    TKT-2246,May,East Zone,TV,No Signal,High,Resolved,12.25,59.86,3.43
    TKT-2247,Mar,West Zone,Mobile,Dropped Calls,High,Escalated,14.06,41.02,2.86
    TKT-2248,Jan,South Zone,Mobile,Slow Internet,Low,SLA Breached,7.08,22.84,3.86
    TKT-2249,Sep,Central Zone,Landline,Service Outage,Low,Resolved,6.27,65.54,4.05
    TKT-2250,Apr,West Zone,Mobile,Billing Error,Medium,Escalated,5.66,18.03,4.25
    TKT-2251,Nov,West Zone,Mobile,No Signal,Medium,In Progress,9.87,40.82,4.15
    TKT-2252,Apr,North Zone,TV,Slow Internet,Low,SLA Breached,9.32,33.6,3.57
    TKT-2253,Jan,Central Zone,Broadband,Installation Delay,Low,Escalated,12.68,69.37,3.21
    TKT-2254,May,Central Zone,Broadband,Dropped Calls,Medium,In Progress,6.87,43.38,4.1
    TKT-2255,Sep,East Zone,Landline,Installation Delay,Medium,In Progress,8.97,30.03,4.15
    TKT-2256,Jan,South Zone,TV,Slow Internet,High,In Progress,19.0,66.79,3.02
    TKT-2257,Apr,West Zone,Broadband,Service Outage,Low,In Progress,8.94,47.73,3.6
    TKT-2258,Aug,Central Zone,Broadband,No Signal,Medium,Resolved,5.22,59.19,3.57
    TKT-2259,Sep,South Zone,TV,Slow Internet,Low,Resolved,5.59,31.93,4.31
    TKT-2260,Sep,Central Zone,Landline,Slow Internet,High,In Progress,18.16,49.96,3.28
    TKT-2261,May,Central Zone,TV,Installation Delay,Medium,SLA Breached,8.15,24.96,4.25
    TKT-2262,Nov,North Zone,Landline,Slow Internet,Low,In Progress,6.26,26.84,4.31
    TKT-2263,Apr,South Zone,Landline,Billing Error,High,In Progress,15.75,47.05,3.6
    TKT-2264,Dec,Central Zone,Landline,Slow Internet,Medium,Escalated,14.0,35.89,3.89
    TKT-2265,Apr,South Zone,Landline,Service Outage,High,SLA Breached,15.51,68.29,2.71
    TKT-2266,Jun,North Zone,Mobile,Slow Internet,High,Escalated,18.39,60.58,3.11
    TKT-2267,Jun,Central Zone,Mobile,Dropped Calls,Medium,SLA Breached,14.13,43.8,3.54
    TKT-2268,Oct,South Zone,Landline,No Signal,High,Escalated,18.35,65.91,2.84
    TKT-2269,Apr,North Zone,TV,Billing Error,Low,In Progress,5.44,64.17,3.7
    TKT-2270,Nov,South Zone,Landline,Service Outage,High,Escalated,10.03,39.6,4.29
    TKT-2271,Jun,North Zone,Landline,Slow Internet,High,Resolved,16.88,76.55,2.88
    TKT-2272,Oct,North Zone,TV,Installation Delay,Medium,In Progress,14.79,32.96,3.56
    TKT-2273,May,South Zone,TV,Billing Error,High,In Progress,10.73,61.22,3.98
    TKT-2274,Feb,East Zone,Broadband,Dropped Calls,Low,SLA Breached,17.95,45.95,2.92
    TKT-2275,Aug,East Zone,TV,No Signal,Low,SLA Breached,15.93,75.72,3.12
    TKT-2276,Feb,North Zone,Landline,Slow Internet,High,Escalated,5.35,24.08,4.0
    TKT-2277,Nov,South Zone,Mobile,Billing Error,High,SLA Breached,6.92,22.99,4.31
    TKT-2278,Sep,South Zone,TV,Installation Delay,Medium,Escalated,6.39,19.55,4.37
    TKT-2279,Dec,East Zone,Landline,Installation Delay,Medium,Escalated,18.14,36.94,3.57
    TKT-2280,Nov,Central Zone,Mobile,Billing Error,High,SLA Breached,8.72,30.89,4.1
    TKT-2281,Jan,Central Zone,Landline,Dropped Calls,High,Resolved,12.23,57.71,3.27
    TKT-2282,Aug,East Zone,Mobile,Billing Error,Low,Escalated,11.59,35.98,3.78
    TKT-2283,Apr,East Zone,Landline,Billing Error,High,Escalated,6.75,45.25,3.76
    TKT-2284,Aug,South Zone,TV,No Signal,Low,SLA Breached,13.41,26.47,4.18
    TKT-2285,Aug,West Zone,Broadband,Billing Error,High,In Progress,19.06,46.11,3.58
    TKT-2286,Dec,North Zone,Broadband,Service Outage,Low,SLA Breached,8.4,53.7,3.92
    TKT-2287,Aug,West Zone,Broadband,Service Outage,High,Resolved,8.11,26.06,4.55
    TKT-2288,Oct,East Zone,TV,No Signal,Medium,Escalated,14.61,71.85,2.79
    TKT-2289,Mar,Central Zone,Mobile,Slow Internet,High,SLA Breached,11.67,22.28,3.89
    TKT-2290,Feb,East Zone,Mobile,Installation Delay,High,In Progress,15.59,33.19,3.66
    TKT-2291,Nov,East Zone,Broadband,Service Outage,High,Escalated,16.67,54.37,3.67
    TKT-2292,Dec,South Zone,Mobile,No Signal,High,Escalated,12.14,71.53,2.86
    TKT-2293,Oct,South Zone,Landline,Dropped Calls,High,Resolved,9.01,29.89,3.96
    TKT-2294,Jul,West Zone,Landline,Installation Delay,High,Resolved,7.71,40.81,3.56
    TKT-2295,Oct,West Zone,Mobile,Service Outage,High,SLA Breached,15.26,40.87,3.48
    TKT-2296,Oct,East Zone,Broadband,Slow Internet,Medium,Resolved,19.85,63.68,2.76
    TKT-2297,Feb,East Zone,Broadband,Dropped Calls,High,SLA Breached,7.23,34.66,3.75
    TKT-2298,Feb,West Zone,Broadband,Installation Delay,High,In Progress,9.34,53.8,3.57
    TKT-2299,Sep,North Zone,Broadband,Billing Error,High,In Progress,12.47,43.87,3.3
    TKT-2300,Apr,West Zone,Mobile,Service Outage,High,Escalated,15.48,56.35,3.7
    TKT-2301,Jan,North Zone,Broadband,Service Outage,High,Resolved,19.3,41.42,3.13
    TKT-2302,Dec,South Zone,Mobile,Billing Error,High,In Progress,9.2,54.92,3.64
    TKT-2303,Apr,West Zone,TV,Service Outage,Medium,SLA Breached,11.78,58.5,2.69
    TKT-2304,Jan,Central Zone,Broadband,Service Outage,Medium,In Progress,10.85,54.48,3.54
    TKT-2305,Oct,West Zone,TV,Service Outage,High,In Progress,15.99,44.06,3.82
    TKT-2306,Sep,East Zone,TV,Slow Internet,Low,Escalated,15.33,58.25,3.61
    TKT-2307,Jul,South Zone,Mobile,No Signal,Medium,SLA Breached,13.7,57.8,3.69
    TKT-2308,Aug,North Zone,TV,Dropped Calls,Low,In Progress,16.14,30.28,4.15
    TKT-2309,May,East Zone,TV,Service Outage,High,In Progress,9.37,58.95,3.6
    TKT-2310,Feb,Central Zone,Mobile,Slow Internet,Medium,In Progress,16.93,62.31,2.7
    TKT-2311,Jun,South Zone,Mobile,Dropped Calls,High,SLA Breached,9.88,31.69,3.98
    TKT-2312,Feb,East Zone,Mobile,Installation Delay,High,SLA Breached,5.0,23.13,4.09
    TKT-2313,Mar,South Zone,Landline,Installation Delay,High,Resolved,14.43,70.16,3.11
    TKT-2314,May,South Zone,TV,Slow Internet,Medium,Escalated,13.92,68.11,3.59
    TKT-2315,Jan,East Zone,Landline,Billing Error,High,SLA Breached,18.59,40.32,3.3
    TKT-2316,Feb,East Zone,Broadband,Installation Delay,High,SLA Breached,18.91,61.25,2.99
    TKT-2317,Jun,West Zone,Landline,Installation Delay,High,SLA Breached,10.75,20.82,3.84
    TKT-2318,Apr,South Zone,Broadband,Installation Delay,High,SLA Breached,7.66,18.33,4.06
    TKT-2319,Jan,South Zone,Broadband,Service Outage,High,Escalated,19.39,55.15,3.65
    TKT-2320,Jun,West Zone,Broadband,Service Outage,High,Escalated,16.25,73.57,2.66
    TKT-2321,May,North Zone,TV,Installation Delay,Medium,Escalated,5.85,45.25,4.1
    TKT-2322,Oct,Central Zone,Mobile,Slow Internet,Low,Resolved,18.73,40.62,2.94
    TKT-2323,Feb,South Zone,Broadband,Billing Error,Medium,Resolved,12.74,66.4,3.61
    TKT-2324,Nov,South Zone,TV,Service Outage,High,In Progress,7.59,38.24,3.59
    TKT-2325,Jun,West Zone,Mobile,Dropped Calls,Low,In Progress,10.79,55.84,3.31
    TKT-2326,Mar,Central Zone,Mobile,Service Outage,High,In Progress,7.28,29.59,4.26
    TKT-2327,Oct,South Zone,Mobile,No Signal,High,Resolved,12.59,55.11,3.01
    TKT-2328,Jun,North Zone,Broadband,Billing Error,Medium,In Progress,12.82,56.98,3.58
    TKT-2329,Mar,North Zone,TV,Dropped Calls,Low,Resolved,13.95,38.49,3.4
    TKT-2330,Dec,Central Zone,Landline,Dropped Calls,Low,In Progress,15.43,60.63,3.03
    TKT-2331,Jun,Central Zone,Landline,Billing Error,Medium,In Progress,18.11,44.45,3.72
    TKT-2332,Mar,East Zone,Mobile,Slow Internet,Medium,Escalated,5.32,54.56,3.88
    TKT-2333,Nov,South Zone,Broadband,Installation Delay,Medium,SLA Breached,6.85,24.34,4.12
    TKT-2334,Dec,West Zone,Mobile,No Signal,High,SLA Breached,7.54,54.01,3.31
    TKT-2335,Dec,South Zone,Landline,Service Outage,Medium,Escalated,7.69,21.8,4.49
    TKT-2336,Oct,South Zone,Landline,No Signal,Medium,Escalated,9.51,19.57,4.74
    TKT-2337,Oct,East Zone,Mobile,Service Outage,Low,SLA Breached,8.18,21.91,4.07
    TKT-2338,Aug,North Zone,Broadband,Installation Delay,High,SLA Breached,10.07,26.2,4.02
    TKT-2339,Oct,South Zone,TV,No Signal,Medium,SLA Breached,11.91,25.05,3.96
    TKT-2340,Nov,South Zone,Broadband,Billing Error,Medium,Escalated,13.29,52.08,3.2
    TKT-2341,Apr,South Zone,TV,No Signal,Low,In Progress,8.89,47.98,3.85
    TKT-2342,Jul,Central Zone,Broadband,No Signal,Low,SLA Breached,13.32,54.92,3.89
    TKT-2343,Dec,East Zone,Landline,No Signal,Medium,Escalated,6.47,48.18,3.74
    TKT-2344,Mar,South Zone,Mobile,Billing Error,Low,Escalated,12.08,41.76,3.58
    TKT-2345,Dec,Central Zone,TV,Installation Delay,High,SLA Breached,13.19,55.76,3.34
    TKT-2346,Sep,Central Zone,Mobile,Slow Internet,Medium,SLA Breached,6.71,23.21,4.28
    TKT-2347,Oct,Central Zone,TV,Dropped Calls,Low,Escalated,6.12,36.26,4.09
    TKT-2348,Feb,East Zone,Broadband,No Signal,Medium,Escalated,11.77,29.54,3.96
    TKT-2349,Feb,East Zone,Landline,Service Outage,Low,In Progress,9.48,35.71,4.07
    TKT-2350,Feb,East Zone,Mobile,Dropped Calls,High,Escalated,5.72,40.97,3.94
    TKT-2351,Jun,South Zone,Broadband,Service Outage,High,Resolved,6.45,39.77,3.67
    TKT-2352,Jan,Central Zone,TV,Billing Error,High,SLA Breached,14.8,46.64,3.54
    TKT-2353,Mar,West Zone,Landline,No Signal,High,Escalated,15.58,40.13,3.74
    TKT-2354,Mar,South Zone,TV,Slow Internet,High,Escalated,19.98,40.04,3.55
    TKT-2355,Jul,North Zone,Broadband,Slow Internet,Low,In Progress,10.3,30.99,3.44
    TKT-2356,Nov,West Zone,Broadband,Dropped Calls,High,Escalated,11.35,66.52,3.13
    TKT-2357,Aug,North Zone,Broadband,Slow Internet,Medium,SLA Breached,9.4,41.91,4.02
    TKT-2358,Oct,East Zone,Broadband,Billing Error,Medium,Resolved,7.14,57.76,4.06
    TKT-2359,Jun,East Zone,Broadband,Billing Error,High,In Progress,12.4,47.32,3.87
    TKT-2360,Jan,Central Zone,TV,Dropped Calls,Low,Resolved,18.07,53.64,3.31
    TKT-2361,Oct,North Zone,Landline,No Signal,High,SLA Breached,5.37,53.1,4.22
    TKT-2362,Feb,East Zone,Mobile,Installation Delay,Medium,Escalated,12.02,56.03,3.27
    TKT-2363,Nov,North Zone,Mobile,Service Outage,High,Escalated,12.69,63.34,3.13
    TKT-2364,Feb,North Zone,Landline,No Signal,Low,In Progress,6.27,36.02,4.09
    TKT-2365,Nov,East Zone,Landline,No Signal,Low,In Progress,12.37,58.25,3.09
    TKT-2366,Mar,East Zone,Mobile,Service Outage,High,SLA Breached,12.22,55.57,3.67
    TKT-2367,Jan,Central Zone,Mobile,Slow Internet,High,Escalated,13.65,60.62,3.28
    TKT-2368,Aug,Central Zone,TV,No Signal,Medium,SLA Breached,9.86,66.2,3.3
    TKT-2369,Mar,West Zone,Mobile,No Signal,High,SLA Breached,11.62,37.33,3.37
    TKT-2370,Dec,Central Zone,Broadband,Service Outage,Medium,In Progress,5.72,55.19,4.24
    TKT-2371,Jun,North Zone,Landline,Billing Error,High,SLA Breached,8.83,50.75,2.78
    TKT-2372,Feb,South Zone,Mobile,No Signal,High,Escalated,6.39,20.16,4.34
    TKT-2373,Sep,East Zone,Mobile,Installation Delay,High,Resolved,18.15,68.47,3.16
    TKT-2374,Nov,South Zone,TV,Dropped Calls,Low,SLA Breached,11.41,66.38,3.73
    TKT-2375,Mar,North Zone,TV,Service Outage,Medium,Resolved,12.93,63.11,3.26
    TKT-2376,Feb,South Zone,Broadband,Dropped Calls,Medium,Escalated,17.84,72.57,3.35
    TKT-2377,Mar,North Zone,Mobile,Billing Error,Medium,Escalated,10.77,53.18,3.63
    TKT-2378,Apr,North Zone,TV,No Signal,Low,Resolved,6.1,41.02,3.76
    TKT-2379,Dec,Central Zone,Broadband,Service Outage,Low,Resolved,19.33,58.51,3.36
    TKT-2380,Jul,South Zone,Landline,Billing Error,Medium,Resolved,12.6,51.83,3.13
    TKT-2381,Jan,North Zone,Landline,Billing Error,Medium,SLA Breached,13.05,64.69,3.58
    TKT-2382,Aug,South Zone,Mobile,No Signal,High,In Progress,18.59,47.24,3.43
    TKT-2383,Sep,North Zone,Broadband,No Signal,High,In Progress,5.93,42.02,4.16
    TKT-2384,May,West Zone,Landline,Service Outage,Medium,SLA Breached,11.43,25.34,3.84
    TKT-2385,Dec,South Zone,Landline,Billing Error,Medium,Escalated,9.22,64.16,3.33
    TKT-2386,Sep,North Zone,TV,Billing Error,High,Escalated,5.56,58.33,3.65
    TKT-2387,Oct,Central Zone,Landline,Dropped Calls,Medium,SLA Breached,10.65,24.7,4.21
    TKT-2388,Aug,North Zone,Mobile,Slow Internet,Low,Resolved,5.26,50.2,3.78
    TKT-2389,Jan,North Zone,Mobile,Slow Internet,Medium,Escalated,15.31,27.03,3.95
    TKT-2390,Jul,North Zone,Mobile,Dropped Calls,Medium,In Progress,10.89,65.21,3.12
    TKT-2391,Aug,East Zone,Mobile,No Signal,Low,Escalated,13.36,26.87,3.74
    TKT-2392,Nov,South Zone,TV,No Signal,High,In Progress,10.83,54.25,4.05
    TKT-2393,Dec,East Zone,Landline,Dropped Calls,Low,Resolved,13.09,44.46,3.59
    TKT-2394,Oct,West Zone,Mobile,Dropped Calls,Low,SLA Breached,17.77,58.93,3.0
    TKT-2395,Jan,West Zone,Landline,No Signal,Low,In Progress,10.43,67.2,3.48
    TKT-2396,Aug,East Zone,TV,Dropped Calls,Medium,In Progress,15.23,73.55,2.8
    TKT-2397,Mar,Central Zone,Broadband,Dropped Calls,Low,SLA Breached,7.99,20.02,5.0
    TKT-2398,Jul,Central Zone,Landline,No Signal,Medium,Escalated,14.92,33.06,3.91
    TKT-2399,Jul,South Zone,Landline,Slow Internet,Medium,In Progress,18.87,37.22,3.49
    TKT-2400,Mar,South Zone,TV,Slow Internet,High,SLA Breached,16.14,50.02,3.39
    TKT-2401,Aug,West Zone,Broadband,Service Outage,Medium,Escalated,11.71,52.94,3.34
    TKT-2402,Oct,North Zone,Broadband,No Signal,Low,SLA Breached,17.3,57.33,3.2
    TKT-2403,May,South Zone,TV,Billing Error,High,In Progress,19.58,78.49,3.09
    TKT-2404,Jul,East Zone,Broadband,Service Outage,Low,Escalated,16.1,59.19,3.24
    TKT-2405,Jul,South Zone,Landline,Billing Error,Medium,SLA Breached,16.16,49.83,3.08
    TKT-2406,Feb,Central Zone,TV,Billing Error,Low,Resolved,8.66,63.84,3.69
    TKT-2407,Mar,East Zone,Mobile,Installation Delay,Medium,In Progress,17.76,42.49,3.23
    TKT-2408,Jan,Central Zone,TV,Slow Internet,Low,SLA Breached,13.22,27.87,3.97
    TKT-2409,Dec,West Zone,Landline,Installation Delay,Low,SLA Breached,15.55,32.39,3.51
    TKT-2410,Jan,West Zone,Landline,Billing Error,Low,In Progress,10.72,67.36,3.04
    TKT-2411,Apr,East Zone,Broadband,Service Outage,Low,Resolved,14.14,29.93,3.98
    TKT-2412,Aug,West Zone,TV,Service Outage,Medium,Resolved,16.36,35.87,3.67
    TKT-2413,Jun,North Zone,Landline,Installation Delay,High,Resolved,17.04,60.11,3.09
    TKT-2414,Dec,North Zone,Landline,No Signal,High,Escalated,5.33,27.3,4.89
    TKT-2415,Nov,East Zone,Broadband,Installation Delay,High,In Progress,10.71,29.94,4.19
    TKT-2416,Mar,Central Zone,Broadband,Slow Internet,Medium,In Progress,12.89,29.74,3.66
    TKT-2417,Sep,West Zone,Broadband,Billing Error,High,In Progress,13.5,24.62,3.91
    TKT-2418,Aug,West Zone,Broadband,Service Outage,High,SLA Breached,5.49,56.11,3.72
    TKT-2419,Dec,East Zone,Broadband,Dropped Calls,Medium,In Progress,17.75,45.45,2.72
    TKT-2420,Sep,East Zone,Broadband,Dropped Calls,High,SLA Breached,10.61,57.57,3.21
    TKT-2421,Dec,North Zone,Landline,Service Outage,High,In Progress,6.55,61.77,3.21
    TKT-2422,Sep,West Zone,Mobile,Slow Internet,High,Resolved,5.67,63.48,3.55
    TKT-2423,Mar,West Zone,TV,Slow Internet,Medium,In Progress,17.02,50.76,3.3
    TKT-2424,Feb,West Zone,Broadband,Slow Internet,High,Escalated,9.29,31.96,3.34
    TKT-2425,Jul,West Zone,Mobile,No Signal,Low,SLA Breached,15.96,67.39,2.86
    TKT-2426,Nov,South Zone,Landline,No Signal,High,Escalated,10.98,25.15,3.63
    TKT-2427,Oct,East Zone,TV,Dropped Calls,High,In Progress,19.91,38.3,3.16
    TKT-2428,Jul,East Zone,TV,Billing Error,Low,SLA Breached,16.55,37.7,3.26
    TKT-2429,Jul,North Zone,Landline,Dropped Calls,High,SLA Breached,13.45,58.4,3.16
    TKT-2430,Nov,East Zone,Mobile,Billing Error,Medium,SLA Breached,17.74,61.23,2.83
    TKT-2431,May,East Zone,Broadband,Dropped Calls,Medium,In Progress,7.21,42.5,3.91
    TKT-2432,Feb,East Zone,Landline,Dropped Calls,Medium,Escalated,14.23,59.08,3.31
    TKT-2433,Jul,North Zone,Mobile,Dropped Calls,Medium,Escalated,19.47,60.83,3.1
    TKT-2434,Jun,East Zone,TV,Dropped Calls,Low,Escalated,11.41,33.33,3.97
    TKT-2435,Jul,Central Zone,Landline,Dropped Calls,Medium,Escalated,14.39,59.32,3.4
    TKT-2436,Mar,South Zone,Mobile,Billing Error,Low,In Progress,5.02,61.71,4.41
    TKT-2437,Nov,North Zone,Mobile,Installation Delay,High,Escalated,7.96,27.38,4.42
    TKT-2438,Jul,Central Zone,Mobile,Dropped Calls,Medium,In Progress,13.0,27.9,3.49
    TKT-2439,Feb,South Zone,Broadband,Billing Error,Medium,Resolved,13.21,54.75,3.46
    TKT-2440,May,Central Zone,Broadband,Billing Error,Medium,Resolved,16.26,33.45,3.49
    TKT-2441,Dec,East Zone,TV,No Signal,Medium,In Progress,18.09,50.28,3.5
    TKT-2442,Dec,North Zone,Mobile,Service Outage,Medium,SLA Breached,19.57,36.39,3.68
    TKT-2443,Jul,East Zone,TV,Installation Delay,High,Escalated,13.74,54.33,3.13
    TKT-2444,Mar,East Zone,Broadband,Service Outage,Low,SLA Breached,16.64,74.31,2.69
    TKT-2445,Jan,Central Zone,Mobile,Slow Internet,Medium,In Progress,11.0,58.01,3.23
    TKT-2446,Dec,East Zone,Broadband,Installation Delay,Low,Escalated,11.76,26.59,4.29
    TKT-2447,Jul,South Zone,Landline,No Signal,High,Escalated,8.27,49.85,3.86
    TKT-2448,Apr,West Zone,Landline,Installation Delay,Low,In Progress,18.48,37.34,4.16
    TKT-2449,Jul,North Zone,Mobile,Billing Error,Low,SLA Breached,7.95,47.29,3.73
    TKT-2450,Feb,East Zone,Landline,Dropped Calls,High,In Progress,16.24,48.04,3.05
    TKT-2451,Sep,West Zone,Mobile,Billing Error,Medium,SLA Breached,12.53,53.73,3.25
    TKT-2452,Aug,South Zone,Mobile,Installation Delay,Medium,In Progress,12.0,32.0,4.15
    TKT-2453,Apr,Central Zone,Landline,Installation Delay,High,In Progress,16.3,47.97,3.6
    TKT-2454,Dec,West Zone,Mobile,Dropped Calls,Medium,Escalated,7.54,57.33,3.64
    TKT-2455,Nov,North Zone,Mobile,Dropped Calls,Low,In Progress,16.66,51.96,2.77
    TKT-2456,Sep,South Zone,Landline,No Signal,Medium,Escalated,7.18,17.91,4.32
    TKT-2457,Nov,East Zone,Broadband,Installation Delay,Medium,SLA Breached,19.17,62.39,3.66
    TKT-2458,Aug,South Zone,Landline,Billing Error,Low,SLA Breached,15.77,36.64,3.68
    TKT-2459,Jun,Central Zone,Broadband,No Signal,Medium,Resolved,5.21,51.83,3.58
    TKT-2460,Jan,South Zone,Landline,Dropped Calls,Medium,Resolved,11.6,56.47,3.28
    TKT-2461,Jan,South Zone,Mobile,Billing Error,Medium,Resolved,11.75,44.8,3.36
    TKT-2462,May,East Zone,Broadband,Dropped Calls,Medium,In Progress,8.39,64.29,3.53
    TKT-2463,Oct,North Zone,TV,No Signal,High,In Progress,7.43,18.94,4.58
    TKT-2464,Oct,North Zone,TV,Installation Delay,Low,In Progress,9.03,59.79,3.3
    TKT-2465,May,Central Zone,Mobile,Installation Delay,Low,In Progress,5.79,45.54,3.82
    TKT-2466,Mar,West Zone,Landline,Installation Delay,Low,SLA Breached,15.82,42.47,3.68
    TKT-2467,Nov,South Zone,Broadband,Billing Error,Low,Resolved,12.29,29.36,4.18
    TKT-2468,Apr,West Zone,Broadband,Service Outage,Low,In Progress,5.99,54.16,3.84
    TKT-2469,Aug,South Zone,TV,Slow Internet,High,In Progress,12.35,27.87,4.4
    TKT-2470,May,East Zone,Mobile,No Signal,Low,Escalated,6.15,62.15,3.71
    TKT-2471,May,Central Zone,Landline,Service Outage,Medium,In Progress,5.98,59.56,3.98
    TKT-2472,Jun,South Zone,Broadband,Dropped Calls,High,In Progress,16.36,53.7,2.94
    TKT-2473,Jan,South Zone,Mobile,No Signal,Low,SLA Breached,12.22,42.53,4.04
    TKT-2474,Aug,North Zone,Landline,Installation Delay,High,Escalated,8.45,23.82,3.56
    TKT-2475,Apr,North Zone,Landline,Dropped Calls,Low,Resolved,12.93,43.8,3.56
    TKT-2476,Jan,Central Zone,Broadband,Dropped Calls,High,In Progress,10.82,28.11,3.56
    TKT-2477,Sep,Central Zone,Landline,Slow Internet,Low,SLA Breached,10.66,68.72,3.37
    TKT-2478,Nov,North Zone,TV,Billing Error,Low,In Progress,18.34,62.86,3.07
    TKT-2479,May,East Zone,Broadband,Billing Error,Medium,In Progress,9.97,69.78,3.62
    TKT-2480,Jan,North Zone,Broadband,Service Outage,Medium,SLA Breached,7.09,17.32,4.93
    TKT-2481,Apr,East Zone,TV,Service Outage,Low,Escalated,13.81,55.56,2.98
    TKT-2482,Jan,South Zone,Mobile,Installation Delay,Medium,Resolved,14.14,58.23,3.3
    TKT-2483,Aug,West Zone,Landline,Slow Internet,Medium,In Progress,18.53,60.04,3.34
    TKT-2484,May,South Zone,Mobile,Dropped Calls,Low,Resolved,5.91,22.85,4.61
    TKT-2485,Dec,South Zone,Mobile,Service Outage,Medium,Escalated,7.78,45.52,3.7
    TKT-2486,May,South Zone,Broadband,Billing Error,High,Escalated,8.53,50.23,3.65
    TKT-2487,Apr,North Zone,Landline,Slow Internet,Low,Resolved,9.43,31.75,4.3
    TKT-2488,Jun,East Zone,Landline,Dropped Calls,Medium,In Progress,14.31,27.82,3.74
    TKT-2489,Jan,North Zone,TV,Dropped Calls,High,Escalated,15.14,51.59,3.65
    TKT-2490,May,West Zone,TV,Installation Delay,High,In Progress,17.44,54.49,3.87
    TKT-2491,Apr,North Zone,Landline,Slow Internet,Medium,Resolved,19.14,56.31,2.91
    TKT-2492,Aug,West Zone,Broadband,Slow Internet,High,SLA Breached,6.87,20.79,4.23
    TKT-2493,Feb,South Zone,Mobile,Installation Delay,High,In Progress,13.54,35.3,3.68
    TKT-2494,May,Central Zone,Mobile,Billing Error,Low,SLA Breached,18.97,76.33,2.73
    TKT-2495,Jan,North Zone,Landline,Dropped Calls,Medium,Resolved,13.92,65.95,3.23
    TKT-2496,May,West Zone,Mobile,Installation Delay,Low,Escalated,14.87,31.08,3.82
    TKT-2497,Feb,South Zone,Mobile,Slow Internet,High,Resolved,11.83,71.14,2.67
    TKT-2498,Sep,East Zone,Broadband,Slow Internet,High,In Progress,15.73,44.2,3.14
    TKT-2499,Jun,East Zone,Mobile,Billing Error,Medium,SLA Breached,8.74,65.35,3.21
    TKT-2500,Dec,West Zone,Mobile,Dropped Calls,Low,Resolved,12.45,45.54,3.93
    TKT-2501,May,Central Zone,TV,Installation Delay,Low,SLA Breached,6.36,18.81,4.47
    TKT-2502,May,East Zone,TV,Service Outage,High,Resolved,19.37,72.1,2.7
    TKT-2503,Mar,West Zone,Landline,No Signal,Medium,Escalated,17.08,41.18,3.67
    TKT-2504,Jan,North Zone,Landline,Installation Delay,High,In Progress,6.1,36.13,3.96
    TKT-2505,Feb,South Zone,TV,No Signal,Medium,Escalated,17.85,36.74,3.46
    TKT-2506,Jan,North Zone,TV,Dropped Calls,High,SLA Breached,15.21,52.36,3.03
    TKT-2507,Jan,Central Zone,Broadband,Billing Error,High,In Progress,18.06,38.8,3.28
    TKT-2508,Jan,East Zone,Broadband,Dropped Calls,Medium,SLA Breached,18.28,76.02,2.82
    TKT-2509,Apr,West Zone,TV,Slow Internet,High,SLA Breached,16.61,40.71,3.33
    TKT-2510,Jun,West Zone,Mobile,Installation Delay,Low,In Progress,16.95,59.04,3.25
    TKT-2511,Aug,West Zone,Mobile,Slow Internet,Medium,In Progress,16.62,47.49,3.19
    TKT-2512,Oct,West Zone,Landline,Billing Error,Low,Resolved,9.9,32.05,3.85
    TKT-2513,Oct,South Zone,Landline,Slow Internet,Medium,In Progress,17.58,64.67,3.0
    TKT-2514,Dec,North Zone,Broadband,Slow Internet,Low,In Progress,12.19,55.09,3.82
    TKT-2515,Jul,West Zone,Mobile,Service Outage,Medium,Resolved,5.35,48.78,4.04
    TKT-2516,Dec,West Zone,Broadband,Billing Error,High,Resolved,9.57,34.62,3.65
    TKT-2517,May,North Zone,TV,Slow Internet,Low,In Progress,14.4,24.97,3.63
    TKT-2518,Mar,West Zone,Landline,Installation Delay,Low,SLA Breached,5.3,53.71,3.58
    TKT-2519,Nov,Central Zone,Broadband,Dropped Calls,High,Resolved,9.28,28.54,3.67
    TKT-2520,Nov,North Zone,Broadband,Installation Delay,Low,In Progress,13.46,64.68,3.48
    TKT-2521,Dec,East Zone,Landline,Slow Internet,High,SLA Breached,18.47,51.83,2.76
    TKT-2522,Jun,East Zone,Broadband,No Signal,High,Resolved,18.76,41.52,3.59
    TKT-2523,Oct,East Zone,Mobile,Installation Delay,Medium,Escalated,8.4,66.27,3.91
    TKT-2524,Oct,Central Zone,Broadband,Installation Delay,Medium,In Progress,18.19,36.31,3.55
    TKT-2525,Aug,Central Zone,TV,Dropped Calls,Low,SLA Breached,5.42,37.91,3.77
    TKT-2526,Sep,North Zone,TV,Dropped Calls,Medium,Escalated,6.72,52.43,3.64
    TKT-2527,Jun,West Zone,Broadband,Installation Delay,High,SLA Breached,8.51,27.69,4.12
    TKT-2528,Nov,North Zone,Mobile,Slow Internet,Low,SLA Breached,15.73,68.77,3.15
    TKT-2529,Feb,South Zone,Mobile,Installation Delay,Low,Resolved,5.12,17.65,3.98
    TKT-2530,Jan,North Zone,TV,Billing Error,Medium,In Progress,17.13,73.27,2.51
    TKT-2531,Aug,North Zone,Mobile,Service Outage,Medium,Escalated,14.57,67.28,2.95
    TKT-2532,May,East Zone,Mobile,Dropped Calls,High,Escalated,19.36,77.0,2.65
    TKT-2533,Jun,West Zone,Mobile,No Signal,Low,In Progress,8.56,31.67,4.85
    TKT-2534,Aug,North Zone,Landline,No Signal,Medium,SLA Breached,10.0,65.76,3.49
    TKT-2535,Nov,South Zone,TV,Service Outage,High,SLA Breached,14.25,37.09,3.46
    TKT-2536,Feb,Central Zone,Mobile,Installation Delay,Low,In Progress,13.82,54.56,3.38
    TKT-2537,Aug,East Zone,Mobile,Installation Delay,High,Escalated,10.97,66.46,3.65
    TKT-2538,May,West Zone,Landline,Slow Internet,Medium,SLA Breached,12.75,68.61,3.46
    TKT-2539,Aug,North Zone,TV,Slow Internet,High,Resolved,8.96,35.17,3.65
    TKT-2540,Jan,Central Zone,Mobile,Installation Delay,Medium,Resolved,13.58,30.07,4.22
    TKT-2541,Aug,East Zone,Broadband,Slow Internet,Low,SLA Breached,19.47,73.42,3.19
    TKT-2542,May,East Zone,Mobile,Billing Error,Low,Escalated,9.6,39.95,3.42
    TKT-2543,Jan,Central Zone,TV,Slow Internet,Medium,In Progress,16.41,52.98,3.35
    TKT-2544,Sep,North Zone,Broadband,Dropped Calls,Low,SLA Breached,19.07,32.9,3.68
    TKT-2545,Jul,South Zone,Broadband,Billing Error,High,Resolved,12.38,45.81,3.67
    TKT-2546,Dec,West Zone,Broadband,Installation Delay,Low,Escalated,14.62,27.84,3.9
    TKT-2547,Jul,East Zone,Broadband,Slow Internet,High,Escalated,11.58,61.56,3.75
    TKT-2548,Jul,Central Zone,Broadband,Billing Error,Low,Escalated,12.19,44.88,3.68
    TKT-2549,Nov,Central Zone,Landline,Slow Internet,Low,Escalated,9.44,62.99,3.47
    TKT-2550,Apr,Central Zone,TV,Slow Internet,High,SLA Breached,7.84,48.33,3.91
    TKT-2551,Dec,Central Zone,TV,Dropped Calls,Low,Resolved,18.99,45.72,3.31
    TKT-2552,Sep,South Zone,TV,Service Outage,Medium,Escalated,19.86,71.03,2.74
    TKT-2553,May,West Zone,Mobile,Slow Internet,High,In Progress,19.81,44.59,3.36
    TKT-2554,Aug,South Zone,TV,No Signal,Medium,Resolved,19.67,63.38,2.77
    TKT-2555,Dec,Central Zone,Mobile,Service Outage,Medium,Escalated,15.66,51.05,2.93
    TKT-2556,Sep,East Zone,Landline,Billing Error,Medium,SLA Breached,11.98,57.03,3.17
    TKT-2557,Oct,North Zone,Landline,Installation Delay,Medium,SLA Breached,19.35,79.04,2.59
    TKT-2558,Apr,Central Zone,Broadband,Installation Delay,Medium,SLA Breached,6.6,58.57,3.74
    TKT-2559,Apr,Central Zone,Mobile,No Signal,High,SLA Breached,11.2,43.34,3.27
    TKT-2560,May,East Zone,Landline,Slow Internet,High,Resolved,15.48,46.32,3.3
    TKT-2561,Mar,North Zone,TV,Installation Delay,High,Escalated,10.71,23.54,4.42
    TKT-2562,Dec,North Zone,Mobile,Billing Error,Low,Escalated,18.67,46.13,2.94
    TKT-2563,Nov,Central Zone,Broadband,Dropped Calls,High,SLA Breached,10.82,63.07,3.59
    TKT-2564,Aug,North Zone,TV,Slow Internet,High,Escalated,8.01,53.57,4.54
    TKT-2565,Apr,Central Zone,Landline,Installation Delay,High,In Progress,12.59,60.12,2.96
    TKT-2566,Jul,East Zone,Mobile,Slow Internet,Medium,SLA Breached,19.59,67.75,2.94
    TKT-2567,Feb,West Zone,Landline,Slow Internet,Low,In Progress,14.16,64.69,2.8
    TKT-2568,Mar,North Zone,TV,Dropped Calls,Low,Resolved,18.11,72.25,2.77
    TKT-2569,Aug,East Zone,Mobile,Service Outage,Medium,SLA Breached,17.51,52.32,3.03
    TKT-2570,Aug,West Zone,Mobile,Service Outage,Low,In Progress,16.01,70.87,2.35
    TKT-2571,Jul,Central Zone,Landline,Slow Internet,High,Resolved,18.19,63.24,2.58
    TKT-2572,Jul,Central Zone,Mobile,Installation Delay,High,Escalated,19.75,58.2,3.18
    TKT-2573,Apr,East Zone,Landline,Billing Error,High,Resolved,11.49,55.98,4.04
    TKT-2574,Oct,West Zone,Broadband,Service Outage,Low,In Progress,16.95,72.92,2.41
    TKT-2575,Nov,North Zone,TV,No Signal,High,Resolved,7.66,45.93,4.17
    TKT-2576,Dec,South Zone,Broadband,Slow Internet,Low,SLA Breached,12.04,53.66,3.56
    TKT-2577,Jul,Central Zone,TV,Billing Error,Medium,Escalated,6.94,22.52,3.66
    TKT-2578,Nov,North Zone,Broadband,No Signal,High,Resolved,10.45,30.17,4.13
    TKT-2579,Jan,Central Zone,Landline,Slow Internet,Low,In Progress,15.02,65.0,3.35
    TKT-2580,Sep,West Zone,Broadband,Service Outage,Low,Resolved,13.7,42.89,3.75
    TKT-2581,Dec,Central Zone,Broadband,No Signal,Low,Resolved,16.01,64.71,3.32
    TKT-2582,Jun,West Zone,Mobile,Billing Error,Low,Resolved,6.57,52.41,3.59
    TKT-2583,Apr,North Zone,Landline,Dropped Calls,Medium,SLA Breached,19.92,52.04,2.97
    TKT-2584,Feb,North Zone,Mobile,Installation Delay,Low,SLA Breached,13.41,29.4,4.03
    TKT-2585,Nov,North Zone,Landline,Billing Error,Low,Resolved,17.42,41.28,3.2
    TKT-2586,Oct,West Zone,Landline,Slow Internet,Low,Resolved,13.4,73.06,2.99
    TKT-2587,Aug,North Zone,TV,Dropped Calls,High,In Progress,8.53,46.59,3.82
    TKT-2588,Jun,Central Zone,Mobile,Service Outage,Low,Escalated,5.91,43.19,3.96
    TKT-2589,Mar,East Zone,TV,Service Outage,Medium,Escalated,19.26,36.11,3.64
    TKT-2590,Feb,North Zone,TV,Billing Error,High,Escalated,19.61,71.04,2.83
    TKT-2591,Apr,North Zone,Broadband,Dropped Calls,High,SLA Breached,10.14,45.65,3.48
    TKT-2592,Feb,West Zone,TV,No Signal,Medium,In Progress,11.3,54.03,2.9
    TKT-2593,Oct,South Zone,Mobile,Dropped Calls,Medium,SLA Breached,9.31,37.48,3.94
    TKT-2594,Aug,West Zone,Landline,Billing Error,High,SLA Breached,14.75,62.68,2.88
    TKT-2595,Nov,South Zone,Broadband,Service Outage,Low,Resolved,8.84,29.96,3.87
    TKT-2596,Jun,West Zone,Mobile,Billing Error,High,Resolved,16.69,51.74,3.55
    TKT-2597,Jan,North Zone,TV,Slow Internet,Low,Escalated,16.52,36.92,3.31
    TKT-2598,Aug,North Zone,TV,Slow Internet,Low,SLA Breached,17.82,65.37,3.68
    TKT-2599,Sep,East Zone,Landline,Service Outage,Low,Resolved,9.01,63.46,3.44
    TKT-2600,Mar,Central Zone,TV,Dropped Calls,Medium,Resolved,6.92,17.53,4.54
    TKT-2601,May,West Zone,Broadband,Slow Internet,High,SLA Breached,5.59,21.27,4.12
    TKT-2602,Sep,North Zone,Landline,Installation Delay,Medium,Escalated,19.19,39.54,3.09
    TKT-2603,Dec,South Zone,TV,Installation Delay,High,Escalated,12.77,23.35,4.25
    TKT-2604,Mar,South Zone,Mobile,Dropped Calls,Medium,In Progress,8.07,56.88,3.64
    TKT-2605,Mar,Central Zone,TV,No Signal,Medium,In Progress,18.82,55.65,3.29
    TKT-2606,Jun,East Zone,Landline,Slow Internet,Low,SLA Breached,15.32,53.78,3.26
    TKT-2607,Aug,West Zone,TV,Slow Internet,Low,Escalated,13.46,55.91,3.69
    TKT-2608,Nov,West Zone,Mobile,Billing Error,Low,SLA Breached,17.07,49.28,3.76
    TKT-2609,Jan,North Zone,Broadband,Service Outage,High,In Progress,7.56,28.11,3.92
    TKT-2610,Aug,West Zone,TV,No Signal,High,Resolved,10.61,39.36,3.51
    TKT-2611,Sep,Central Zone,Mobile,Billing Error,Medium,Escalated,5.02,53.3,3.46
    TKT-2612,Dec,South Zone,TV,Service Outage,Low,Resolved,19.65,41.75,3.81
    TKT-2613,Sep,West Zone,TV,No Signal,Low,Resolved,9.75,64.58,3.05
    TKT-2614,Aug,Central Zone,Landline,No Signal,Low,SLA Breached,14.92,48.36,3.32
    TKT-2615,Oct,South Zone,Landline,Billing Error,High,SLA Breached,8.97,34.75,4.18
    TKT-2616,Sep,South Zone,Landline,No Signal,High,In Progress,14.52,62.67,3.35
    TKT-2617,Jul,North Zone,Mobile,No Signal,Low,In Progress,12.03,45.44,3.31
    TKT-2618,Feb,Central Zone,Mobile,Dropped Calls,High,Resolved,16.61,49.3,3.17
    TKT-2619,May,Central Zone,Landline,Installation Delay,High,SLA Breached,14.7,50.54,3.31
    TKT-2620,Mar,Central Zone,Landline,Dropped Calls,Low,SLA Breached,14.41,62.9,3.47
    TKT-2621,Apr,Central Zone,Broadband,Dropped Calls,High,Resolved,11.93,66.97,2.85
    TKT-2622,Jun,West Zone,Broadband,Slow Internet,Medium,Resolved,17.72,50.73,3.52
    TKT-2623,Nov,West Zone,Broadband,Slow Internet,Low,Escalated,8.43,27.98,3.5
    TKT-2624,Jan,South Zone,Mobile,Slow Internet,Low,Escalated,9.97,55.6,3.51
    TKT-2625,Jul,West Zone,TV,No Signal,Medium,In Progress,16.7,74.86,2.19
    TKT-2626,Feb,West Zone,Broadband,Dropped Calls,Low,In Progress,11.56,64.33,3.36
    TKT-2627,Oct,East Zone,Broadband,Installation Delay,Low,In Progress,12.35,40.44,3.2
    TKT-2628,Aug,West Zone,Broadband,No Signal,Low,SLA Breached,10.61,27.55,3.76
    TKT-2629,Nov,Central Zone,Landline,Dropped Calls,Medium,Escalated,12.87,66.22,2.87
    TKT-2630,Jun,West Zone,Broadband,Slow Internet,High,Escalated,11.89,28.65,3.41
    TKT-2631,Sep,South Zone,Broadband,No Signal,Medium,Resolved,6.71,58.16,3.9
    TKT-2632,Apr,East Zone,Landline,Billing Error,Low,SLA Breached,12.0,71.73,3.03
    TKT-2633,Jul,East Zone,TV,Billing Error,High,Resolved,5.17,50.13,4.18
    TKT-2634,Jul,South Zone,Mobile,Service Outage,High,Escalated,12.47,45.22,3.99
    TKT-2635,Jul,North Zone,Landline,No Signal,Low,Escalated,8.12,48.35,3.37
    TKT-2636,May,Central Zone,Landline,Billing Error,Low,Escalated,10.66,31.66,4.09
    TKT-2637,Apr,Central Zone,Landline,Service Outage,Low,Escalated,12.29,30.39,3.75
    TKT-2638,Jul,South Zone,TV,No Signal,High,In Progress,16.13,61.83,3.02
    TKT-2639,Oct,East Zone,Broadband,Service Outage,Low,SLA Breached,12.22,63.58,3.25
    TKT-2640,Sep,East Zone,Mobile,Installation Delay,Medium,Resolved,10.52,31.71,3.87
    TKT-2641,Jan,Central Zone,Broadband,No Signal,High,Escalated,16.81,58.0,3.05
    TKT-2642,Mar,East Zone,Mobile,Installation Delay,Medium,In Progress,5.44,45.72,3.78
    TKT-2643,Jan,South Zone,Broadband,Service Outage,Low,In Progress,19.5,46.92,3.25
    TKT-2644,Jan,East Zone,Mobile,No Signal,High,Escalated,19.21,63.4,2.91
    TKT-2645,May,North Zone,Mobile,No Signal,Low,Escalated,6.37,22.03,4.22
    TKT-2646,Jul,North Zone,TV,No Signal,Low,Escalated,15.27,51.05,3.55
    TKT-2647,Jul,North Zone,TV,Dropped Calls,Low,SLA Breached,8.57,55.85,3.07
    TKT-2648,Dec,Central Zone,Broadband,Installation Delay,Low,Escalated,16.54,39.8,3.68
    TKT-2649,Sep,East Zone,Broadband,No Signal,Medium,In Progress,19.51,70.07,2.79
    TKT-2650,May,Central Zone,Mobile,Installation Delay,High,Escalated,16.39,48.59,3.5
    TKT-2651,Aug,Central Zone,Mobile,No Signal,Low,In Progress,9.32,20.85,4.22
    TKT-2652,Sep,West Zone,TV,Installation Delay,Medium,SLA Breached,15.89,42.56,3.55
    TKT-2653,Nov,Central Zone,Broadband,Installation Delay,Medium,SLA Breached,9.93,53.07,3.94
    TKT-2654,Jan,South Zone,Landline,Billing Error,High,In Progress,9.42,26.1,4.23
    TKT-2655,Sep,West Zone,Mobile,Dropped Calls,Low,Resolved,14.89,25.77,3.95
    TKT-2656,Jun,East Zone,Broadband,Service Outage,High,Resolved,14.39,41.29,4.05
    TKT-2657,Jan,East Zone,Broadband,Service Outage,Medium,SLA Breached,16.24,54.83,2.94
    TKT-2658,Aug,East Zone,Landline,Dropped Calls,Low,SLA Breached,17.33,50.98,3.54
    TKT-2659,Mar,North Zone,Broadband,No Signal,Low,Escalated,18.29,60.83,3.08
    TKT-2660,Feb,West Zone,TV,Slow Internet,High,In Progress,6.72,45.76,3.83
    TKT-2661,Sep,South Zone,Mobile,Dropped Calls,Medium,SLA Breached,19.67,55.27,3.18
    TKT-2662,Aug,South Zone,Landline,No Signal,Medium,In Progress,8.2,20.1,3.89
    TKT-2663,Dec,Central Zone,Broadband,Billing Error,Medium,Escalated,11.37,42.55,3.87
    TKT-2664,Sep,South Zone,Landline,Slow Internet,High,SLA Breached,11.85,30.58,4.11
    TKT-2665,Jul,Central Zone,Mobile,Slow Internet,High,In Progress,8.97,22.29,4.77
    TKT-2666,Mar,Central Zone,Broadband,Dropped Calls,Medium,Resolved,8.88,55.24,3.57
    TKT-2667,Jul,South Zone,TV,No Signal,Medium,Resolved,7.82,35.75,3.74
    TKT-2668,Apr,West Zone,TV,No Signal,Low,Resolved,8.65,48.43,3.72
    TKT-2669,Nov,Central Zone,TV,No Signal,Medium,Escalated,11.43,35.17,4.04
    TKT-2670,Jun,North Zone,Landline,Installation Delay,Low,SLA Breached,16.89,31.56,3.59
    TKT-2671,Mar,South Zone,TV,Slow Internet,Medium,SLA Breached,12.33,37.83,3.64
    TKT-2672,Feb,South Zone,Mobile,Installation Delay,Low,SLA Breached,13.93,69.2,3.48
    TKT-2673,Feb,South Zone,Landline,Service Outage,Medium,Resolved,16.01,73.03,3.07
    TKT-2674,Jun,North Zone,Mobile,Slow Internet,High,In Progress,15.01,57.26,3.47
    TKT-2675,Mar,West Zone,TV,Service Outage,Low,In Progress,10.34,44.89,3.75
    TKT-2676,Sep,South Zone,TV,Slow Internet,Low,Escalated,16.7,52.37,3.05
    TKT-2677,Jul,South Zone,Mobile,Service Outage,High,In Progress,16.06,60.56,2.5
    TKT-2678,Oct,Central Zone,TV,Service Outage,Low,Escalated,11.86,25.26,3.54
    TKT-2679,Nov,North Zone,Mobile,Service Outage,Low,Resolved,10.31,57.28,3.68
    TKT-2680,Sep,Central Zone,Broadband,Dropped Calls,Medium,Escalated,16.57,71.54,2.98
    TKT-2681,Jun,South Zone,TV,Billing Error,Low,In Progress,18.69,34.42,3.25
    TKT-2682,Sep,West Zone,TV,Billing Error,Low,In Progress,7.41,29.34,4.14
    TKT-2683,Jun,Central Zone,Broadband,Billing Error,Medium,In Progress,18.53,49.99,3.37
    TKT-2684,May,East Zone,Landline,No Signal,Low,Resolved,7.87,38.47,3.61
    TKT-2685,May,Central Zone,Mobile,No Signal,High,SLA Breached,12.22,47.29,3.36
    TKT-2686,Nov,East Zone,Broadband,Service Outage,Low,SLA Breached,9.16,19.19,4.55
    TKT-2687,Dec,East Zone,Landline,Installation Delay,Low,Resolved,14.92,57.53,3.56
    TKT-2688,Jan,South Zone,TV,Dropped Calls,Medium,SLA Breached,17.75,30.75,3.65
    TKT-2689,Dec,Central Zone,Landline,No Signal,Medium,SLA Breached,13.29,62.11,3.63
    TKT-2690,Jul,East Zone,Broadband,Billing Error,High,In Progress,14.66,38.72,3.98
    TKT-2691,Feb,South Zone,TV,Dropped Calls,Low,SLA Breached,6.82,22.03,4.23
    TKT-2692,Dec,South Zone,Landline,Billing Error,Low,Resolved,12.62,48.43,3.29
    TKT-2693,Sep,West Zone,Mobile,Installation Delay,Low,Escalated,11.75,59.22,3.55
    TKT-2694,Apr,West Zone,Broadband,Installation Delay,High,SLA Breached,8.37,65.78,2.84
    TKT-2695,May,East Zone,TV,Billing Error,Low,SLA Breached,7.06,27.15,4.69
    TKT-2696,Jun,Central Zone,TV,Dropped Calls,Low,In Progress,19.15,53.33,3.65
    TKT-2697,Apr,North Zone,TV,Dropped Calls,High,Escalated,6.77,62.58,3.31
    TKT-2698,Jul,Central Zone,Landline,Service Outage,Medium,Escalated,12.73,36.37,3.64
    TKT-2699,Apr,East Zone,TV,Installation Delay,Low,Escalated,12.01,43.47,3.51
    TKT-2700,Dec,North Zone,Broadband,Billing Error,Low,In Progress,12.6,60.92,3.3
    TKT-2701,Oct,South Zone,Mobile,Installation Delay,High,Resolved,12.94,58.19,3.52
    TKT-2702,Jan,Central Zone,TV,No Signal,High,In Progress,8.01,33.4,3.87
    TKT-2703,Apr,West Zone,Landline,Billing Error,Low,Escalated,9.94,40.32,3.94
    TKT-2704,Sep,West Zone,Landline,No Signal,Medium,SLA Breached,19.57,50.86,2.73
    TKT-2705,Jun,West Zone,TV,Billing Error,Low,Escalated,10.76,47.73,4.12
    TKT-2706,Feb,South Zone,Broadband,Installation Delay,Low,Resolved,13.35,65.49,3.63
    TKT-2707,Mar,South Zone,Broadband,Slow Internet,Medium,In Progress,15.79,70.64,3.14
    TKT-2708,Oct,East Zone,Landline,No Signal,High,In Progress,14.4,39.65,3.94
    TKT-2709,Mar,West Zone,TV,Dropped Calls,Medium,Resolved,10.75,48.41,3.61
    TKT-2710,Jul,West Zone,Mobile,Slow Internet,Medium,Escalated,18.35,37.0,3.31
    TKT-2711,May,South Zone,TV,Slow Internet,Low,Escalated,17.54,36.75,3.67
    TKT-2712,Feb,North Zone,Mobile,No Signal,High,Resolved,6.84,56.95,3.67
    TKT-2713,Mar,North Zone,Landline,Billing Error,Low,SLA Breached,6.03,55.64,3.64
    TKT-2714,Jul,West Zone,Mobile,Dropped Calls,Low,SLA Breached,11.89,56.32,3.39
    TKT-2715,Aug,East Zone,TV,Installation Delay,High,In Progress,11.06,51.48,3.34
    TKT-2716,May,Central Zone,Mobile,Slow Internet,Low,Resolved,13.42,60.01,3.06
    TKT-2717,Jun,Central Zone,TV,Installation Delay,Low,Escalated,9.89,46.98,3.46
    TKT-2718,Jun,West Zone,Mobile,No Signal,High,SLA Breached,19.78,50.88,3.28
    TKT-2719,Mar,Central Zone,TV,Service Outage,Medium,Escalated,13.0,39.81,3.47
    TKT-2720,Sep,South Zone,Broadband,No Signal,High,In Progress,10.46,62.94,3.52
    TKT-2721,Sep,West Zone,Landline,Dropped Calls,Medium,Escalated,7.95,65.66,3.07
    TKT-2722,Jan,South Zone,Landline,Installation Delay,Medium,Resolved,15.9,49.99,3.2
    TKT-2723,Apr,West Zone,Broadband,Service Outage,Low,SLA Breached,15.25,26.13,3.14
    TKT-2724,Sep,South Zone,Landline,Billing Error,Low,SLA Breached,15.89,42.21,3.31
    TKT-2725,Sep,North Zone,Landline,Installation Delay,High,In Progress,11.48,65.94,3.38
    TKT-2726,Mar,North Zone,Landline,Slow Internet,High,Escalated,12.86,57.49,3.42
    TKT-2727,Sep,West Zone,Broadband,Service Outage,Medium,Escalated,14.83,63.22,3.13
    TKT-2728,Mar,Central Zone,Landline,Service Outage,Medium,Resolved,11.65,42.48,3.71
    TKT-2729,Feb,West Zone,TV,Billing Error,Medium,Escalated,13.99,55.77,3.08
    TKT-2730,Apr,West Zone,TV,No Signal,Medium,In Progress,8.52,67.52,3.22
    TKT-2731,Feb,East Zone,TV,No Signal,High,Resolved,12.47,51.5,3.24
    TKT-2732,May,North Zone,TV,Installation Delay,Low,Escalated,16.03,53.6,3.45
    TKT-2733,Jul,West Zone,Mobile,Dropped Calls,Low,Resolved,13.93,65.18,3.66
    TKT-2734,Nov,South Zone,TV,Dropped Calls,Medium,In Progress,19.78,78.8,2.63
    TKT-2735,Oct,South Zone,Mobile,Billing Error,Low,Escalated,6.28,48.18,3.68
    TKT-2736,Sep,Central Zone,TV,Dropped Calls,High,SLA Breached,9.13,52.97,3.78
    TKT-2737,Apr,North Zone,TV,Service Outage,High,Resolved,14.58,53.4,3.02
    TKT-2738,Aug,Central Zone,TV,Installation Delay,Low,In Progress,8.22,47.74,3.81
    TKT-2739,Apr,Central Zone,Broadband,Dropped Calls,Low,Resolved,8.45,32.99,3.83
    TKT-2740,Sep,South Zone,Landline,Installation Delay,Low,Resolved,5.22,54.64,4.33
    TKT-2741,May,East Zone,Landline,No Signal,Low,SLA Breached,11.96,34.28,4.55
    TKT-2742,Sep,Central Zone,Broadband,Slow Internet,High,SLA Breached,16.98,55.05,3.16
    TKT-2743,Jul,West Zone,Mobile,Slow Internet,Medium,Resolved,15.54,41.55,3.28
    TKT-2744,Jul,North Zone,Landline,Slow Internet,Low,In Progress,17.29,55.93,3.33
    TKT-2745,Dec,North Zone,Mobile,Billing Error,Low,In Progress,15.86,50.86,2.85
    TKT-2746,Jan,East Zone,Mobile,Slow Internet,Low,Escalated,12.61,39.72,3.54
    TKT-2747,Nov,Central Zone,TV,Dropped Calls,Medium,In Progress,9.26,64.47,3.29
    TKT-2748,Dec,West Zone,Mobile,No Signal,High,SLA Breached,6.87,41.56,4.26
    TKT-2749,Oct,East Zone,Broadband,Slow Internet,Medium,Escalated,10.54,54.03,3.76
    TKT-2750,Nov,West Zone,Mobile,Slow Internet,Low,Resolved,5.41,50.92,4.46
    TKT-2751,Jul,West Zone,Broadband,Service Outage,Medium,SLA Breached,10.81,30.24,3.76
    TKT-2752,Nov,East Zone,Landline,No Signal,Medium,Resolved,17.12,60.77,3.31
    TKT-2753,Mar,South Zone,Broadband,Billing Error,Low,Resolved,19.67,72.98,2.77
    TKT-2754,Aug,South Zone,Mobile,No Signal,Low,Escalated,12.55,65.2,3.34
    TKT-2755,Jan,North Zone,Broadband,Dropped Calls,Low,In Progress,10.22,51.32,3.66
    TKT-2756,Dec,West Zone,TV,Slow Internet,High,Resolved,17.01,63.44,2.99
    TKT-2757,Jan,South Zone,TV,No Signal,Low,Resolved,6.86,49.14,3.82
    TKT-2758,Nov,South Zone,Broadband,Installation Delay,High,SLA Breached,13.54,33.97,4.16
    TKT-2759,May,South Zone,TV,Service Outage,Medium,Resolved,14.19,74.15,3.42
    TKT-2760,Dec,South Zone,Landline,Slow Internet,Medium,In Progress,10.3,55.82,3.11
    TKT-2761,Oct,North Zone,Mobile,Service Outage,Low,Resolved,19.99,59.48,2.66
    TKT-2762,Apr,Central Zone,TV,Slow Internet,High,SLA Breached,14.98,69.74,2.74
    TKT-2763,Jun,West Zone,TV,Billing Error,Low,Resolved,5.81,46.7,3.45
    TKT-2764,May,East Zone,TV,Billing Error,Medium,In Progress,18.12,30.63,3.55
    TKT-2765,Mar,East Zone,Broadband,Service Outage,Low,Escalated,11.41,26.92,3.37
    TKT-2766,Mar,East Zone,TV,Installation Delay,High,In Progress,14.16,45.17,4.07
    TKT-2767,Dec,South Zone,TV,Installation Delay,Low,In Progress,16.07,68.82,3.16
    TKT-2768,Dec,East Zone,Mobile,Service Outage,Low,Escalated,19.28,49.07,3.18
    TKT-2769,Jan,South Zone,TV,Installation Delay,High,SLA Breached,9.92,64.52,3.01
    TKT-2770,Oct,Central Zone,Broadband,Installation Delay,High,SLA Breached,17.69,50.43,3.52
    TKT-2771,Apr,West Zone,Mobile,No Signal,Medium,SLA Breached,6.12,33.52,3.91
    TKT-2772,May,East Zone,Mobile,Service Outage,High,SLA Breached,6.3,53.07,4.08
    TKT-2773,Aug,West Zone,Mobile,Service Outage,High,SLA Breached,8.77,63.61,3.06
    TKT-2774,Sep,Central Zone,Landline,Slow Internet,Medium,Resolved,15.89,60.56,2.49
    TKT-2775,Nov,West Zone,Broadband,Dropped Calls,Low,Resolved,18.45,47.55,3.03
    TKT-2776,Aug,East Zone,Broadband,Dropped Calls,Medium,In Progress,10.56,57.85,3.02
    TKT-2777,Jan,Central Zone,Mobile,Installation Delay,High,In Progress,8.35,26.51,3.72
    TKT-2778,Jun,East Zone,TV,Billing Error,Low,Escalated,7.76,51.47,3.81
    TKT-2779,May,West Zone,TV,Service Outage,High,Escalated,18.67,54.06,2.68
    TKT-2780,Oct,South Zone,Broadband,No Signal,Medium,In Progress,18.39,54.93,3.67
    TKT-2781,Jul,East Zone,Mobile,Slow Internet,Low,SLA Breached,11.12,61.46,2.9
    TKT-2782,Mar,South Zone,TV,Dropped Calls,Medium,In Progress,8.87,20.86,4.39
    TKT-2783,Oct,Central Zone,Landline,Billing Error,High,In Progress,10.6,59.56,3.17
    TKT-2784,Jun,North Zone,Landline,Service Outage,Medium,In Progress,17.78,71.18,2.93
    TKT-2785,Feb,West Zone,Mobile,Dropped Calls,Medium,Escalated,8.04,39.45,3.83
    TKT-2786,Apr,North Zone,Mobile,Billing Error,High,Resolved,14.25,70.41,2.55
    TKT-2787,Jun,South Zone,Mobile,Service Outage,Low,Escalated,17.53,46.56,3.38
    TKT-2788,Sep,West Zone,TV,Dropped Calls,Low,Escalated,14.01,58.25,3.48
    TKT-2789,Mar,South Zone,TV,Billing Error,Medium,Resolved,10.89,29.98,3.61
    TKT-2790,May,West Zone,TV,Billing Error,Medium,SLA Breached,5.05,35.14,4.05
    TKT-2791,Apr,Central Zone,TV,Installation Delay,High,In Progress,13.09,36.99,4.59
    TKT-2792,May,West Zone,Mobile,Slow Internet,Low,SLA Breached,8.63,41.81,3.96
    TKT-2793,Jul,East Zone,TV,Slow Internet,High,SLA Breached,8.55,47.31,3.98
    TKT-2794,Jan,West Zone,Broadband,Dropped Calls,High,Escalated,7.45,37.38,4.51
    TKT-2795,Dec,Central Zone,TV,Billing Error,Medium,Escalated,6.2,58.59,4.13
    TKT-2796,May,North Zone,Mobile,Slow Internet,Medium,Escalated,9.81,41.12,4.17
    TKT-2797,Feb,Central Zone,Broadband,Dropped Calls,Low,Escalated,10.26,42.03,3.79
    TKT-2798,Oct,Central Zone,Mobile,Installation Delay,Low,In Progress,19.83,65.33,2.97
    TKT-2799,Feb,South Zone,TV,Installation Delay,Low,Escalated,9.87,51.0,3.59
    TKT-2800,Mar,North Zone,Mobile,Billing Error,Medium,Resolved,14.71,69.64,3.34
    TKT-2801,Nov,West Zone,Broadband,Installation Delay,High,In Progress,5.91,46.25,3.75
    TKT-2802,Mar,East Zone,TV,Dropped Calls,Medium,Resolved,19.2,32.79,3.27
    TKT-2803,Jan,East Zone,Mobile,Slow Internet,High,SLA Breached,10.31,62.17,3.59
    TKT-2804,Jul,Central Zone,Landline,Dropped Calls,Medium,Resolved,9.39,46.44,3.75
    TKT-2805,Mar,East Zone,TV,Service Outage,Medium,In Progress,10.42,52.05,3.61
    TKT-2806,Sep,North Zone,Broadband,Billing Error,Medium,SLA Breached,14.91,71.74,3.07
    TKT-2807,Apr,Central Zone,TV,Service Outage,Low,Resolved,15.82,65.87,3.13
    TKT-2808,Nov,East Zone,TV,Installation Delay,High,Resolved,16.78,38.05,3.57
    TKT-2809,Nov,South Zone,Broadband,Service Outage,Medium,Escalated,10.36,58.34,3.69
    TKT-2810,Nov,East Zone,TV,Service Outage,High,Resolved,5.12,57.25,3.76
    TKT-2811,Aug,West Zone,Mobile,Installation Delay,Low,In Progress,11.15,66.3,3.29
    TKT-2812,Aug,South Zone,Broadband,Dropped Calls,Low,SLA Breached,17.61,48.96,3.24
    TKT-2813,Jul,Central Zone,Broadband,Service Outage,Low,Resolved,8.17,18.49,4.32
    TKT-2814,May,East Zone,Landline,Slow Internet,Low,Escalated,7.42,42.51,3.36
    TKT-2815,Jun,South Zone,TV,Service Outage,High,In Progress,16.22,55.01,3.33
    TKT-2816,Nov,West Zone,Mobile,Dropped Calls,Medium,Resolved,18.4,37.7,3.4
    TKT-2817,Aug,Central Zone,Mobile,Dropped Calls,High,SLA Breached,14.09,49.78,3.33
    TKT-2818,Apr,South Zone,Mobile,Dropped Calls,Low,SLA Breached,16.77,53.3,3.47
    TKT-2819,Nov,Central Zone,TV,Slow Internet,Low,Escalated,6.28,58.4,4.05
    TKT-2820,Nov,South Zone,Landline,Billing Error,High,Resolved,13.69,60.36,3.51
    TKT-2821,Mar,Central Zone,Landline,Billing Error,High,SLA Breached,18.63,76.14,2.53
    TKT-2822,Jan,East Zone,Mobile,No Signal,Medium,In Progress,8.71,54.5,3.9
    TKT-2823,Jan,South Zone,Landline,Installation Delay,Low,SLA Breached,19.87,46.65,3.31
    TKT-2824,Sep,West Zone,Broadband,Billing Error,Low,Resolved,11.95,48.05,3.66
    TKT-2825,Mar,East Zone,Broadband,Slow Internet,High,In Progress,6.92,66.74,3.41
    TKT-2826,Aug,East Zone,Broadband,Dropped Calls,Medium,In Progress,6.21,18.35,4.29
    TKT-2827,Apr,Central Zone,Mobile,No Signal,Low,In Progress,9.02,25.65,4.19
    TKT-2828,Dec,South Zone,TV,Dropped Calls,Low,Resolved,18.03,29.04,3.41
    TKT-2829,Dec,West Zone,Landline,Slow Internet,Medium,Resolved,12.01,64.5,3.68
    TKT-2830,Sep,West Zone,Landline,No Signal,Medium,SLA Breached,10.14,54.33,3.97
    TKT-2831,Apr,North Zone,TV,No Signal,Low,Resolved,18.52,72.37,2.89
    TKT-2832,Dec,West Zone,Mobile,Installation Delay,High,Resolved,8.19,23.46,4.26
    TKT-2833,Sep,East Zone,TV,Slow Internet,Medium,Escalated,14.47,62.32,3.03
    TKT-2834,Mar,Central Zone,Landline,Slow Internet,Low,SLA Breached,9.24,28.76,4.41
    TKT-2835,Jan,East Zone,Broadband,Dropped Calls,Low,In Progress,9.9,53.55,4.31
    TKT-2836,Dec,North Zone,Landline,Installation Delay,High,Escalated,6.61,55.88,3.55
    TKT-2837,Aug,South Zone,Broadband,Slow Internet,High,Escalated,16.34,61.94,3.0
    TKT-2838,Jun,West Zone,Landline,Slow Internet,High,In Progress,15.64,40.1,3.95
    TKT-2839,Jan,South Zone,Broadband,Service Outage,Low,Resolved,12.74,68.25,3.76
    TKT-2840,Apr,Central Zone,Mobile,No Signal,High,Resolved,18.69,62.14,2.51
    TKT-2841,May,East Zone,Landline,Installation Delay,Low,SLA Breached,6.74,64.24,3.21
    TKT-2842,May,North Zone,Landline,Dropped Calls,Low,In Progress,14.92,69.0,3.39
    TKT-2843,Jun,East Zone,Landline,Dropped Calls,Low,SLA Breached,5.51,25.69,4.1
    TKT-2844,Sep,North Zone,Broadband,Dropped Calls,Low,Escalated,9.99,43.61,4.11
    TKT-2845,Feb,Central Zone,Landline,Dropped Calls,Low,In Progress,12.49,57.84,3.15
    TKT-2846,Dec,West Zone,Mobile,Service Outage,Low,Escalated,11.32,51.18,3.3
    TKT-2847,Sep,North Zone,Broadband,Installation Delay,Medium,Escalated,14.54,49.31,2.96
    TKT-2848,Oct,North Zone,TV,Billing Error,High,In Progress,11.88,68.53,2.98
    TKT-2849,May,East Zone,Mobile,Service Outage,Medium,SLA Breached,13.82,40.37,3.88
    TKT-2850,Nov,South Zone,Landline,Slow Internet,Low,In Progress,19.45,57.24,3.1
    TKT-2851,Apr,Central Zone,TV,Dropped Calls,Low,Escalated,14.24,71.35,3.27
    TKT-2852,Jun,North Zone,Broadband,Slow Internet,Medium,SLA Breached,19.66,78.85,3.02
    TKT-2853,Jul,Central Zone,Landline,Slow Internet,High,In Progress,14.85,67.11,3.07
    TKT-2854,Jul,South Zone,Broadband,No Signal,Medium,Resolved,6.17,18.96,4.58
    TKT-2855,May,East Zone,Mobile,No Signal,High,SLA Breached,7.85,40.79,4.35
    TKT-2856,Oct,East Zone,Broadband,Dropped Calls,High,Resolved,9.08,41.79,3.66
    TKT-2857,Feb,North Zone,TV,Dropped Calls,Low,In Progress,19.83,33.43,3.74
    TKT-2858,Mar,South Zone,Mobile,No Signal,Medium,In Progress,15.04,70.64,3.16
    TKT-2859,Dec,Central Zone,Mobile,Installation Delay,Low,Resolved,12.97,30.16,3.68
    TKT-2860,Jul,North Zone,Landline,Service Outage,High,SLA Breached,11.2,64.02,3.15
    TKT-2861,Aug,South Zone,Mobile,Slow Internet,Low,Escalated,18.55,54.98,2.88
    TKT-2862,Jul,East Zone,Broadband,Slow Internet,Low,Escalated,18.18,54.75,3.16
    TKT-2863,Nov,East Zone,Broadband,Billing Error,Medium,Escalated,11.4,42.1,3.95
    TKT-2864,Feb,South Zone,Landline,No Signal,High,SLA Breached,5.04,60.92,3.45
    TKT-2865,Jun,West Zone,Landline,Billing Error,High,In Progress,17.36,36.37,3.94
    TKT-2866,Jan,South Zone,TV,Service Outage,Low,In Progress,5.21,21.12,4.57
    TKT-2867,Jun,Central Zone,Landline,Billing Error,High,SLA Breached,16.89,73.78,2.77
    TKT-2868,Jul,Central Zone,TV,Service Outage,High,SLA Breached,18.76,44.0,2.93
    TKT-2869,Jun,West Zone,Landline,Slow Internet,High,Resolved,6.05,63.46,3.55
    TKT-2870,Feb,South Zone,Mobile,Slow Internet,Low,Escalated,14.42,68.35,2.32
    TKT-2871,Nov,Central Zone,Mobile,Slow Internet,Low,In Progress,6.3,27.81,4.01
    TKT-2872,Oct,South Zone,Landline,Dropped Calls,Low,Escalated,14.81,55.16,2.99
    TKT-2873,May,South Zone,Broadband,Installation Delay,Low,Resolved,8.29,61.42,3.65
    TKT-2874,Apr,Central Zone,Landline,Billing Error,High,Escalated,14.09,42.43,3.45
    TKT-2875,Aug,North Zone,Broadband,Service Outage,Low,Escalated,13.09,65.82,2.96
    TKT-2876,Aug,West Zone,Mobile,No Signal,High,Escalated,10.53,31.3,4.34
    TKT-2877,Jul,North Zone,Landline,Billing Error,Medium,In Progress,8.79,32.74,4.06
    TKT-2878,Jun,North Zone,TV,Slow Internet,Low,In Progress,14.12,49.16,3.33
    TKT-2879,Oct,West Zone,TV,Dropped Calls,High,Escalated,6.84,54.8,3.24
    TKT-2880,Nov,East Zone,TV,Installation Delay,High,SLA Breached,17.02,44.46,2.97
    TKT-2881,Mar,East Zone,Landline,Slow Internet,High,In Progress,19.72,43.81,3.49
    TKT-2882,Aug,South Zone,Broadband,Slow Internet,Medium,In Progress,5.06,62.1,3.74
    TKT-2883,Apr,Central Zone,Mobile,Slow Internet,Medium,Resolved,18.95,71.78,2.47
    TKT-2884,Jun,Central Zone,Landline,Service Outage,Low,Resolved,9.86,69.34,3.4
    TKT-2885,Apr,East Zone,TV,Installation Delay,Medium,In Progress,12.68,22.81,4.24
    TKT-2886,Jan,West Zone,Landline,Installation Delay,High,In Progress,11.48,49.32,3.69
    TKT-2887,Jul,West Zone,Mobile,Slow Internet,Medium,Escalated,9.0,66.4,3.67
    TKT-2888,Oct,North Zone,TV,Installation Delay,Low,In Progress,14.75,67.1,3.22
    TKT-2889,Nov,Central Zone,TV,No Signal,Medium,SLA Breached,9.08,62.18,3.53
    TKT-2890,Dec,West Zone,TV,Dropped Calls,High,Resolved,10.24,67.46,3.52
    TKT-2891,Aug,South Zone,Landline,Dropped Calls,Medium,SLA Breached,10.42,53.4,3.23
    TKT-2892,Apr,West Zone,Mobile,No Signal,Low,SLA Breached,16.91,74.32,3.3
    TKT-2893,Jul,Central Zone,Mobile,Billing Error,Medium,Escalated,19.83,39.49,3.26
    TKT-2894,Aug,East Zone,Broadband,Dropped Calls,Medium,SLA Breached,12.0,65.24,2.86
    TKT-2895,May,Central Zone,Broadband,Installation Delay,Medium,Escalated,14.14,54.62,3.13
    TKT-2896,Feb,East Zone,Landline,Dropped Calls,Low,SLA Breached,8.07,56.79,3.8
    TKT-2897,Feb,West Zone,Landline,Slow Internet,High,SLA Breached,8.59,62.82,3.44
    TKT-2898,Sep,South Zone,Broadband,Slow Internet,Low,SLA Breached,9.82,63.9,3.49
    TKT-2899,Jun,North Zone,Landline,Installation Delay,Medium,Resolved,18.22,73.39,2.49
    TKT-2900,Jan,South Zone,Mobile,Dropped Calls,High,SLA Breached,10.76,26.55,3.76
    TKT-2901,Dec,West Zone,Mobile,Dropped Calls,Medium,Resolved,13.79,54.11,3.58
    TKT-2902,May,South Zone,Landline,Billing Error,Low,SLA Breached,10.72,32.39,4.26
    TKT-2903,Dec,West Zone,Landline,Service Outage,High,SLA Breached,19.59,33.81,3.41
    TKT-2904,Nov,North Zone,Mobile,Dropped Calls,High,Resolved,14.04,38.52,3.86
    TKT-2905,Oct,North Zone,Landline,Slow Internet,Medium,Escalated,19.6,33.61,2.99
    TKT-2906,Jun,West Zone,Broadband,Service Outage,High,Resolved,14.86,74.58,3.37
    TKT-2907,Oct,North Zone,Mobile,Billing Error,High,Escalated,12.45,36.96,3.91
    TKT-2908,Jul,East Zone,TV,Slow Internet,Medium,SLA Breached,12.44,34.74,3.69
    TKT-2909,May,South Zone,Landline,Service Outage,Medium,Resolved,14.96,28.51,3.56
    TKT-2910,May,East Zone,Mobile,Slow Internet,High,SLA Breached,13.85,62.67,2.87
    TKT-2911,Nov,East Zone,TV,No Signal,Low,SLA Breached,15.26,45.55,3.37
    TKT-2912,Feb,Central Zone,Broadband,Billing Error,Low,SLA Breached,15.25,30.32,3.69
    TKT-2913,Sep,South Zone,TV,Billing Error,Medium,Escalated,14.16,52.91,3.75
    TKT-2914,Nov,West Zone,Landline,Slow Internet,High,Resolved,5.2,45.01,3.61
    TKT-2915,Jul,Central Zone,TV,Slow Internet,Medium,In Progress,11.66,44.65,3.93
    TKT-2916,Jun,East Zone,Landline,No Signal,Medium,Resolved,10.62,63.64,2.92
    TKT-2917,May,North Zone,TV,Installation Delay,Low,SLA Breached,7.5,57.46,3.08
    TKT-2918,Sep,Central Zone,TV,Service Outage,Medium,SLA Breached,7.42,48.99,3.91
    TKT-2919,Oct,North Zone,Mobile,No Signal,Low,Escalated,7.28,29.9,4.47
    TKT-2920,May,Central Zone,Mobile,Installation Delay,Medium,In Progress,17.64,73.08,3.01
    TKT-2921,Dec,North Zone,Broadband,Dropped Calls,High,In Progress,11.56,45.15,3.36
    TKT-2922,Sep,West Zone,Landline,Installation Delay,Medium,Resolved,5.44,61.99,3.7
    TKT-2923,Jul,East Zone,TV,Billing Error,High,Escalated,17.23,61.46,3.02
    TKT-2924,Nov,Central Zone,Broadband,Billing Error,High,In Progress,13.34,67.14,2.88
    TKT-2925,Nov,South Zone,TV,Dropped Calls,High,In Progress,6.79,26.45,3.94
    TKT-2926,Sep,West Zone,Mobile,Slow Internet,Low,In Progress,5.29,23.9,3.89
    TKT-2927,Feb,North Zone,Broadband,No Signal,Low,Resolved,7.85,24.0,4.29
    TKT-2928,Jun,Central Zone,TV,Slow Internet,High,In Progress,14.36,43.2,3.65
    TKT-2929,Dec,East Zone,Mobile,Slow Internet,Medium,Escalated,17.72,35.28,3.8
    TKT-2930,Oct,Central Zone,TV,Slow Internet,Medium,Resolved,12.17,49.35,3.66
    TKT-2931,Nov,Central Zone,Landline,No Signal,High,SLA Breached,9.74,61.25,4.09
    TKT-2932,Dec,West Zone,Mobile,Billing Error,Low,SLA Breached,10.67,34.71,3.73
    TKT-2933,Jun,Central Zone,Broadband,No Signal,Low,SLA Breached,10.26,59.87,3.43
    TKT-2934,Jul,East Zone,Mobile,Slow Internet,Low,In Progress,13.67,38.55,3.91
    TKT-2935,Jul,Central Zone,Mobile,Dropped Calls,Medium,Escalated,12.24,48.01,3.92
    TKT-2936,Jun,South Zone,Broadband,No Signal,Medium,SLA Breached,16.55,54.32,2.62
    TKT-2937,Dec,West Zone,TV,Service Outage,Medium,Resolved,12.84,37.42,3.46
    TKT-2938,Aug,East Zone,Broadband,Service Outage,Low,Resolved,9.68,28.99,3.73
    TKT-2939,Oct,North Zone,Broadband,Dropped Calls,High,Escalated,13.14,68.47,3.35
    TKT-2940,Jun,North Zone,TV,Billing Error,High,Resolved,10.66,25.01,4.37
    TKT-2941,Apr,South Zone,Landline,No Signal,Medium,In Progress,19.86,71.15,3.28
    TKT-2942,Mar,Central Zone,Landline,Installation Delay,Medium,SLA Breached,6.73,58.86,2.88
    TKT-2943,Aug,North Zone,Broadband,Billing Error,Low,Escalated,15.68,72.54,2.85
    TKT-2944,Sep,Central Zone,Broadband,Slow Internet,Low,Escalated,16.71,37.65,3.74
    TKT-2945,Jun,Central Zone,TV,Billing Error,High,Resolved,13.84,32.59,3.8
    TKT-2946,Mar,North Zone,Mobile,No Signal,High,In Progress,10.62,27.36,3.41
    TKT-2947,Feb,Central Zone,Landline,Dropped Calls,High,SLA Breached,12.27,39.77,3.78
    TKT-2948,Jan,West Zone,Mobile,Service Outage,Medium,SLA Breached,9.37,62.72,3.45
    TKT-2949,Apr,South Zone,Landline,Billing Error,High,Escalated,8.14,64.39,2.81
    TKT-2950,Apr,South Zone,Landline,Dropped Calls,Low,Resolved,17.68,33.52,3.49
    TKT-2951,Oct,East Zone,Landline,No Signal,Low,Resolved,9.94,54.3,3.73
    TKT-2952,May,South Zone,Broadband,Installation Delay,Medium,SLA Breached,18.16,43.0,3.11
    TKT-2953,Jun,South Zone,Mobile,Dropped Calls,Low,SLA Breached,7.03,24.28,4.52
    TKT-2954,Mar,Central Zone,Mobile,Dropped Calls,Medium,Escalated,11.47,68.05,2.77
    TKT-2955,Aug,North Zone,Landline,Installation Delay,Medium,SLA Breached,11.7,43.15,3.06
    TKT-2956,Dec,South Zone,TV,Billing Error,High,SLA Breached,5.2,31.45,4.17
    TKT-2957,Oct,West Zone,Broadband,No Signal,High,SLA Breached,11.36,32.83,3.57
    TKT-2958,Jan,West Zone,TV,Installation Delay,High,SLA Breached,7.94,62.15,3.63
    TKT-2959,Jun,West Zone,Landline,Service Outage,Medium,SLA Breached,7.58,18.85,4.41
    TKT-2960,Dec,South Zone,TV,Dropped Calls,High,SLA Breached,17.46,34.83,3.58
    TKT-2961,Sep,North Zone,Mobile,Service Outage,High,In Progress,14.79,46.47,3.38
    TKT-2962,Nov,Central Zone,TV,Dropped Calls,Medium,Escalated,16.25,52.99,3.49
    TKT-2963,Jan,Central Zone,Mobile,No Signal,Medium,Resolved,19.13,63.96,3.2
    TKT-2964,Nov,West Zone,Mobile,Billing Error,Low,Resolved,5.57,17.99,4.76
    TKT-2965,Aug,Central Zone,Broadband,Dropped Calls,Medium,In Progress,12.6,63.89,3.2
    TKT-2966,Dec,North Zone,TV,Dropped Calls,Low,Resolved,16.29,67.14,2.96
    TKT-2967,Mar,South Zone,Mobile,Service Outage,Medium,SLA Breached,8.22,32.67,3.88
    TKT-2968,Aug,South Zone,Landline,Installation Delay,High,Resolved,19.17,45.0,2.93
    TKT-2969,Dec,West Zone,Broadband,Billing Error,Medium,Escalated,12.61,68.93,2.85
    TKT-2970,Jul,West Zone,TV,No Signal,High,Escalated,8.77,64.25,3.77
    TKT-2971,Jun,West Zone,Mobile,Billing Error,Low,Resolved,9.29,32.24,3.88
    TKT-2972,Jun,West Zone,Landline,Service Outage,Medium,Resolved,12.39,57.28,3.58
    TKT-2973,Jan,South Zone,Landline,Billing Error,High,SLA Breached,6.85,36.12,3.75
    TKT-2974,Apr,South Zone,TV,Billing Error,Medium,Resolved,7.87,45.45,4.37
    TKT-2975,May,Central Zone,Landline,Dropped Calls,High,SLA Breached,14.62,44.57,3.71
    TKT-2976,Jan,Central Zone,Mobile,Billing Error,High,Resolved,10.12,55.78,3.85
    TKT-2977,Jan,Central Zone,TV,Billing Error,High,SLA Breached,6.61,34.48,3.83
    TKT-2978,Apr,Central Zone,TV,No Signal,High,Escalated,7.87,43.28,4.23
    TKT-2979,May,North Zone,TV,Slow Internet,Medium,Escalated,19.79,79.79,2.57
    TKT-2980,May,North Zone,Mobile,Service Outage,Low,Resolved,8.27,46.16,3.66
    TKT-2981,Jul,South Zone,Broadband,Billing Error,Low,In Progress,19.62,41.06,3.44
    TKT-2982,Apr,West Zone,Mobile,Slow Internet,High,In Progress,14.55,42.14,3.63
    TKT-2983,Aug,East Zone,Broadband,Dropped Calls,High,In Progress,8.8,20.91,4.23
    TKT-2984,Oct,Central Zone,Landline,Slow Internet,High,Resolved,5.92,37.76,4.1
    TKT-2985,Nov,South Zone,Broadband,No Signal,High,Resolved,9.94,23.57,3.5
    TKT-2986,Feb,South Zone,Landline,Dropped Calls,Medium,SLA Breached,6.75,55.51,3.86
    TKT-2987,Jul,East Zone,Landline,No Signal,Low,SLA Breached,16.08,46.48,3.13
    TKT-2988,Feb,South Zone,TV,Installation Delay,High,Resolved,14.95,51.03,3.39
    TKT-2989,Oct,East Zone,Broadband,Service Outage,High,SLA Breached,14.64,28.32,3.4
    TKT-2990,Dec,North Zone,TV,Installation Delay,Low,In Progress,17.49,69.82,3.06
    TKT-2991,Feb,East Zone,Landline,Billing Error,Low,Escalated,19.23,29.92,2.94
    TKT-2992,Apr,Central Zone,TV,No Signal,Medium,SLA Breached,17.09,32.84,3.84
    TKT-2993,Oct,East Zone,Mobile,Billing Error,Medium,Escalated,7.38,26.92,5.0
    TKT-2994,Aug,West Zone,TV,No Signal,Low,Escalated,9.99,51.53,3.49
    TKT-2995,Jul,West Zone,Broadband,Billing Error,High,Escalated,13.03,51.16,3.45
    TKT-2996,Sep,Central Zone,Broadband,Installation Delay,Medium,SLA Breached,8.23,61.54,3.65
    TKT-2997,Feb,North Zone,Broadband,Installation Delay,Medium,Resolved,10.22,40.83,3.86
    TKT-2998,Feb,Central Zone,Landline,Service Outage,High,SLA Breached,17.6,30.79,3.48
    TKT-2999,Mar,South Zone,TV,No Signal,Low,Resolved,9.51,66.19,3.73
    TKT-3000,Sep,East Zone,Mobile,Dropped Calls,Low,Escalated,7.43,24.38,4.64
    TKT-3001,Nov,West Zone,TV,No Signal,Medium,Resolved,13.91,67.07,3.6
    TKT-3002,Sep,East Zone,TV,Slow Internet,Low,Resolved,7.59,19.0,4.18
    TKT-3003,Jul,South Zone,Mobile,Dropped Calls,Low,In Progress,10.28,38.55,3.16
    TKT-3004,Aug,West Zone,Mobile,Billing Error,High,Resolved,15.35,55.06,3.74
    TKT-3005,May,North Zone,Broadband,Installation Delay,Medium,SLA Breached,6.42,53.44,3.59
    TKT-3006,Feb,South Zone,Landline,Dropped Calls,Low,In Progress,9.58,39.52,3.6
    TKT-3007,May,North Zone,Landline,Slow Internet,Low,Escalated,12.48,69.93,3.34
    TKT-3008,Apr,East Zone,Broadband,Slow Internet,High,SLA Breached,7.35,66.9,3.63
    TKT-3009,Sep,South Zone,Broadband,Dropped Calls,Medium,SLA Breached,7.18,63.84,2.88
    TKT-3010,Mar,Central Zone,Broadband,No Signal,High,Escalated,13.73,29.66,3.89
    TKT-3011,Dec,East Zone,Mobile,Service Outage,Medium,Escalated,13.86,56.46,3.35
    TKT-3012,Oct,South Zone,TV,No Signal,Low,Resolved,9.14,54.73,3.76
    TKT-3013,May,Central Zone,TV,Dropped Calls,High,SLA Breached,16.69,44.74,3.75
    TKT-3014,Nov,North Zone,Landline,Dropped Calls,Low,In Progress,9.79,57.26,3.94
    TKT-3015,Aug,East Zone,TV,Dropped Calls,Medium,SLA Breached,17.22,68.18,3.03
    TKT-3016,Nov,West Zone,Broadband,Billing Error,High,In Progress,19.22,70.19,2.85
    TKT-3017,Jul,South Zone,TV,Installation Delay,Medium,Escalated,15.6,65.38,3.34
    TKT-3018,Jun,North Zone,Mobile,Billing Error,Low,In Progress,19.56,58.72,2.85
    TKT-3019,Apr,Central Zone,TV,Dropped Calls,Low,SLA Breached,12.68,67.96,3.66
    TKT-3020,Oct,Central Zone,Broadband,Service Outage,High,Resolved,13.23,31.16,3.97
    TKT-3021,Feb,East Zone,Broadband,Service Outage,Low,SLA Breached,13.79,38.91,3.34
    TKT-3022,Jul,West Zone,Mobile,Installation Delay,Medium,SLA Breached,15.22,72.1,2.9
    TKT-3023,Jan,West Zone,TV,Dropped Calls,High,In Progress,5.94,59.69,4.28
    TKT-3024,Feb,West Zone,TV,Service Outage,Medium,SLA Breached,10.06,47.46,3.51
    TKT-3025,Jun,South Zone,Broadband,Installation Delay,High,Resolved,9.04,39.88,4.01
    TKT-3026,Mar,Central Zone,Mobile,Slow Internet,High,Escalated,8.97,26.77,3.89
    TKT-3027,Oct,West Zone,Mobile,No Signal,High,Resolved,10.83,63.06,3.41
    TKT-3028,Jun,East Zone,Mobile,Dropped Calls,Medium,In Progress,17.47,69.37,3.02
    TKT-3029,Sep,Central Zone,Landline,No Signal,Medium,Resolved,9.6,41.19,3.75
    TKT-3030,Jan,East Zone,Mobile,Billing Error,Low,SLA Breached,6.93,32.47,4.08
    TKT-3031,Nov,North Zone,Broadband,Service Outage,Medium,Resolved,5.28,33.33,4.15
    TKT-3032,Jul,Central Zone,Broadband,Dropped Calls,Low,In Progress,7.4,56.33,4.0
    TKT-3033,Sep,West Zone,Broadband,No Signal,Medium,In Progress,10.39,36.67,3.77
    TKT-3034,Dec,West Zone,Mobile,Billing Error,Medium,SLA Breached,7.5,46.32,4.36
    TKT-3035,May,North Zone,Broadband,Service Outage,Medium,Escalated,18.57,33.09,3.61
    TKT-3036,Feb,East Zone,Landline,No Signal,Medium,Resolved,6.87,52.54,3.5
    TKT-3037,Nov,East Zone,Broadband,No Signal,High,Resolved,16.2,62.21,2.8
    TKT-3038,Jan,Central Zone,Broadband,Installation Delay,High,SLA Breached,17.74,38.39,3.26
    TKT-3039,Dec,South Zone,Landline,Dropped Calls,High,SLA Breached,14.73,72.97,2.93
    TKT-3040,Nov,West Zone,Mobile,Installation Delay,Medium,SLA Breached,9.09,41.55,2.96
    TKT-3041,Jan,West Zone,Broadband,Service Outage,Low,Resolved,18.42,75.26,2.99
    TKT-3042,Sep,East Zone,Landline,Service Outage,Medium,In Progress,16.32,42.45,3.43
    TKT-3043,Jan,West Zone,Landline,No Signal,High,In Progress,5.28,36.0,4.38
    TKT-3044,Jan,North Zone,Mobile,Service Outage,Medium,Resolved,18.27,62.84,3.23
    TKT-3045,Mar,East Zone,Mobile,Dropped Calls,Low,Escalated,17.45,36.0,3.13
    TKT-3046,May,North Zone,Landline,No Signal,Low,SLA Breached,14.69,29.74,4.27
    TKT-3047,Jan,Central Zone,Landline,Installation Delay,Low,In Progress,6.2,46.32,4.05
    TKT-3048,Dec,South Zone,Broadband,No Signal,High,Resolved,10.34,45.57,3.34
    TKT-3049,Mar,West Zone,TV,Slow Internet,Low,SLA Breached,8.36,47.76,3.69
    TKT-3050,Aug,Central Zone,Broadband,No Signal,Medium,SLA Breached,13.16,56.92,3.31
    TKT-3051,Jan,North Zone,Landline,Dropped Calls,Medium,In Progress,19.57,79.37,2.59
    TKT-3052,Nov,West Zone,TV,Slow Internet,Medium,SLA Breached,19.19,42.35,3.41
    TKT-3053,Aug,East Zone,Mobile,No Signal,High,SLA Breached,10.09,51.3,3.89
    TKT-3054,Feb,South Zone,TV,Slow Internet,Low,Escalated,14.14,47.66,3.81
    TKT-3055,Dec,North Zone,Broadband,Service Outage,High,In Progress,13.44,30.1,3.82
    TKT-3056,May,West Zone,TV,Billing Error,High,SLA Breached,14.14,51.84,3.44
    TKT-3057,Apr,South Zone,TV,Service Outage,High,In Progress,16.58,74.4,2.81
    TKT-3058,Sep,Central Zone,Mobile,Billing Error,Medium,In Progress,12.34,63.07,3.14
    TKT-3059,Dec,North Zone,TV,Dropped Calls,High,Escalated,5.13,50.65,4.18
    TKT-3060,Mar,West Zone,TV,Installation Delay,Medium,Escalated,12.83,30.46,4.05
    TKT-3061,Jun,South Zone,Broadband,Billing Error,High,Resolved,7.81,59.24,3.6
    TKT-3062,Oct,South Zone,Landline,No Signal,High,In Progress,13.76,54.75,3.07
    TKT-3063,Jan,West Zone,Broadband,Installation Delay,High,Escalated,14.35,33.75,3.53
    TKT-3064,Jan,Central Zone,Broadband,Service Outage,High,In Progress,7.31,48.1,4.16
    TKT-3065,May,East Zone,TV,Installation Delay,Medium,In Progress,14.34,53.51,3.13
    TKT-3066,Aug,South Zone,TV,Slow Internet,Low,SLA Breached,6.57,54.08,3.86
    TKT-3067,Aug,Central Zone,Broadband,Service Outage,Low,In Progress,19.8,75.09,2.72
    TKT-3068,Dec,South Zone,TV,Billing Error,High,Escalated,8.5,23.72,3.81
    TKT-3069,Apr,Central Zone,Landline,Service Outage,Medium,SLA Breached,12.19,36.62,4.16
    TKT-3070,Sep,West Zone,Broadband,Dropped Calls,High,SLA Breached,18.95,65.98,2.94
    TKT-3071,Dec,West Zone,Broadband,Installation Delay,High,SLA Breached,10.71,58.47,3.74
    TKT-3072,Oct,Central Zone,Landline,Slow Internet,High,SLA Breached,9.61,42.89,3.89
    TKT-3073,May,East Zone,Landline,Installation Delay,Low,Resolved,17.69,30.04,3.81
    TKT-3074,Jul,East Zone,Landline,Dropped Calls,Low,Resolved,12.81,50.05,3.34
    TKT-3075,Aug,Central Zone,Broadband,Dropped Calls,High,Escalated,19.77,44.21,3.48
    TKT-3076,Dec,East Zone,Broadband,No Signal,High,In Progress,5.75,29.07,4.01
    TKT-3077,Jul,West Zone,Mobile,Billing Error,High,In Progress,5.41,30.03,3.91
    TKT-3078,Jun,North Zone,Landline,Slow Internet,Medium,In Progress,16.12,40.83,4.16
    TKT-3079,Jan,North Zone,Mobile,Slow Internet,Low,Resolved,7.94,36.34,3.87
    TKT-3080,Oct,North Zone,Broadband,Slow Internet,High,SLA Breached,13.94,72.85,3.13
    TKT-3081,Jan,West Zone,Landline,Billing Error,Medium,SLA Breached,10.35,69.63,3.45
    TKT-3082,May,Central Zone,Broadband,Dropped Calls,High,Resolved,12.85,31.97,3.29
    TKT-3083,Jun,North Zone,TV,Dropped Calls,Medium,SLA Breached,8.43,53.59,3.58
    TKT-3084,Apr,East Zone,Mobile,Service Outage,Low,In Progress,6.7,55.04,3.81
    TKT-3085,Jan,East Zone,TV,Billing Error,High,In Progress,14.99,54.38,3.76
    TKT-3086,May,Central Zone,Landline,Billing Error,Medium,Resolved,7.42,22.6,4.04
    TKT-3087,Feb,South Zone,Landline,No Signal,Low,Resolved,8.3,18.86,4.48
    TKT-3088,May,West Zone,Landline,No Signal,Medium,In Progress,13.93,73.86,3.41
    TKT-3089,Apr,South Zone,Broadband,Service Outage,Medium,SLA Breached,10.3,23.48,4.4
    TKT-3090,Jul,North Zone,Landline,Slow Internet,High,In Progress,9.63,37.77,4.24
    TKT-3091,Jul,East Zone,TV,No Signal,Medium,SLA Breached,12.92,64.3,3.48
    TKT-3092,Dec,West Zone,Mobile,Dropped Calls,Low,SLA Breached,16.73,31.93,3.81
    TKT-3093,Apr,West Zone,Mobile,Dropped Calls,Medium,Resolved,5.44,46.09,3.64
    TKT-3094,Dec,East Zone,TV,Billing Error,Medium,In Progress,6.68,49.26,4.1
    TKT-3095,Dec,South Zone,Mobile,Slow Internet,High,Escalated,12.82,72.35,3.46
    TKT-3096,Jan,West Zone,TV,Installation Delay,High,SLA Breached,12.03,26.92,3.94
    TKT-3097,Nov,Central Zone,Landline,Slow Internet,High,In Progress,19.44,36.88,2.67
    TKT-3098,Nov,West Zone,TV,No Signal,High,SLA Breached,9.68,67.46,3.03
    TKT-3099,Mar,Central Zone,TV,Dropped Calls,Low,Resolved,5.89,65.08,3.5
    TKT-3100,May,Central Zone,Mobile,Billing Error,Medium,SLA Breached,6.53,20.9,4.06
    TKT-3101,Sep,West Zone,Broadband,Installation Delay,Low,Escalated,11.71,69.23,3.43
    TKT-3102,Nov,West Zone,Broadband,Slow Internet,High,Escalated,8.8,59.69,3.72
    TKT-3103,Nov,North Zone,TV,Slow Internet,Medium,Resolved,17.63,55.08,3.25
    TKT-3104,Jul,East Zone,TV,Slow Internet,Low,Resolved,18.29,28.31,3.58
    TKT-3105,Nov,Central Zone,Broadband,Dropped Calls,Low,SLA Breached,16.2,68.57,3.25
    TKT-3106,Apr,North Zone,Landline,Service Outage,Medium,In Progress,14.31,57.54,2.97
    TKT-3107,Aug,North Zone,Broadband,No Signal,Medium,Resolved,18.62,57.74,2.76
    TKT-3108,Jan,South Zone,Mobile,Billing Error,Low,In Progress,14.46,64.8,2.88
    TKT-3109,Mar,West Zone,Mobile,Billing Error,High,Resolved,7.14,19.12,4.53
    TKT-3110,Mar,South Zone,Broadband,Installation Delay,Medium,In Progress,8.01,30.31,3.99
    TKT-3111,Mar,West Zone,TV,Service Outage,Low,SLA Breached,13.84,54.03,3.27
    TKT-3112,Jan,Central Zone,Broadband,Slow Internet,Low,Escalated,18.32,66.78,3.04
    TKT-3113,Jul,West Zone,Landline,No Signal,Medium,SLA Breached,15.3,62.4,3.37
    TKT-3114,Oct,Central Zone,Broadband,Billing Error,Low,In Progress,19.14,51.77,2.8
    TKT-3115,Mar,West Zone,Landline,Billing Error,High,Escalated,12.55,39.16,3.74
    TKT-3116,Sep,Central Zone,Mobile,Installation Delay,Medium,Resolved,19.4,42.99,3.45
    TKT-3117,Sep,North Zone,Mobile,Service Outage,Low,Escalated,9.44,24.28,3.32
    TKT-3118,Sep,North Zone,Broadband,Billing Error,Medium,SLA Breached,15.22,74.51,2.43
    TKT-3119,Jan,South Zone,TV,Dropped Calls,Low,Escalated,10.76,50.02,3.38
    TKT-3120,Jul,South Zone,Broadband,Slow Internet,Medium,SLA Breached,10.53,53.46,3.17
    TKT-3121,Jan,North Zone,Mobile,Billing Error,High,Escalated,12.03,67.83,3.68
    TKT-3122,Sep,South Zone,Landline,Service Outage,High,Resolved,13.8,46.8,3.41
    TKT-3123,Jan,West Zone,Broadband,Installation Delay,Medium,Escalated,11.85,57.96,3.37
    TKT-3124,Mar,North Zone,Landline,Service Outage,Medium,Escalated,19.1,65.07,3.16
    TKT-3125,Dec,East Zone,Broadband,Service Outage,Low,Escalated,14.32,72.14,3.1
    TKT-3126,Jan,West Zone,Broadband,Dropped Calls,Low,Resolved,11.7,67.23,3.39
    TKT-3127,Jan,Central Zone,Landline,Installation Delay,High,In Progress,9.04,62.14,3.04
    TKT-3128,Mar,Central Zone,Mobile,Billing Error,Medium,Resolved,10.78,43.77,3.23
    TKT-3129,Nov,North Zone,Mobile,No Signal,Low,SLA Breached,14.15,49.06,3.24
    TKT-3130,Aug,West Zone,Landline,Installation Delay,Low,SLA Breached,18.72,53.49,2.71
    TKT-3131,Jun,West Zone,Broadband,Service Outage,High,In Progress,16.6,49.73,3.7
    TKT-3132,Apr,West Zone,TV,Dropped Calls,Low,In Progress,6.31,37.16,4.0
    TKT-3133,Mar,East Zone,Mobile,No Signal,Medium,In Progress,7.59,49.61,3.79
    TKT-3134,Feb,East Zone,TV,No Signal,High,Escalated,15.56,29.47,3.48
    TKT-3135,May,South Zone,Landline,Billing Error,High,Escalated,18.66,49.18,3.76
    TKT-3136,Dec,Central Zone,TV,Dropped Calls,Low,In Progress,15.47,45.26,3.39
    TKT-3137,Jul,North Zone,Landline,Dropped Calls,Medium,Resolved,9.61,33.57,3.7
    TKT-3138,May,East Zone,Landline,Service Outage,High,Escalated,8.37,21.06,4.25
    TKT-3139,Nov,South Zone,Landline,Installation Delay,Medium,SLA Breached,5.71,58.99,4.36
    TKT-3140,Nov,South Zone,Broadband,Slow Internet,Low,SLA Breached,18.97,32.24,3.6
    TKT-3141,Feb,North Zone,Landline,Dropped Calls,High,Escalated,8.95,30.46,4.28
    TKT-3142,Dec,North Zone,Broadband,Service Outage,Low,Resolved,14.17,25.19,3.77
    TKT-3143,Aug,South Zone,Mobile,Slow Internet,Medium,Resolved,10.87,34.8,3.65
    TKT-3144,May,West Zone,Broadband,Dropped Calls,Low,Escalated,18.2,75.41,2.06
    TKT-3145,Jan,North Zone,Landline,Installation Delay,Low,In Progress,13.66,36.24,3.98
    TKT-3146,Sep,East Zone,Broadband,Service Outage,Medium,SLA Breached,12.88,28.75,4.3
    TKT-3147,Aug,East Zone,TV,Service Outage,Low,In Progress,16.41,34.72,3.74
    TKT-3148,Sep,West Zone,Broadband,Dropped Calls,Medium,In Progress,9.15,65.27,3.61
    TKT-3149,Sep,Central Zone,Mobile,Dropped Calls,Low,In Progress,17.92,29.35,3.15
    TKT-3150,Aug,Central Zone,Broadband,Billing Error,Medium,Resolved,9.33,41.63,3.57
    TKT-3151,May,West Zone,TV,Billing Error,Medium,Resolved,5.23,50.27,3.29
    TKT-3152,Jan,West Zone,TV,Installation Delay,High,Resolved,13.18,53.94,3.24
    TKT-3153,Dec,Central Zone,Broadband,Slow Internet,Medium,Resolved,19.96,64.0,2.53
    TKT-3154,Mar,East Zone,Broadband,Installation Delay,Medium,SLA Breached,13.52,64.18,3.87
    TKT-3155,Apr,South Zone,Landline,Installation Delay,Medium,Resolved,10.87,21.55,4.0
    TKT-3156,Nov,South Zone,Landline,No Signal,Low,SLA Breached,15.52,57.83,3.32
    TKT-3157,Jan,Central Zone,Landline,Service Outage,Low,In Progress,12.33,58.91,3.86
    TKT-3158,Jul,East Zone,Mobile,Slow Internet,High,Escalated,11.49,52.89,3.9
    TKT-3159,Aug,Central Zone,Broadband,Slow Internet,Low,Escalated,8.53,54.64,3.08
    TKT-3160,Nov,South Zone,TV,Service Outage,Low,Resolved,7.93,49.75,4.02
    TKT-3161,Jan,West Zone,Mobile,Dropped Calls,High,Escalated,12.53,23.38,4.08
    TKT-3162,Jan,Central Zone,Mobile,Dropped Calls,Medium,SLA Breached,18.49,36.41,3.83
    TKT-3163,Feb,South Zone,Landline,Dropped Calls,Medium,Resolved,11.9,54.71,3.55
    TKT-3164,Jun,South Zone,Landline,Dropped Calls,High,Resolved,6.39,61.83,3.98
    TKT-3165,May,North Zone,Mobile,Service Outage,Medium,In Progress,11.76,51.75,4.32
    TKT-3166,Nov,North Zone,Mobile,Slow Internet,Medium,SLA Breached,6.12,40.26,3.51
    TKT-3167,Sep,Central Zone,Mobile,Slow Internet,High,In Progress,18.8,53.27,3.02
    TKT-3168,May,East Zone,TV,Billing Error,Low,Resolved,19.41,70.85,2.95
    TKT-3169,May,South Zone,Mobile,Slow Internet,Low,SLA Breached,5.16,15.45,5.0
    TKT-3170,Dec,East Zone,Mobile,No Signal,Low,Resolved,18.35,28.81,3.17
    TKT-3171,Mar,Central Zone,Mobile,No Signal,Medium,Escalated,5.7,42.61,4.24
    TKT-3172,May,East Zone,Broadband,Dropped Calls,Medium,Resolved,5.22,52.76,4.17
    TKT-3173,Feb,South Zone,Mobile,Billing Error,Medium,Escalated,7.22,66.9,3.25
    TKT-3174,Nov,East Zone,Mobile,Billing Error,High,SLA Breached,6.37,17.42,3.81
    TKT-3175,Sep,Central Zone,Mobile,Service Outage,Low,In Progress,14.88,48.68,3.77
    TKT-3176,Dec,North Zone,Broadband,Installation Delay,High,SLA Breached,13.49,58.62,3.77
    TKT-3177,May,North Zone,Broadband,Slow Internet,Low,SLA Breached,13.53,37.2,4.09
    TKT-3178,Mar,West Zone,Mobile,Billing Error,Medium,In Progress,17.78,66.35,2.84
    TKT-3179,Apr,South Zone,TV,No Signal,Low,Escalated,7.04,45.16,4.03
    TKT-3180,Mar,West Zone,Landline,Service Outage,High,SLA Breached,18.95,62.13,3.24
    TKT-3181,Mar,South Zone,TV,Dropped Calls,High,SLA Breached,19.4,63.75,2.35
    TKT-3182,Mar,East Zone,TV,Slow Internet,High,Resolved,12.06,28.59,3.98
    TKT-3183,Aug,South Zone,TV,Slow Internet,Medium,SLA Breached,17.0,40.41,3.29
    TKT-3184,Jul,Central Zone,Mobile,Billing Error,Medium,SLA Breached,11.37,56.9,3.56
    TKT-3185,Dec,North Zone,Broadband,No Signal,Medium,In Progress,16.45,34.81,3.36
    TKT-3186,May,East Zone,Broadband,Slow Internet,Low,SLA Breached,19.9,66.79,3.1
    TKT-3187,Oct,South Zone,Mobile,Installation Delay,High,Resolved,17.52,51.5,3.37
    TKT-3188,Aug,East Zone,TV,Billing Error,Low,Escalated,11.85,27.22,3.7
    TKT-3189,Jul,North Zone,TV,Dropped Calls,Medium,SLA Breached,14.89,60.69,2.88
    TKT-3190,Nov,South Zone,Landline,Service Outage,Low,In Progress,19.87,56.46,2.85
    TKT-3191,Aug,West Zone,Broadband,No Signal,High,In Progress,5.16,58.67,3.83
    TKT-3192,Sep,North Zone,Broadband,Slow Internet,High,Resolved,9.2,59.06,4.0
    TKT-3193,Dec,Central Zone,TV,Installation Delay,High,In Progress,17.12,75.16,2.87
    TKT-3194,Apr,West Zone,Mobile,Dropped Calls,Medium,SLA Breached,18.28,63.92,2.7
    TKT-3195,May,Central Zone,Broadband,Billing Error,Medium,SLA Breached,14.25,38.73,3.5
    TKT-3196,Dec,East Zone,TV,Dropped Calls,High,SLA Breached,9.83,36.6,3.51
    TKT-3197,Mar,East Zone,Landline,No Signal,High,In Progress,6.36,55.2,3.19
    TKT-3198,Oct,East Zone,Mobile,No Signal,Medium,SLA Breached,19.69,54.54,2.89
    TKT-3199,Jun,South Zone,Broadband,No Signal,Low,SLA Breached,5.59,60.83,3.53
    TKT-3200,Aug,West Zone,Mobile,Dropped Calls,High,SLA Breached,19.76,33.58,3.21
    TKT-3201,Apr,Central Zone,Broadband,Dropped Calls,High,In Progress,13.82,34.05,3.18
    TKT-3202,Oct,Central Zone,TV,Slow Internet,Low,Resolved,18.12,35.77,3.49
    TKT-3203,Dec,West Zone,TV,Dropped Calls,High,SLA Breached,6.41,58.69,3.66
    TKT-3204,May,Central Zone,Landline,Slow Internet,High,Escalated,5.57,24.43,4.5
    TKT-3205,Aug,North Zone,Landline,Billing Error,Low,Escalated,18.33,78.15,2.55
    TKT-3206,Nov,Central Zone,Broadband,Slow Internet,Low,Escalated,10.42,56.3,3.86
    TKT-3207,Oct,Central Zone,Broadband,Service Outage,High,In Progress,18.22,40.98,3.77
    TKT-3208,Mar,South Zone,Broadband,Dropped Calls,Medium,Resolved,8.35,30.7,4.27
    TKT-3209,Mar,West Zone,TV,Installation Delay,High,SLA Breached,17.29,65.62,2.77
    TKT-3210,Jul,Central Zone,Mobile,No Signal,Low,SLA Breached,9.06,52.41,3.41
    TKT-3211,Jan,West Zone,Broadband,No Signal,High,Resolved,8.82,40.19,3.92
    TKT-3212,Nov,Central Zone,Mobile,Installation Delay,High,In Progress,16.44,76.3,2.63
    TKT-3213,Jul,South Zone,Mobile,Dropped Calls,Medium,Escalated,5.67,36.21,4.36
    TKT-3214,Jan,North Zone,TV,Dropped Calls,Medium,In Progress,16.53,45.66,3.54
    TKT-3215,Feb,West Zone,TV,Billing Error,High,SLA Breached,8.33,45.77,4.07
    TKT-3216,Jun,North Zone,Landline,Service Outage,Low,Resolved,13.67,50.84,3.72
    TKT-3217,Jul,South Zone,Landline,Service Outage,Medium,In Progress,9.67,49.11,3.17
    TKT-3218,Jun,West Zone,Broadband,Dropped Calls,Medium,Resolved,12.75,31.87,3.76
    TKT-3219,Jul,South Zone,Broadband,Dropped Calls,High,In Progress,14.96,55.54,4.08
    TKT-3220,May,North Zone,Broadband,Billing Error,Medium,Resolved,19.53,76.96,2.99
    TKT-3221,Apr,Central Zone,TV,Billing Error,Low,Escalated,14.65,47.77,3.51
    TKT-3222,Jul,East Zone,Landline,Dropped Calls,Medium,Resolved,17.63,74.92,2.76
    TKT-3223,Nov,South Zone,TV,Dropped Calls,Medium,Resolved,5.35,40.3,4.27
    TKT-3224,Apr,South Zone,Landline,No Signal,Low,Resolved,9.93,25.06,3.77
    TKT-3225,Jun,West Zone,TV,Service Outage,Medium,SLA Breached,15.1,46.79,3.12
    TKT-3226,Mar,South Zone,Broadband,Slow Internet,Medium,Escalated,7.87,51.39,4.0
    TKT-3227,May,West Zone,TV,Service Outage,Low,SLA Breached,17.07,52.94,3.09
    TKT-3228,Jan,Central Zone,TV,Billing Error,Low,Resolved,7.22,26.61,4.12
    TKT-3229,Nov,Central Zone,Broadband,No Signal,High,SLA Breached,12.07,29.24,3.64
    TKT-3230,Dec,South Zone,Broadband,Dropped Calls,Low,Resolved,7.26,64.34,3.56
    TKT-3231,Jan,North Zone,Broadband,Service Outage,High,Escalated,6.03,47.73,4.07
    TKT-3232,Jun,Central Zone,Broadband,Slow Internet,High,SLA Breached,14.96,29.88,3.85
    TKT-3233,Mar,North Zone,Mobile,Installation Delay,High,Escalated,18.31,41.28,3.5
    TKT-3234,Sep,Central Zone,Landline,Installation Delay,Medium,SLA Breached,10.19,60.51,3.36
    TKT-3235,Jan,East Zone,Mobile,Dropped Calls,High,Resolved,13.38,27.89,4.16
    TKT-3236,May,East Zone,TV,Slow Internet,Medium,Escalated,13.2,61.38,3.59
    TKT-3237,Aug,East Zone,TV,Dropped Calls,High,In Progress,14.14,57.94,3.0
    TKT-3238,Oct,North Zone,Broadband,Dropped Calls,Low,In Progress,14.0,70.73,2.84
    TKT-3239,Jun,East Zone,Landline,No Signal,High,Resolved,19.13,53.53,3.16
    TKT-3240,Feb,Central Zone,Landline,Service Outage,Medium,Resolved,14.81,39.6,3.91
    TKT-3241,Oct,East Zone,Landline,No Signal,Low,In Progress,13.2,70.99,3.15
    TKT-3242,Jan,West Zone,Broadband,Slow Internet,Medium,SLA Breached,13.23,46.52,3.53
    TKT-3243,Dec,Central Zone,Mobile,Dropped Calls,Medium,SLA Breached,16.78,47.29,3.1
    TKT-3244,Apr,Central Zone,Mobile,Dropped Calls,Medium,SLA Breached,15.85,67.32,2.6
    TKT-3245,Jul,East Zone,Mobile,Installation Delay,High,Escalated,13.04,48.62,3.3
    TKT-3246,Oct,South Zone,Landline,Installation Delay,Medium,SLA Breached,18.14,75.09,3.0
    TKT-3247,Feb,East Zone,Landline,No Signal,Low,In Progress,16.96,32.92,4.11
    TKT-3248,Aug,West Zone,Broadband,Installation Delay,High,SLA Breached,14.51,35.27,3.95
    TKT-3249,May,East Zone,Mobile,Installation Delay,High,Resolved,13.04,55.49,3.82
    TKT-3250,Nov,South Zone,TV,Dropped Calls,Medium,Escalated,9.56,35.6,4.22
    TKT-3251,Feb,North Zone,TV,No Signal,High,SLA Breached,5.68,21.01,4.23
    TKT-3252,Dec,South Zone,Broadband,Billing Error,High,SLA Breached,13.78,37.24,3.34
    TKT-3253,Dec,Central Zone,Landline,Billing Error,High,Resolved,9.14,54.62,3.4
    TKT-3254,May,Central Zone,TV,Installation Delay,Low,Escalated,16.95,39.57,3.22
    TKT-3255,Nov,South Zone,Broadband,Slow Internet,High,Resolved,6.9,50.49,4.01
    TKT-3256,Jun,Central Zone,Mobile,Slow Internet,Medium,Resolved,8.18,49.25,3.84
    TKT-3257,Jun,West Zone,Mobile,No Signal,Medium,SLA Breached,18.23,61.27,2.96
    TKT-3258,Mar,Central Zone,Broadband,Installation Delay,Low,Resolved,13.36,53.45,3.6
    TKT-3259,Feb,East Zone,Broadband,Slow Internet,Low,Escalated,6.95,26.94,4.58
    TKT-3260,Apr,South Zone,Mobile,Billing Error,High,Resolved,19.14,79.01,2.6
    TKT-3261,May,West Zone,Mobile,Billing Error,Medium,Resolved,16.57,63.52,3.19
    TKT-3262,May,West Zone,Broadband,Dropped Calls,Low,SLA Breached,19.48,39.6,3.53
    TKT-3263,Nov,North Zone,Broadband,Billing Error,Medium,Resolved,12.18,47.79,3.39
    TKT-3264,Aug,South Zone,Landline,Installation Delay,Medium,Escalated,12.28,62.23,3.4
    TKT-3265,Nov,West Zone,Landline,Billing Error,Medium,SLA Breached,8.46,38.61,3.61
    TKT-3266,Aug,East Zone,TV,No Signal,Medium,SLA Breached,10.87,40.86,3.75
    TKT-3267,Sep,East Zone,TV,Service Outage,Medium,Resolved,12.58,52.23,3.33
    TKT-3268,May,Central Zone,TV,Billing Error,High,SLA Breached,10.65,49.51,3.22
    TKT-3269,Sep,South Zone,Mobile,Installation Delay,Medium,SLA Breached,12.7,59.25,3.39
    TKT-3270,Apr,West Zone,Landline,No Signal,High,SLA Breached,15.57,48.29,3.53
    TKT-3271,Feb,East Zone,TV,Slow Internet,Low,Escalated,8.66,23.47,4.18
    TKT-3272,Jan,North Zone,Broadband,Service Outage,Low,SLA Breached,17.86,75.44,2.94
    TKT-3273,Aug,West Zone,Broadband,Service Outage,High,In Progress,14.66,63.16,3.54
    TKT-3274,Sep,South Zone,TV,No Signal,Low,Resolved,18.42,70.4,3.05
    TKT-3275,Sep,Central Zone,Broadband,Billing Error,Low,In Progress,13.24,32.37,3.9
    TKT-3276,Nov,South Zone,Mobile,Installation Delay,Low,SLA Breached,12.21,28.18,3.59
    TKT-3277,Feb,Central Zone,Broadband,Slow Internet,High,Escalated,9.79,39.54,3.54
    TKT-3278,Sep,South Zone,Broadband,Billing Error,Low,SLA Breached,16.51,50.66,3.52
    TKT-3279,Oct,Central Zone,Landline,Service Outage,High,Escalated,18.93,46.16,3.62
    TKT-3280,Mar,West Zone,Broadband,Installation Delay,Low,Resolved,16.68,68.24,3.01
    TKT-3281,Nov,South Zone,TV,Dropped Calls,Medium,SLA Breached,11.9,38.31,4.57
    TKT-3282,May,South Zone,TV,Slow Internet,High,Escalated,12.19,45.9,3.41
    TKT-3283,Oct,Central Zone,Broadband,No Signal,Medium,Resolved,8.27,64.55,3.46
    TKT-3284,Oct,North Zone,Landline,Installation Delay,Low,In Progress,10.48,22.85,4.56
    TKT-3285,Mar,South Zone,Mobile,No Signal,Low,Escalated,7.3,46.16,4.01
    TKT-3286,Jul,South Zone,TV,No Signal,High,SLA Breached,12.5,41.2,3.54
    TKT-3287,Feb,Central Zone,Mobile,Billing Error,High,Resolved,19.91,46.26,3.15
    TKT-3288,May,South Zone,Landline,Slow Internet,High,In Progress,14.64,54.34,3.76
    TKT-3289,Nov,North Zone,Mobile,Billing Error,High,SLA Breached,11.87,57.93,3.02
    TKT-3290,Dec,South Zone,Broadband,Slow Internet,High,SLA Breached,10.35,64.35,3.5
    TKT-3291,Sep,East Zone,Broadband,Installation Delay,Low,Resolved,18.68,35.79,3.33
    TKT-3292,Jul,Central Zone,Mobile,Installation Delay,High,Escalated,18.52,43.1,3.75
    TKT-3293,Nov,West Zone,Mobile,Service Outage,High,In Progress,6.99,40.66,3.67
    TKT-3294,Mar,North Zone,Landline,Dropped Calls,Low,In Progress,19.31,59.42,3.07
    TKT-3295,Jun,South Zone,Landline,Slow Internet,High,SLA Breached,19.84,40.07,3.25
    TKT-3296,Jan,North Zone,Landline,Slow Internet,Low,SLA Breached,19.2,40.76,3.67
    TKT-3297,Mar,West Zone,TV,Installation Delay,Medium,In Progress,14.93,62.0,3.49
    TKT-3298,Apr,North Zone,Broadband,No Signal,Medium,SLA Breached,12.29,54.27,3.41
    TKT-3299,Aug,South Zone,Landline,Service Outage,Low,In Progress,9.82,68.26,3.61
    TKT-3300,Mar,West Zone,Broadband,Service Outage,Low,Resolved,9.57,43.63,3.25
    TKT-3301,Jun,North Zone,Landline,Dropped Calls,Medium,Escalated,13.36,26.7,2.98
    TKT-3302,Oct,East Zone,Landline,Dropped Calls,Medium,Resolved,17.27,60.28,3.34
    TKT-3303,Nov,West Zone,Broadband,Slow Internet,Medium,In Progress,16.1,51.61,2.96
    TKT-3304,Jun,South Zone,Broadband,Installation Delay,Low,Resolved,13.61,68.64,3.28
    TKT-3305,Dec,North Zone,TV,No Signal,Low,Resolved,10.38,32.04,3.72
    TKT-3306,Jun,South Zone,TV,Dropped Calls,Medium,Resolved,9.3,24.07,4.66
    TKT-3307,Jun,Central Zone,Landline,Service Outage,High,Resolved,14.84,52.75,3.49
    TKT-3308,May,West Zone,Broadband,Slow Internet,High,Resolved,5.22,16.26,4.35
    TKT-3309,Jun,East Zone,Broadband,Installation Delay,Low,Resolved,12.68,67.05,2.89
    TKT-3310,Aug,Central Zone,Landline,Service Outage,Medium,SLA Breached,18.81,32.7,3.64
    TKT-3311,Jan,Central Zone,Landline,Slow Internet,Medium,SLA Breached,16.54,39.75,3.28
    TKT-3312,Oct,West Zone,Broadband,No Signal,Low,Resolved,12.37,30.74,3.72
    TKT-3313,Feb,North Zone,Mobile,Dropped Calls,High,Resolved,12.76,34.3,3.46
    TKT-3314,Nov,Central Zone,TV,Installation Delay,Medium,Resolved,10.13,65.59,3.22
    TKT-3315,Oct,South Zone,TV,No Signal,Low,SLA Breached,15.59,60.58,3.21
    TKT-3316,Jan,West Zone,TV,Service Outage,High,In Progress,17.07,71.69,2.89
    TKT-3317,Sep,East Zone,Mobile,Dropped Calls,High,Resolved,16.07,58.95,3.74
    TKT-3318,Aug,North Zone,Landline,Service Outage,High,Escalated,5.29,61.58,3.96
    TKT-3319,Sep,North Zone,Landline,No Signal,Low,Escalated,13.66,49.57,3.12
    TKT-3320,May,South Zone,Broadband,No Signal,Low,Escalated,19.65,66.09,3.02
    TKT-3321,Feb,East Zone,Mobile,Service Outage,Medium,SLA Breached,15.38,32.12,3.45
    TKT-3322,Aug,North Zone,TV,Dropped Calls,Low,SLA Breached,15.19,28.08,3.75
    TKT-3323,Jul,East Zone,Mobile,Billing Error,Low,In Progress,19.17,45.18,3.26
    TKT-3324,Mar,South Zone,Landline,Service Outage,Medium,Escalated,18.93,43.25,3.82
    TKT-3325,Dec,East Zone,TV,Dropped Calls,Low,Resolved,14.63,62.58,3.14
    TKT-3326,Apr,South Zone,Landline,Slow Internet,Low,In Progress,17.31,29.97,3.65
    TKT-3327,Jul,West Zone,Landline,Billing Error,Medium,SLA Breached,16.43,64.48,2.61
    TKT-3328,Jan,Central Zone,Mobile,No Signal,Medium,Resolved,18.35,44.49,3.49
    TKT-3329,Aug,West Zone,TV,Dropped Calls,High,SLA Breached,9.97,68.73,3.61
    TKT-3330,Feb,West Zone,TV,Slow Internet,Low,Resolved,13.06,55.8,2.98
    TKT-3331,Apr,South Zone,Broadband,Dropped Calls,Medium,Escalated,9.43,66.08,3.49
    TKT-3332,Mar,West Zone,TV,Slow Internet,Low,In Progress,7.92,67.02,3.64
    TKT-3333,Jun,North Zone,TV,Billing Error,Low,Escalated,11.51,50.18,3.23
    TKT-3334,Oct,West Zone,Landline,Slow Internet,Low,SLA Breached,14.85,50.39,3.47
    TKT-3335,Jan,South Zone,Broadband,Service Outage,Low,In Progress,19.81,72.49,2.57
    TKT-3336,Nov,South Zone,Broadband,Service Outage,Low,Escalated,9.44,32.76,4.04
    TKT-3337,Aug,East Zone,Broadband,Billing Error,Medium,Escalated,19.06,74.78,2.98
    TKT-3338,Aug,North Zone,Broadband,Service Outage,Low,In Progress,18.83,29.46,4.01
    TKT-3339,Apr,South Zone,Broadband,Service Outage,Low,In Progress,18.96,73.79,2.7
    TKT-3340,Oct,East Zone,Mobile,Billing Error,Medium,SLA Breached,14.02,24.31,4.51
    TKT-3341,May,South Zone,Broadband,Billing Error,Medium,Resolved,9.41,33.22,3.79
    TKT-3342,Mar,West Zone,Broadband,Slow Internet,Low,SLA Breached,5.3,47.61,3.94
    TKT-3343,Mar,Central Zone,Broadband,No Signal,High,Escalated,11.92,62.46,3.2
    TKT-3344,Jun,West Zone,TV,Slow Internet,Low,Escalated,15.54,73.79,2.79
    TKT-3345,May,East Zone,Landline,Billing Error,High,Resolved,7.26,40.32,3.78
    TKT-3346,Jul,South Zone,TV,Billing Error,Medium,Resolved,8.64,28.22,4.08
    TKT-3347,Jan,Central Zone,Broadband,No Signal,High,SLA Breached,16.75,33.04,3.48
    TKT-3348,Mar,South Zone,TV,Dropped Calls,Medium,Resolved,17.26,62.12,3.06
    TKT-3349,Mar,East Zone,TV,Slow Internet,High,Resolved,16.89,47.31,3.58
    TKT-3350,Jul,East Zone,TV,Billing Error,High,Resolved,15.61,31.68,3.6
    TKT-3351,Nov,Central Zone,Landline,Service Outage,Low,In Progress,14.8,49.46,3.23
    TKT-3352,Feb,West Zone,Broadband,Billing Error,Medium,SLA Breached,9.3,43.14,3.51
    TKT-3353,Aug,West Zone,TV,Service Outage,Medium,SLA Breached,17.39,36.58,3.28
    TKT-3354,Sep,East Zone,Broadband,Billing Error,High,In Progress,15.78,44.38,3.24
    TKT-3355,Dec,West Zone,Broadband,Dropped Calls,High,In Progress,5.92,64.53,3.62
    TKT-3356,Jan,North Zone,Landline,Installation Delay,Low,Resolved,19.11,43.16,3.6
    TKT-3357,May,North Zone,Broadband,Slow Internet,High,Escalated,9.02,22.02,3.96
    TKT-3358,May,East Zone,Landline,Billing Error,Medium,Escalated,11.43,28.94,3.51
    TKT-3359,Nov,Central Zone,Landline,Service Outage,High,SLA Breached,9.53,34.92,4.0
    TKT-3360,Apr,Central Zone,TV,No Signal,Low,Escalated,9.87,38.83,4.15
    TKT-3361,Sep,South Zone,TV,No Signal,Low,Resolved,16.49,72.89,2.92
    TKT-3362,Nov,South Zone,Broadband,No Signal,Low,In Progress,7.17,26.39,4.09
    TKT-3363,Dec,West Zone,Broadband,Service Outage,Medium,Resolved,13.8,65.82,3.44
    TKT-3364,May,Central Zone,TV,Service Outage,Medium,SLA Breached,12.24,50.8,3.54
    TKT-3365,Oct,South Zone,Mobile,Dropped Calls,Medium,In Progress,15.3,68.27,2.81
    TKT-3366,Mar,East Zone,Mobile,Service Outage,Medium,Resolved,5.76,50.44,3.96
    TKT-3367,Jun,East Zone,Landline,Installation Delay,Low,Resolved,6.55,44.21,4.07
    TKT-3368,Oct,East Zone,Landline,Dropped Calls,High,Resolved,14.97,47.59,3.13
    TKT-3369,Jun,Central Zone,TV,Billing Error,Low,Escalated,11.13,57.13,3.34
    TKT-3370,Dec,Central Zone,Broadband,No Signal,Medium,Escalated,14.38,39.78,3.76
    TKT-3371,Sep,West Zone,Landline,Installation Delay,Medium,SLA Breached,15.89,54.88,3.42
    TKT-3372,Jun,West Zone,TV,Installation Delay,Medium,Escalated,13.86,60.57,3.54
    TKT-3373,Dec,Central Zone,TV,Dropped Calls,High,In Progress,5.56,53.96,4.12
    TKT-3374,Jul,Central Zone,Broadband,No Signal,Low,Resolved,12.52,53.67,3.57
    TKT-3375,Mar,West Zone,TV,Dropped Calls,Low,SLA Breached,9.72,62.94,2.99
    TKT-3376,Jun,Central Zone,TV,Billing Error,Low,Escalated,15.32,42.77,3.35
    TKT-3377,Nov,East Zone,Mobile,Service Outage,Low,Escalated,17.43,43.53,3.72
    TKT-3378,Jan,West Zone,Broadband,Service Outage,Low,In Progress,13.89,30.84,4.12
    TKT-3379,Oct,North Zone,Mobile,Installation Delay,Low,SLA Breached,17.36,75.97,3.02
    TKT-3380,Jul,East Zone,TV,Slow Internet,High,Escalated,13.51,63.19,3.45
    TKT-3381,Jul,North Zone,Landline,Billing Error,High,SLA Breached,10.59,43.36,3.87
    TKT-3382,May,West Zone,TV,Billing Error,Low,SLA Breached,10.94,30.81,3.88
    TKT-3383,Oct,North Zone,Broadband,Billing Error,Low,Resolved,10.37,33.33,4.26
    TKT-3384,Dec,North Zone,Broadband,No Signal,Medium,Escalated,11.46,54.89,3.18
    TKT-3385,Feb,East Zone,Mobile,Slow Internet,Low,Resolved,14.1,56.95,3.28
    TKT-3386,Jul,East Zone,Broadband,Billing Error,High,SLA Breached,9.66,26.49,4.07
    TKT-3387,Mar,East Zone,Broadband,Service Outage,High,Escalated,18.17,34.09,3.89
    TKT-3388,Sep,North Zone,Landline,Service Outage,High,In Progress,15.68,62.33,3.42
    TKT-3389,Jan,Central Zone,Broadband,Installation Delay,Medium,Resolved,15.48,61.22,3.01
    TKT-3390,Oct,Central Zone,Broadband,Service Outage,Low,In Progress,9.62,48.28,3.56
    TKT-3391,Dec,Central Zone,Mobile,Billing Error,High,SLA Breached,19.61,47.01,3.14
    TKT-3392,Jul,North Zone,Broadband,Billing Error,Low,Resolved,16.27,74.29,2.48
    TKT-3393,Aug,South Zone,Mobile,Slow Internet,Medium,SLA Breached,11.42,52.71,3.29
    TKT-3394,Jun,North Zone,Landline,Installation Delay,High,Escalated,8.15,61.92,3.35
    TKT-3395,Sep,Central Zone,Broadband,Billing Error,Medium,SLA Breached,15.14,35.87,3.64
    TKT-3396,Jan,South Zone,Broadband,Slow Internet,Low,SLA Breached,9.62,69.03,3.29
    TKT-3397,Mar,South Zone,Landline,Dropped Calls,High,SLA Breached,10.22,57.09,3.87
    TKT-3398,Feb,West Zone,Landline,Slow Internet,Low,In Progress,18.48,37.98,3.28
    TKT-3399,May,Central Zone,TV,Billing Error,Medium,In Progress,5.9,21.44,4.17
    TKT-3400,Oct,Central Zone,Mobile,Installation Delay,Medium,SLA Breached,5.84,61.77,3.45
    TKT-3401,Aug,South Zone,TV,No Signal,Low,SLA Breached,13.04,44.61,3.4
    TKT-3402,Apr,South Zone,TV,Dropped Calls,Low,SLA Breached,8.36,58.42,3.12
    TKT-3403,Aug,North Zone,TV,Billing Error,Medium,In Progress,11.3,37.42,3.52
    TKT-3404,Mar,West Zone,Landline,Slow Internet,High,SLA Breached,8.12,66.25,3.17
    TKT-3405,May,East Zone,Broadband,Dropped Calls,High,SLA Breached,5.38,28.27,4.56
    TKT-3406,Oct,South Zone,Mobile,Installation Delay,High,In Progress,19.96,44.08,3.04
    TKT-3407,Jun,North Zone,Broadband,No Signal,Medium,SLA Breached,11.58,35.12,3.98
    TKT-3408,Mar,Central Zone,Landline,Dropped Calls,Medium,Escalated,9.43,61.83,3.76
    TKT-3409,Mar,East Zone,Landline,Slow Internet,High,SLA Breached,13.91,67.59,3.65
    TKT-3410,Aug,South Zone,Mobile,No Signal,High,Escalated,12.54,70.91,3.37
    TKT-3411,Oct,South Zone,Landline,Dropped Calls,High,Escalated,13.72,68.79,3.35
    TKT-3412,Sep,East Zone,TV,Billing Error,Low,Resolved,13.86,68.56,3.11
    TKT-3413,Aug,Central Zone,Mobile,No Signal,Medium,Escalated,15.76,35.76,4.13
    TKT-3414,Nov,East Zone,Broadband,Slow Internet,High,In Progress,14.05,69.71,3.22
    TKT-3415,Jul,Central Zone,TV,Service Outage,Low,Escalated,9.81,47.77,3.95
    TKT-3416,Mar,East Zone,Mobile,Slow Internet,Low,In Progress,13.96,37.13,3.84
    TKT-3417,Sep,East Zone,Landline,Service Outage,High,Escalated,17.32,37.18,3.43
    TKT-3418,Aug,East Zone,Broadband,No Signal,Medium,Resolved,18.01,34.01,2.59
    TKT-3419,Oct,South Zone,Landline,Service Outage,Medium,Escalated,6.0,37.25,4.22
    TKT-3420,Sep,South Zone,TV,Dropped Calls,Low,Escalated,11.0,56.64,3.43
    TKT-3421,Oct,East Zone,Landline,Installation Delay,Medium,SLA Breached,13.78,35.92,3.61
    TKT-3422,Aug,North Zone,Broadband,No Signal,Low,In Progress,6.47,63.23,3.97
    TKT-3423,Oct,North Zone,Mobile,Dropped Calls,High,Resolved,18.24,75.89,2.79
    TKT-3424,Mar,North Zone,Landline,No Signal,High,Resolved,10.8,44.23,3.78
    TKT-3425,Nov,East Zone,Landline,No Signal,Low,In Progress,11.89,70.12,3.34
    TKT-3426,Aug,North Zone,Landline,Slow Internet,Low,Resolved,19.64,34.05,3.34
    TKT-3427,May,South Zone,Broadband,Service Outage,High,In Progress,11.44,26.01,4.02
    TKT-3428,Jan,South Zone,TV,Installation Delay,Medium,Escalated,19.29,68.92,2.73
    TKT-3429,Nov,South Zone,Landline,Billing Error,Low,In Progress,19.38,77.09,2.31
    TKT-3430,Aug,East Zone,Landline,Slow Internet,Medium,Resolved,10.34,25.34,3.83
    TKT-3431,Jul,South Zone,TV,Service Outage,Medium,In Progress,18.96,67.71,2.97
    TKT-3432,Jul,East Zone,Landline,No Signal,Medium,In Progress,18.31,48.95,3.17
    TKT-3433,Apr,South Zone,TV,Installation Delay,High,Escalated,7.51,27.21,4.04
    TKT-3434,Jun,South Zone,Mobile,No Signal,Low,Escalated,13.21,49.31,3.55
    TKT-3435,Mar,West Zone,Landline,No Signal,Medium,SLA Breached,10.05,37.49,4.34
    TKT-3436,Nov,South Zone,Broadband,Dropped Calls,Low,SLA Breached,14.79,48.97,3.63
    TKT-3437,Nov,West Zone,TV,Slow Internet,Low,SLA Breached,5.44,52.11,3.8
    TKT-3438,Aug,East Zone,Broadband,Service Outage,Medium,SLA Breached,12.21,29.62,3.46
    TKT-3439,Nov,East Zone,TV,Slow Internet,Low,Escalated,10.51,23.99,3.54
    TKT-3440,Nov,South Zone,Broadband,Installation Delay,High,Resolved,16.44,41.46,3.07
    TKT-3441,Oct,South Zone,Landline,Service Outage,Low,In Progress,9.58,55.96,3.95
    TKT-3442,May,Central Zone,TV,Service Outage,Low,In Progress,18.12,28.17,2.81
    TKT-3443,Oct,East Zone,Mobile,Dropped Calls,High,Resolved,9.08,62.36,3.76
    TKT-3444,Nov,South Zone,Landline,Billing Error,High,SLA Breached,17.44,62.5,3.51
    TKT-3445,Mar,Central Zone,Broadband,Billing Error,Medium,In Progress,13.55,53.3,3.2
    TKT-3446,Apr,East Zone,Mobile,Slow Internet,High,SLA Breached,11.67,53.33,4.04
    TKT-3447,May,East Zone,Mobile,Dropped Calls,High,Resolved,16.56,48.57,3.52
    TKT-3448,Jun,East Zone,Broadband,Service Outage,Medium,SLA Breached,18.73,72.28,2.27
    TKT-3449,Nov,East Zone,Broadband,No Signal,Low,SLA Breached,8.3,45.36,3.72
    TKT-3450,Aug,Central Zone,Broadband,Billing Error,Low,In Progress,16.9,61.67,2.99
    TKT-3451,Aug,East Zone,Mobile,Dropped Calls,Medium,Escalated,7.94,52.66,3.6
    TKT-3452,Jan,South Zone,Broadband,Slow Internet,High,SLA Breached,11.03,62.46,3.48
    TKT-3453,Jan,Central Zone,Broadband,Billing Error,Low,Escalated,6.58,38.1,4.11
    TKT-3454,Sep,East Zone,Broadband,Slow Internet,Low,SLA Breached,19.08,78.19,2.31
    TKT-3455,May,North Zone,Mobile,Installation Delay,Low,In Progress,6.56,30.13,4.51
    TKT-3456,Aug,West Zone,Mobile,No Signal,Low,SLA Breached,17.05,74.32,2.97
    TKT-3457,Mar,North Zone,Broadband,Service Outage,Medium,Escalated,17.1,53.8,3.45
    TKT-3458,Jan,North Zone,TV,No Signal,Low,SLA Breached,9.0,65.83,3.19
    TKT-3459,Aug,North Zone,Landline,Installation Delay,Medium,Escalated,6.98,39.7,4.14
    TKT-3460,Jan,North Zone,TV,Billing Error,High,Escalated,11.72,63.65,3.51
    TKT-3461,Mar,South Zone,Mobile,No Signal,Low,Resolved,7.03,58.53,3.74
    TKT-3462,Aug,West Zone,Broadband,Service Outage,Medium,Resolved,6.38,34.61,4.63
    TKT-3463,Oct,North Zone,Mobile,Service Outage,Medium,Escalated,16.97,45.19,3.49
    TKT-3464,Jan,North Zone,Landline,Billing Error,Low,SLA Breached,11.01,64.16,3.72
    TKT-3465,Jun,Central Zone,Mobile,Installation Delay,Low,Escalated,19.11,41.64,3.07
    TKT-3466,Aug,North Zone,Landline,Dropped Calls,High,In Progress,10.56,64.35,3.22
    TKT-3467,Mar,Central Zone,Broadband,Installation Delay,Medium,In Progress,5.26,47.6,3.31
    TKT-3468,Oct,East Zone,TV,No Signal,High,SLA Breached,19.18,29.83,2.94
    TKT-3469,Jan,South Zone,Mobile,Slow Internet,Medium,In Progress,19.27,57.29,2.94
    TKT-3470,Dec,North Zone,Broadband,No Signal,High,Escalated,6.07,50.68,4.18
    TKT-3471,Sep,South Zone,TV,Billing Error,Medium,SLA Breached,12.37,52.4,3.42
    TKT-3472,Dec,East Zone,Landline,Service Outage,Medium,SLA Breached,19.83,77.67,2.82
    TKT-3473,Mar,South Zone,TV,Billing Error,Low,In Progress,17.18,73.33,2.88
    TKT-3474,Jan,East Zone,Landline,Service Outage,High,In Progress,13.96,66.92,3.08
    TKT-3475,Jun,South Zone,Mobile,Installation Delay,Low,SLA Breached,11.54,53.07,3.38
    TKT-3476,Sep,Central Zone,Broadband,Billing Error,High,SLA Breached,16.88,48.93,3.53
    TKT-3477,Jun,Central Zone,TV,No Signal,Low,Resolved,11.22,55.48,3.73
    TKT-3478,Nov,East Zone,Landline,No Signal,High,Resolved,18.73,75.39,2.95
    TKT-3479,Jun,West Zone,Landline,Installation Delay,Medium,SLA Breached,16.89,74.16,2.83
    TKT-3480,Aug,Central Zone,Mobile,Dropped Calls,Low,In Progress,8.35,21.67,4.08
    TKT-3481,Mar,South Zone,Landline,No Signal,Medium,In Progress,14.63,64.36,3.56
    TKT-3482,May,Central Zone,Broadband,Installation Delay,Low,Resolved,5.94,35.18,3.99
    TKT-3483,Sep,East Zone,Landline,Dropped Calls,Medium,In Progress,5.67,43.5,4.09
    TKT-3484,Dec,Central Zone,Landline,Billing Error,Medium,Escalated,13.04,28.93,3.52
    TKT-3485,May,East Zone,Broadband,Slow Internet,High,Resolved,12.77,66.72,3.28
    TKT-3486,Nov,South Zone,Mobile,Service Outage,Medium,Resolved,14.74,38.61,3.33
    TKT-3487,Feb,West Zone,Broadband,No Signal,Medium,Escalated,13.78,32.67,3.79
    TKT-3488,Mar,Central Zone,TV,Installation Delay,High,Resolved,18.78,49.7,3.3
    TKT-3489,Mar,East Zone,Mobile,Billing Error,Low,In Progress,19.06,29.58,3.34
    TKT-3490,Oct,East Zone,TV,Slow Internet,Medium,Escalated,12.47,31.73,3.89
    TKT-3491,Oct,North Zone,TV,Slow Internet,High,Resolved,9.13,48.87,3.43
    TKT-3492,Jun,East Zone,TV,Slow Internet,Medium,Escalated,7.67,26.32,4.3
    TKT-3493,Oct,South Zone,Mobile,Slow Internet,High,SLA Breached,11.33,26.18,3.93
    TKT-3494,Apr,South Zone,TV,Service Outage,High,In Progress,11.66,43.45,3.99
    TKT-3495,Dec,West Zone,Mobile,Installation Delay,Medium,In Progress,13.36,70.17,3.09
    TKT-3496,Oct,Central Zone,Mobile,Service Outage,High,Escalated,19.74,56.36,3.0
    TKT-3497,Aug,East Zone,TV,Slow Internet,Low,In Progress,19.36,69.21,2.39
    TKT-3498,May,East Zone,Broadband,Dropped Calls,Medium,SLA Breached,13.95,70.51,3.81
    TKT-3499,Sep,South Zone,Broadband,No Signal,High,Resolved,17.15,34.13,3.44
    TKT-3500,Jan,West Zone,Landline,Slow Internet,Medium,SLA Breached,14.47,64.28,3.02
    TKT-3501,Jul,Central Zone,TV,Service Outage,Low,Resolved,8.98,38.2,3.93
    TKT-3502,Jan,South Zone,TV,Dropped Calls,Low,SLA Breached,6.01,64.45,3.67
    TKT-3503,May,East Zone,Mobile,Dropped Calls,Low,In Progress,12.68,60.79,3.45
    TKT-3504,Jul,North Zone,TV,Installation Delay,Medium,In Progress,6.88,58.77,4.12
    TKT-3505,Jun,West Zone,TV,No Signal,High,SLA Breached,14.82,39.21,3.76
    TKT-3506,Dec,South Zone,Mobile,Billing Error,High,Resolved,16.44,58.53,3.31
    TKT-3507,Dec,West Zone,TV,Service Outage,High,In Progress,10.72,29.51,3.68
    TKT-3508,Jan,East Zone,TV,Slow Internet,Low,Escalated,9.62,46.81,3.43
    TKT-3509,Jul,Central Zone,Broadband,No Signal,Medium,In Progress,18.06,37.19,3.8
    TKT-3510,Mar,Central Zone,Landline,Service Outage,Medium,Escalated,16.68,60.2,2.76
    TKT-3511,Mar,West Zone,Mobile,Installation Delay,Medium,In Progress,7.63,60.82,3.49
    TKT-3512,Jan,North Zone,Broadband,Service Outage,Medium,Resolved,11.99,33.16,3.4
    TKT-3513,Nov,East Zone,Broadband,Service Outage,Medium,SLA Breached,12.06,57.49,3.16
    TKT-3514,Jun,South Zone,TV,Installation Delay,Medium,Escalated,16.01,63.14,3.21
    TKT-3515,Jul,Central Zone,TV,No Signal,Medium,Resolved,15.12,28.38,4.25
    TKT-3516,Mar,East Zone,TV,Slow Internet,High,SLA Breached,13.98,37.63,3.49
    TKT-3517,Jun,West Zone,Landline,Slow Internet,Low,Escalated,18.8,30.8,4.03
    TKT-3518,May,East Zone,Broadband,No Signal,Medium,In Progress,18.06,66.69,3.68
    TKT-3519,Jun,South Zone,Mobile,Service Outage,High,SLA Breached,13.59,68.23,3.46
    TKT-3520,Jan,West Zone,Broadband,Slow Internet,High,In Progress,10.3,63.19,3.67
    TKT-3521,May,West Zone,Landline,Installation Delay,Low,Escalated,18.52,54.46,3.75
    TKT-3522,Aug,North Zone,TV,Installation Delay,Low,SLA Breached,12.31,54.03,3.3
    TKT-3523,Sep,West Zone,Broadband,Installation Delay,High,Escalated,16.14,37.88,3.39
    TKT-3524,Nov,South Zone,Mobile,Dropped Calls,Low,SLA Breached,15.72,67.02,3.62
    TKT-3525,Apr,East Zone,Broadband,Slow Internet,Medium,In Progress,12.72,55.94,3.58
    TKT-3526,Aug,East Zone,Broadband,Slow Internet,Low,In Progress,10.06,58.61,3.64
    TKT-3527,Dec,North Zone,Broadband,Billing Error,Medium,Resolved,13.88,59.87,3.59
    TKT-3528,Aug,East Zone,Broadband,No Signal,Low,In Progress,13.38,29.33,3.72
    TKT-3529,Jun,South Zone,Landline,Slow Internet,Medium,In Progress,12.17,44.44,3.1
    TKT-3530,Sep,North Zone,Landline,Service Outage,Medium,Escalated,5.94,45.17,3.91
    TKT-3531,Nov,North Zone,Broadband,Dropped Calls,Low,Escalated,12.41,53.3,3.39
    TKT-3532,Jul,West Zone,Landline,Installation Delay,Medium,In Progress,17.97,54.66,3.02
    TKT-3533,Nov,Central Zone,Landline,Slow Internet,Low,SLA Breached,15.51,26.11,3.52
    TKT-3534,Jul,North Zone,Mobile,Service Outage,Medium,SLA Breached,15.07,47.33,3.32
    TKT-3535,Jul,South Zone,Broadband,Billing Error,High,Resolved,13.0,71.55,3.04
    TKT-3536,Mar,Central Zone,Broadband,Billing Error,Low,SLA Breached,18.82,73.23,2.87
    TKT-3537,Jan,West Zone,TV,Installation Delay,Medium,Resolved,16.92,48.91,3.14
    TKT-3538,Nov,North Zone,Broadband,Installation Delay,High,SLA Breached,8.42,31.39,3.91
    TKT-3539,Apr,West Zone,Mobile,Slow Internet,Medium,Resolved,5.75,57.59,3.72
    TKT-3540,Aug,West Zone,Broadband,Dropped Calls,Low,Resolved,14.94,50.06,2.56
    TKT-3541,Jan,Central Zone,Broadband,Dropped Calls,High,SLA Breached,10.19,45.35,3.82
    TKT-3542,Aug,West Zone,Broadband,No Signal,High,SLA Breached,14.56,72.15,2.33
    TKT-3543,Oct,South Zone,Landline,Slow Internet,Low,Escalated,19.49,54.63,3.34
    TKT-3544,Feb,North Zone,Mobile,Installation Delay,High,SLA Breached,6.01,18.72,4.75
    TKT-3545,Mar,South Zone,Mobile,Dropped Calls,Medium,Escalated,18.17,68.72,3.16
    TKT-3546,Oct,South Zone,Mobile,No Signal,High,SLA Breached,18.66,33.83,2.91
    TKT-3547,Oct,West Zone,Mobile,No Signal,Low,SLA Breached,6.74,59.08,4.17
    TKT-3548,Sep,West Zone,Broadband,Service Outage,Medium,SLA Breached,8.78,24.4,4.25
    TKT-3549,Jul,West Zone,Landline,Billing Error,Medium,Resolved,13.94,47.54,3.47
    TKT-3550,Jul,Central Zone,Broadband,Billing Error,Medium,SLA Breached,11.69,71.61,3.81
    TKT-3551,Sep,Central Zone,Mobile,No Signal,Medium,Resolved,5.99,30.27,3.92
    TKT-3552,May,Central Zone,Landline,No Signal,High,Resolved,10.52,38.1,3.96
    TKT-3553,Apr,East Zone,TV,Installation Delay,Medium,Escalated,8.1,64.6,3.51
    TKT-3554,Nov,East Zone,TV,Dropped Calls,Low,Escalated,13.44,67.94,3.24
    TKT-3555,Oct,East Zone,Landline,Service Outage,High,Escalated,12.45,60.78,3.48
    TKT-3556,Jul,West Zone,Mobile,Billing Error,Low,SLA Breached,19.27,33.23,3.71
    TKT-3557,Feb,Central Zone,TV,No Signal,Medium,Resolved,12.12,39.47,3.89
    TKT-3558,Jul,North Zone,Landline,No Signal,Low,SLA Breached,10.34,64.16,3.37
    TKT-3559,May,Central Zone,Broadband,Slow Internet,High,Resolved,12.39,66.07,3.41
    TKT-3560,Dec,West Zone,TV,Service Outage,Medium,Resolved,14.01,56.31,3.16
    TKT-3561,Nov,Central Zone,Broadband,Installation Delay,High,In Progress,18.16,34.17,3.1
    TKT-3562,Jun,East Zone,Landline,Slow Internet,High,Escalated,19.32,30.35,3.03
    TKT-3563,Aug,Central Zone,Broadband,Installation Delay,High,SLA Breached,19.15,30.0,2.97
    TKT-3564,Sep,West Zone,TV,Dropped Calls,Medium,Escalated,11.77,55.58,3.7
    TKT-3565,Jan,South Zone,Broadband,Dropped Calls,High,Resolved,18.71,75.03,2.73
    TKT-3566,Mar,East Zone,Broadband,Service Outage,Low,In Progress,6.95,25.79,4.09
    TKT-3567,Aug,East Zone,TV,Billing Error,Medium,SLA Breached,17.65,50.92,3.3
    TKT-3568,Dec,East Zone,Broadband,Billing Error,High,Resolved,6.86,41.48,3.52
    TKT-3569,Jan,North Zone,Mobile,Billing Error,High,Escalated,13.17,65.27,3.0
    TKT-3570,Oct,Central Zone,Broadband,Slow Internet,Low,Resolved,12.13,38.93,3.46
    TKT-3571,Apr,East Zone,Broadband,Dropped Calls,Medium,In Progress,5.75,34.34,3.52
    TKT-3572,Feb,Central Zone,Landline,Slow Internet,Low,In Progress,12.35,69.64,3.27
    TKT-3573,Nov,North Zone,TV,Billing Error,Medium,In Progress,19.63,53.51,2.91
    TKT-3574,Feb,Central Zone,Landline,Dropped Calls,Low,Resolved,17.53,67.76,2.77
    TKT-3575,Feb,South Zone,TV,Billing Error,High,In Progress,15.6,74.2,3.08
    TKT-3576,Jun,South Zone,Landline,Slow Internet,Medium,Resolved,13.11,34.64,4.12
    TKT-3577,Apr,South Zone,Landline,Dropped Calls,Medium,Escalated,9.24,50.41,3.83
    TKT-3578,Sep,West Zone,TV,Slow Internet,High,Resolved,10.3,27.83,4.33
    TKT-3579,Nov,North Zone,Broadband,Slow Internet,Low,SLA Breached,15.37,70.5,3.26
    TKT-3580,Feb,Central Zone,Landline,Service Outage,Low,In Progress,16.1,38.96,3.82
    TKT-3581,Jun,Central Zone,Mobile,No Signal,Medium,Resolved,9.19,19.49,4.01
    TKT-3582,Dec,West Zone,Mobile,Billing Error,Low,SLA Breached,5.14,64.06,3.97
    TKT-3583,Jul,Central Zone,Landline,Billing Error,High,Escalated,15.16,62.73,2.86
    TKT-3584,Aug,West Zone,TV,Slow Internet,Low,Escalated,5.29,21.46,4.14
    TKT-3585,Mar,East Zone,Broadband,Dropped Calls,Low,Resolved,9.41,27.31,3.99
    TKT-3586,Mar,South Zone,TV,No Signal,High,Escalated,16.86,35.68,3.39
    TKT-3587,Jun,South Zone,TV,Slow Internet,Low,Escalated,11.6,45.3,3.14
    TKT-3588,Jan,East Zone,Broadband,Installation Delay,Low,In Progress,5.63,52.93,3.67
    TKT-3589,Aug,West Zone,Broadband,Billing Error,Low,Resolved,11.69,60.72,3.17
    TKT-3590,Nov,East Zone,TV,Slow Internet,Low,Escalated,17.58,40.55,2.98
    TKT-3591,Mar,East Zone,Mobile,Dropped Calls,High,In Progress,19.06,32.83,3.75
    TKT-3592,Nov,Central Zone,Landline,Service Outage,Low,Resolved,9.92,30.95,3.98
    TKT-3593,Sep,Central Zone,TV,Slow Internet,Low,Escalated,19.78,44.54,2.98
    TKT-3594,Mar,North Zone,TV,Billing Error,Medium,SLA Breached,16.52,46.01,3.29
    TKT-3595,Mar,West Zone,TV,Dropped Calls,Medium,In Progress,5.67,35.2,4.65
    TKT-3596,Mar,West Zone,TV,No Signal,Medium,SLA Breached,7.93,34.4,4.5
    TKT-3597,Oct,South Zone,Landline,Dropped Calls,High,Escalated,19.3,46.4,3.15
    TKT-3598,Apr,North Zone,Mobile,Service Outage,Medium,SLA Breached,11.1,39.12,3.76
    TKT-3599,Jun,West Zone,TV,No Signal,High,Escalated,5.5,36.2,4.25
    TKT-3600,Mar,Central Zone,Landline,Slow Internet,High,SLA Breached,18.91,57.23,2.74
    TKT-3601,Apr,East Zone,TV,Service Outage,High,In Progress,15.22,58.53,2.8
    TKT-3602,May,East Zone,TV,Installation Delay,Low,In Progress,16.19,27.51,3.5
    TKT-3603,Sep,Central Zone,Broadband,Slow Internet,Medium,Resolved,19.19,74.98,2.53
    TKT-3604,Oct,South Zone,Broadband,Service Outage,Medium,Escalated,19.59,41.24,3.4
    TKT-3605,Mar,East Zone,Landline,Billing Error,Low,In Progress,11.08,48.84,3.5
    TKT-3606,Jun,West Zone,Mobile,Dropped Calls,High,Resolved,17.56,32.3,3.74
    TKT-3607,Mar,North Zone,Broadband,Slow Internet,High,Escalated,14.12,42.42,3.41
    TKT-3608,Feb,West Zone,Broadband,Billing Error,Low,SLA Breached,9.67,19.74,4.5
    TKT-3609,Apr,South Zone,Landline,Billing Error,Medium,Resolved,19.02,54.84,3.84
    TKT-3610,Jan,East Zone,Landline,Slow Internet,High,SLA Breached,10.02,40.95,4.24
    TKT-3611,Sep,West Zone,Broadband,Slow Internet,Low,Escalated,7.17,33.39,4.32
    TKT-3612,May,North Zone,Mobile,No Signal,High,SLA Breached,5.79,61.83,3.83
    TKT-3613,Aug,South Zone,Landline,Service Outage,Low,Escalated,7.78,65.69,4.04
    TKT-3614,Jun,West Zone,Broadband,Service Outage,High,In Progress,10.95,63.94,2.96
    TKT-3615,Jul,North Zone,Broadband,Installation Delay,High,Escalated,14.44,35.12,4.17
    TKT-3616,Apr,West Zone,Landline,Installation Delay,High,Escalated,10.07,22.25,3.69
    TKT-3617,Mar,South Zone,Broadband,Dropped Calls,Low,In Progress,5.09,24.21,4.87
    TKT-3618,Oct,North Zone,TV,Installation Delay,Medium,Resolved,8.78,24.32,4.22
    TKT-3619,Aug,Central Zone,Mobile,Slow Internet,High,Escalated,11.7,37.9,3.58
    TKT-3620,Mar,South Zone,Landline,Dropped Calls,Low,Escalated,9.79,36.28,3.47
    TKT-3621,Jul,North Zone,Landline,Service Outage,High,Resolved,19.36,77.99,3.14
    TKT-3622,Feb,Central Zone,TV,Installation Delay,Medium,Escalated,19.09,58.83,2.66
    TKT-3623,Apr,South Zone,Broadband,Billing Error,Medium,SLA Breached,14.65,69.79,3.21
    TKT-3624,Jun,Central Zone,Broadband,No Signal,Low,Escalated,18.25,50.72,3.46
    TKT-3625,Jul,Central Zone,Broadband,Billing Error,High,Resolved,5.31,21.21,4.46
    TKT-3626,Mar,South Zone,TV,Slow Internet,High,Resolved,16.3,39.19,3.69
    TKT-3627,Nov,Central Zone,Mobile,Installation Delay,Low,Resolved,9.46,43.15,3.29
    TKT-3628,May,South Zone,Mobile,Service Outage,Medium,Resolved,7.89,25.22,4.27
    TKT-3629,Jul,North Zone,Broadband,Service Outage,Low,SLA Breached,7.91,43.43,4.5
    TKT-3630,Aug,East Zone,Landline,No Signal,Low,In Progress,10.08,45.72,4.19
    TKT-3631,May,Central Zone,Landline,Billing Error,High,SLA Breached,14.63,49.67,3.37
    TKT-3632,Feb,West Zone,Mobile,No Signal,Medium,Escalated,6.4,60.52,3.74
    TKT-3633,Apr,South Zone,Mobile,Slow Internet,Medium,SLA Breached,6.4,24.73,4.47
    TKT-3634,Feb,South Zone,Broadband,Service Outage,Medium,Resolved,8.93,44.13,3.91
    TKT-3635,Oct,West Zone,Mobile,Billing Error,High,Escalated,9.25,60.31,3.37
    TKT-3636,Apr,West Zone,TV,Dropped Calls,Low,Resolved,11.3,70.83,3.46
    TKT-3637,Feb,South Zone,Landline,No Signal,Low,SLA Breached,9.1,21.65,3.88
    TKT-3638,Sep,East Zone,TV,Slow Internet,High,Escalated,9.14,28.81,4.17
    TKT-3639,Mar,East Zone,TV,No Signal,Medium,Escalated,5.25,51.3,3.44
    TKT-3640,Mar,South Zone,TV,Billing Error,High,In Progress,11.26,38.04,3.5
    TKT-3641,Oct,South Zone,TV,Dropped Calls,Low,In Progress,18.02,66.27,2.79
    TKT-3642,Dec,North Zone,TV,Billing Error,Low,In Progress,19.89,58.43,2.79
    TKT-3643,Jan,Central Zone,Broadband,Dropped Calls,Low,Resolved,6.87,56.73,3.02
    TKT-3644,Jan,Central Zone,TV,Billing Error,Low,SLA Breached,19.44,29.85,3.55
    TKT-3645,Mar,South Zone,Landline,Dropped Calls,High,SLA Breached,5.69,51.15,4.13
    TKT-3646,Jan,Central Zone,Broadband,No Signal,High,SLA Breached,8.35,19.9,4.04
    TKT-3647,Jun,South Zone,Mobile,Service Outage,Medium,Escalated,5.9,60.06,4.03
    TKT-3648,Mar,South Zone,Broadband,Installation Delay,Low,Escalated,10.41,42.6,3.33
    TKT-3649,May,Central Zone,Mobile,Service Outage,Low,SLA Breached,15.8,60.4,3.28
    TKT-3650,Aug,South Zone,Landline,Billing Error,Low,Escalated,16.4,27.82,4.14
    TKT-3651,Jun,South Zone,Mobile,Dropped Calls,High,Escalated,15.43,38.14,3.7
    TKT-3652,Dec,North Zone,TV,No Signal,Low,Resolved,14.94,42.01,3.9
    TKT-3653,Jul,Central Zone,Broadband,Billing Error,Medium,SLA Breached,10.16,52.0,3.86
    TKT-3654,Aug,North Zone,Landline,Service Outage,High,Escalated,15.43,59.38,3.46
    TKT-3655,Mar,North Zone,TV,Slow Internet,Medium,SLA Breached,9.58,53.54,3.39
    TKT-3656,Dec,Central Zone,Landline,Service Outage,Low,Resolved,5.06,54.54,3.83
    TKT-3657,Feb,East Zone,TV,Service Outage,Medium,SLA Breached,18.41,38.62,3.29
    TKT-3658,Aug,South Zone,Mobile,Slow Internet,Medium,In Progress,16.38,48.77,3.73
    TKT-3659,Oct,East Zone,Mobile,Billing Error,Medium,Escalated,13.02,70.2,3.17
    TKT-3660,Feb,South Zone,Landline,Dropped Calls,High,Resolved,8.81,30.29,4.3
    TKT-3661,Dec,North Zone,Mobile,Slow Internet,Medium,In Progress,10.9,42.9,4.44
    TKT-3662,Dec,South Zone,Landline,No Signal,High,Resolved,19.7,33.04,3.23
    TKT-3663,Oct,East Zone,Mobile,Slow Internet,Low,Resolved,17.04,56.02,3.09
    TKT-3664,Sep,Central Zone,TV,Installation Delay,Medium,In Progress,16.54,43.92,3.44
    TKT-3665,Feb,Central Zone,Mobile,No Signal,Medium,Escalated,16.08,50.44,3.29
    TKT-3666,Nov,North Zone,Landline,Installation Delay,Low,Resolved,19.8,44.07,3.39
    TKT-3667,Oct,West Zone,TV,Billing Error,Medium,Resolved,18.36,55.95,3.24
    TKT-3668,May,Central Zone,Mobile,Service Outage,Medium,Resolved,11.4,34.32,4.03
    TKT-3669,Apr,Central Zone,TV,Dropped Calls,Medium,Escalated,12.5,33.13,4.13
    TKT-3670,May,West Zone,Broadband,No Signal,High,In Progress,13.23,36.44,3.61
    TKT-3671,Jun,East Zone,Mobile,Slow Internet,Low,SLA Breached,6.46,48.16,3.95
    TKT-3672,May,North Zone,Broadband,Installation Delay,Medium,SLA Breached,14.11,60.49,3.52
    TKT-3673,Aug,West Zone,Broadband,Installation Delay,Low,Escalated,14.96,68.02,2.75
    TKT-3674,Mar,Central Zone,Landline,No Signal,Low,Escalated,7.02,38.29,4.12
    TKT-3675,Apr,Central Zone,TV,Installation Delay,High,Escalated,9.77,32.84,3.9
    TKT-3676,Nov,West Zone,TV,Dropped Calls,Medium,Escalated,15.85,59.37,3.86
    TKT-3677,Apr,South Zone,Mobile,Installation Delay,High,SLA Breached,13.45,69.62,3.12
    TKT-3678,May,North Zone,TV,Dropped Calls,High,In Progress,12.76,69.58,2.96
    TKT-3679,Dec,West Zone,TV,Service Outage,Low,In Progress,19.46,77.43,2.99
    TKT-3680,Sep,North Zone,Broadband,No Signal,High,In Progress,17.65,45.42,3.05
    TKT-3681,Aug,West Zone,TV,No Signal,Medium,SLA Breached,12.24,48.96,4.39
    TKT-3682,Jun,East Zone,Mobile,Dropped Calls,High,Escalated,10.87,56.4,3.82
    TKT-3683,Jul,East Zone,Landline,Installation Delay,Low,In Progress,10.68,55.34,3.65
    TKT-3684,Jan,North Zone,Mobile,Service Outage,Medium,SLA Breached,12.68,30.55,4.3
    TKT-3685,Jul,South Zone,TV,Billing Error,Medium,In Progress,9.63,33.62,4.3
    TKT-3686,Apr,East Zone,Mobile,Installation Delay,High,Escalated,8.27,20.87,4.43
    TKT-3687,Mar,North Zone,Broadband,Installation Delay,Low,SLA Breached,14.38,37.15,3.75
    TKT-3688,Dec,West Zone,Mobile,Service Outage,High,SLA Breached,8.0,49.36,3.91
    TKT-3689,Dec,West Zone,Mobile,Slow Internet,Low,SLA Breached,18.31,36.96,3.15
    TKT-3690,Oct,South Zone,Broadband,No Signal,High,Resolved,19.68,47.37,3.4
    TKT-3691,Jul,Central Zone,Mobile,Service Outage,Low,Escalated,17.86,67.56,2.72
    TKT-3692,Jun,South Zone,TV,Slow Internet,Medium,Resolved,11.59,70.46,3.17
    TKT-3693,Nov,Central Zone,Broadband,Billing Error,Low,Escalated,17.84,56.24,3.89
    TKT-3694,Nov,West Zone,Landline,Service Outage,Low,Resolved,6.98,42.54,3.64
    TKT-3695,Aug,West Zone,Mobile,Billing Error,Medium,Resolved,14.69,38.89,3.86
    TKT-3696,May,East Zone,Landline,Installation Delay,Low,In Progress,14.22,44.11,3.66
    TKT-3697,Aug,East Zone,TV,Installation Delay,Low,In Progress,15.36,63.21,3.11
    TKT-3698,May,West Zone,TV,Installation Delay,Low,Resolved,19.15,37.24,3.07
    TKT-3699,May,Central Zone,Landline,Service Outage,Low,Escalated,6.93,29.32,3.93
    TKT-3700,Jul,West Zone,Broadband,Slow Internet,Low,SLA Breached,10.1,39.46,3.79
    TKT-3701,Aug,North Zone,Landline,Dropped Calls,High,Resolved,12.52,54.83,2.99
    TKT-3702,Sep,East Zone,TV,No Signal,High,Escalated,18.09,42.16,3.17
    TKT-3703,Jul,Central Zone,Broadband,Service Outage,High,In Progress,10.99,31.99,4.03
    TKT-3704,Apr,North Zone,Mobile,Billing Error,Low,Resolved,8.4,62.34,3.65
    TKT-3705,Mar,South Zone,Landline,Billing Error,Low,Resolved,18.86,30.9,3.14
    TKT-3706,Jan,East Zone,Landline,Service Outage,Medium,SLA Breached,13.7,66.18,3.1
    TKT-3707,Jun,East Zone,Mobile,Installation Delay,Low,SLA Breached,13.44,60.59,2.94
    TKT-3708,Nov,Central Zone,TV,No Signal,High,Escalated,13.58,35.7,3.22
    TKT-3709,Oct,East Zone,Landline,No Signal,High,In Progress,18.43,65.03,2.98
    TKT-3710,May,North Zone,TV,Billing Error,Medium,Resolved,5.84,56.4,3.79
    TKT-3711,Mar,South Zone,Mobile,Dropped Calls,Medium,Escalated,14.16,65.27,3.04
    TKT-3712,Apr,South Zone,TV,Slow Internet,Low,Escalated,10.77,24.52,4.33
    TKT-3713,Feb,East Zone,Landline,Installation Delay,Low,In Progress,15.54,64.13,2.67
    TKT-3714,Jul,South Zone,Broadband,Service Outage,Low,SLA Breached,10.17,36.42,4.2
    TKT-3715,Oct,North Zone,TV,Service Outage,High,Escalated,17.72,76.45,2.61
    TKT-3716,Nov,East Zone,Mobile,Service Outage,Low,Resolved,15.43,25.73,4.25
    TKT-3717,Aug,South Zone,Broadband,Slow Internet,Low,Escalated,6.68,60.3,3.67
    TKT-3718,May,South Zone,Landline,Billing Error,Low,Resolved,18.01,45.05,3.12
    TKT-3719,Oct,West Zone,Landline,Service Outage,High,Escalated,15.56,73.59,3.13
    TKT-3720,Nov,West Zone,Landline,Slow Internet,Low,In Progress,12.14,42.12,3.58
    TKT-3721,May,East Zone,Landline,Slow Internet,High,In Progress,7.69,64.47,3.71
    TKT-3722,Jun,South Zone,Broadband,No Signal,Medium,SLA Breached,16.01,55.47,3.99
    TKT-3723,Oct,North Zone,Landline,Dropped Calls,High,Escalated,5.02,25.34,4.77
    TKT-3724,Jan,North Zone,Broadband,No Signal,Low,SLA Breached,11.58,64.58,3.5
    TKT-3725,Apr,North Zone,Mobile,No Signal,Low,In Progress,9.35,45.17,4.1
    TKT-3726,Dec,East Zone,TV,Billing Error,High,SLA Breached,10.16,40.27,3.65
    TKT-3727,Dec,West Zone,Landline,Slow Internet,Medium,Resolved,8.88,57.91,3.45
    TKT-3728,May,South Zone,Broadband,Slow Internet,High,Resolved,11.14,35.89,3.69
    TKT-3729,Oct,West Zone,Broadband,Slow Internet,Medium,In Progress,17.77,39.54,3.13
    TKT-3730,Dec,North Zone,Landline,Billing Error,Low,Resolved,17.47,52.66,3.16
    TKT-3731,Sep,Central Zone,Mobile,No Signal,Medium,SLA Breached,17.02,63.59,2.71
    TKT-3732,Dec,East Zone,Mobile,No Signal,High,In Progress,15.93,53.59,3.39
    TKT-3733,Jun,South Zone,Landline,Billing Error,Low,Resolved,15.54,44.82,3.07
    TKT-3734,Jul,North Zone,Landline,Service Outage,Low,Escalated,7.01,44.02,4.45
    TKT-3735,Apr,East Zone,Mobile,Billing Error,Medium,Escalated,16.32,68.33,2.84
    TKT-3736,Mar,North Zone,Landline,No Signal,High,Escalated,11.44,30.3,4.15
    TKT-3737,Sep,Central Zone,Mobile,Installation Delay,Medium,Escalated,5.98,51.09,4.44
    TKT-3738,Aug,East Zone,Broadband,No Signal,Low,Escalated,12.09,44.25,3.52
    TKT-3739,Aug,Central Zone,Mobile,Installation Delay,Low,Escalated,18.32,59.96,2.88
    TKT-3740,Jan,East Zone,Broadband,Billing Error,High,Resolved,10.93,26.19,3.55
    TKT-3741,Feb,North Zone,TV,Billing Error,Medium,In Progress,9.09,31.91,3.82
    TKT-3742,May,East Zone,Mobile,Dropped Calls,High,SLA Breached,6.75,41.08,4.4
    TKT-3743,Jan,East Zone,Landline,No Signal,High,In Progress,5.43,59.28,3.38
    TKT-3744,May,East Zone,Landline,Slow Internet,High,SLA Breached,6.38,32.93,4.01
    TKT-3745,Nov,Central Zone,TV,Dropped Calls,Medium,Escalated,14.57,34.25,4.1
    TKT-3746,Jun,East Zone,Landline,Installation Delay,High,Resolved,9.8,55.47,3.67
    TKT-3747,Jun,Central Zone,Broadband,Installation Delay,High,Escalated,10.88,43.47,3.96
    TKT-3748,Oct,South Zone,TV,Service Outage,Low,SLA Breached,18.47,65.96,2.63
    TKT-3749,Jan,West Zone,Landline,No Signal,Medium,SLA Breached,19.11,37.64,3.78
    TKT-3750,Sep,South Zone,Broadband,No Signal,Medium,In Progress,7.44,19.77,4.45
    TKT-3751,Sep,West Zone,Mobile,Slow Internet,Medium,In Progress,13.95,67.33,3.47
    TKT-3752,Jun,South Zone,TV,Installation Delay,High,Escalated,7.36,49.74,3.35
    TKT-3753,Aug,North Zone,Broadband,Dropped Calls,Medium,SLA Breached,13.88,56.34,2.99
    TKT-3754,Apr,South Zone,Landline,No Signal,Medium,In Progress,9.4,26.79,3.61
    TKT-3755,Jun,North Zone,TV,Slow Internet,Medium,Escalated,13.88,25.16,4.12
    TKT-3756,Jan,East Zone,Mobile,Dropped Calls,Low,Escalated,10.02,34.84,4.28
    TKT-3757,Oct,South Zone,TV,Installation Delay,Low,Escalated,12.54,68.71,3.52
    TKT-3758,Sep,Central Zone,Broadband,Installation Delay,Medium,In Progress,18.68,48.09,3.63
    TKT-3759,Apr,East Zone,Broadband,Dropped Calls,High,In Progress,15.69,58.37,3.29
    TKT-3760,Nov,South Zone,Broadband,Slow Internet,High,Resolved,14.07,67.34,3.58
    TKT-3761,May,North Zone,Broadband,Installation Delay,Medium,Escalated,17.13,66.28,3.03
    TKT-3762,Apr,West Zone,Landline,No Signal,Medium,Escalated,19.72,38.69,4.17
    TKT-3763,Oct,North Zone,Broadband,Installation Delay,Medium,Resolved,11.87,46.35,3.58
    TKT-3764,Feb,East Zone,Landline,Installation Delay,Medium,SLA Breached,18.52,33.83,3.02
    TKT-3765,May,East Zone,TV,No Signal,High,Escalated,11.51,39.78,4.04
    TKT-3766,Mar,East Zone,Landline,Dropped Calls,Medium,SLA Breached,11.89,70.11,3.02
    TKT-3767,Aug,Central Zone,Landline,Installation Delay,Medium,Resolved,7.14,32.02,3.68
    TKT-3768,Jun,Central Zone,Landline,No Signal,Medium,Escalated,15.12,44.48,3.27
    TKT-3769,Jun,East Zone,Broadband,Dropped Calls,Medium,Escalated,17.71,67.81,2.9
    TKT-3770,May,South Zone,Mobile,No Signal,Low,SLA Breached,15.57,26.84,3.94
    TKT-3771,May,East Zone,Mobile,Installation Delay,Low,Resolved,9.79,28.64,3.67
    TKT-3772,Jul,North Zone,Mobile,Slow Internet,High,Resolved,16.73,51.82,3.13
    TKT-3773,Apr,South Zone,Mobile,Dropped Calls,Low,Resolved,12.15,69.62,3.5
    TKT-3774,Oct,North Zone,TV,No Signal,Medium,Escalated,7.53,52.77,3.69
    TKT-3775,Jun,West Zone,TV,Dropped Calls,High,Escalated,13.69,56.78,3.55
    TKT-3776,Nov,West Zone,Mobile,Slow Internet,High,SLA Breached,11.42,54.4,4.05
    TKT-3777,Jun,South Zone,Mobile,No Signal,Low,Escalated,19.51,31.3,3.58
    TKT-3778,Mar,North Zone,Broadband,Dropped Calls,Low,In Progress,14.88,42.62,3.51
    TKT-3779,Apr,South Zone,Landline,Billing Error,High,Resolved,5.78,55.21,4.34
    TKT-3780,Jan,North Zone,Mobile,Dropped Calls,Medium,Resolved,14.25,36.33,4.23
    TKT-3781,Jul,South Zone,Landline,Service Outage,Medium,SLA Breached,10.49,66.44,2.88
    TKT-3782,Dec,West Zone,TV,Dropped Calls,Low,Escalated,14.25,71.11,2.94
    TKT-3783,Mar,Central Zone,TV,Service Outage,Medium,In Progress,14.27,35.45,3.53
    TKT-3784,Jun,Central Zone,Mobile,Service Outage,Low,In Progress,7.76,41.27,4.04
    TKT-3785,Aug,West Zone,Broadband,Service Outage,Medium,SLA Breached,11.99,49.13,3.45
    TKT-3786,Oct,Central Zone,Broadband,Billing Error,Medium,Escalated,15.37,58.34,2.89
    TKT-3787,Apr,East Zone,TV,Installation Delay,Low,SLA Breached,12.49,61.47,3.25
    TKT-3788,Sep,Central Zone,Mobile,Dropped Calls,Low,SLA Breached,13.13,40.58,3.68
    TKT-3789,Apr,North Zone,Mobile,Slow Internet,Medium,SLA Breached,14.47,63.42,3.41
    TKT-3790,Mar,West Zone,Mobile,Slow Internet,Low,In Progress,14.29,38.01,3.25
    TKT-3791,May,South Zone,Broadband,No Signal,Medium,Escalated,10.87,68.74,3.39
    TKT-3792,Apr,Central Zone,Broadband,Installation Delay,Low,In Progress,6.11,48.82,3.92
    TKT-3793,Jan,East Zone,TV,No Signal,High,Escalated,15.79,27.81,4.05
    TKT-3794,Sep,West Zone,Mobile,Slow Internet,Medium,In Progress,15.55,58.09,3.2
    TKT-3795,Aug,West Zone,Landline,Service Outage,High,In Progress,9.36,43.88,3.84
    TKT-3796,Sep,South Zone,Mobile,Billing Error,Low,In Progress,13.26,72.02,3.54
    TKT-3797,May,North Zone,Landline,Dropped Calls,Medium,In Progress,13.72,33.93,3.93
    TKT-3798,Mar,West Zone,TV,Installation Delay,High,Escalated,12.67,68.43,3.16
    TKT-3799,Mar,Central Zone,Mobile,Billing Error,Medium,Escalated,18.93,30.48,3.64
    TKT-3800,Jun,Central Zone,Broadband,Billing Error,Medium,Escalated,16.69,46.32,3.07
    TKT-3801,Mar,North Zone,Mobile,Service Outage,Low,In Progress,18.52,61.73,2.64
    TKT-3802,Feb,South Zone,Mobile,Service Outage,Low,In Progress,16.74,58.93,3.51
    TKT-3803,May,Central Zone,Broadband,Service Outage,Low,SLA Breached,13.89,35.86,3.54
    TKT-3804,Jul,South Zone,Mobile,Billing Error,Medium,In Progress,13.98,58.45,3.06
    TKT-3805,Jan,North Zone,Mobile,Service Outage,Low,Resolved,6.41,42.39,4.42
    TKT-3806,Apr,Central Zone,Broadband,Dropped Calls,Medium,SLA Breached,14.52,57.79,3.4
    TKT-3807,Apr,North Zone,Landline,Service Outage,Medium,SLA Breached,8.91,42.06,3.9
    TKT-3808,Aug,South Zone,Mobile,No Signal,High,Escalated,6.22,55.13,3.52
    TKT-3809,Feb,West Zone,Broadband,Slow Internet,Low,Escalated,8.7,40.25,3.63
    TKT-3810,Feb,West Zone,Landline,No Signal,Low,SLA Breached,7.57,41.13,4.46
    TKT-3811,Jan,North Zone,TV,Dropped Calls,Low,Resolved,12.76,62.03,3.03
    TKT-3812,May,South Zone,Landline,No Signal,High,Escalated,9.44,44.84,3.95
    TKT-3813,May,North Zone,TV,No Signal,High,Escalated,8.97,54.29,3.8
    TKT-3814,May,North Zone,TV,Service Outage,High,SLA Breached,17.9,36.24,3.48
    TKT-3815,Aug,South Zone,Landline,Billing Error,Medium,SLA Breached,8.43,26.21,4.35
    TKT-3816,Aug,Central Zone,Broadband,Slow Internet,Medium,Escalated,13.43,33.92,3.7
    TKT-3817,Apr,Central Zone,Mobile,Service Outage,High,In Progress,5.47,15.96,4.76
    TKT-3818,Apr,West Zone,Mobile,Service Outage,Low,In Progress,14.41,53.42,3.51
    TKT-3819,Aug,East Zone,Broadband,Slow Internet,High,SLA Breached,8.13,47.71,3.5
    TKT-3820,Feb,Central Zone,Landline,Dropped Calls,High,Resolved,15.59,55.7,2.9
    TKT-3821,Aug,North Zone,Mobile,Dropped Calls,Medium,In Progress,13.46,63.13,3.03
    TKT-3822,Apr,South Zone,TV,No Signal,Low,Resolved,14.02,35.82,3.33
    TKT-3823,Nov,Central Zone,Mobile,No Signal,High,Resolved,19.34,55.79,2.99
    TKT-3824,May,East Zone,TV,Service Outage,High,SLA Breached,10.08,57.92,4.18
    TKT-3825,Mar,South Zone,Landline,Dropped Calls,High,Resolved,9.62,43.96,3.58
    TKT-3826,Aug,Central Zone,Landline,Billing Error,High,In Progress,7.29,60.43,3.58
    TKT-3827,Sep,East Zone,Broadband,No Signal,Low,In Progress,11.12,45.28,3.63
    TKT-3828,Nov,West Zone,TV,Dropped Calls,High,Escalated,10.16,29.57,3.85
    TKT-3829,Jan,North Zone,Landline,Installation Delay,Medium,Resolved,9.5,67.86,3.68
    TKT-3830,May,South Zone,Mobile,Slow Internet,Low,SLA Breached,5.55,35.24,4.34
    TKT-3831,Jun,West Zone,Landline,Slow Internet,Medium,SLA Breached,5.78,35.61,4.08
    TKT-3832,May,Central Zone,Broadband,No Signal,High,SLA Breached,15.46,39.95,3.62
    TKT-3833,Apr,Central Zone,TV,Service Outage,Medium,SLA Breached,7.07,41.6,3.69
    TKT-3834,Jun,South Zone,Mobile,No Signal,Low,Resolved,17.45,41.18,3.2
    TKT-3835,Jan,South Zone,TV,No Signal,Medium,Resolved,19.51,73.36,2.78
    TKT-3836,Jun,Central Zone,Broadband,Billing Error,High,In Progress,8.87,66.07,4.0
    TKT-3837,Nov,North Zone,Landline,No Signal,Low,In Progress,7.23,65.01,3.11
    TKT-3838,Dec,North Zone,Broadband,Installation Delay,High,Resolved,8.43,62.8,3.31
    TKT-3839,Feb,South Zone,Mobile,Dropped Calls,Medium,In Progress,16.32,54.04,3.33
    TKT-3840,Jun,North Zone,Landline,Billing Error,High,In Progress,7.38,34.08,3.86
    TKT-3841,Feb,South Zone,Mobile,Service Outage,Low,Escalated,14.06,70.85,2.78
    TKT-3842,Jun,North Zone,Broadband,Dropped Calls,High,Resolved,18.89,63.56,2.81
    TKT-3843,May,North Zone,Broadband,Service Outage,Medium,SLA Breached,13.34,29.37,4.45
    TKT-3844,Mar,North Zone,Broadband,Service Outage,Medium,Escalated,14.78,68.97,3.73
    TKT-3845,Jul,West Zone,Mobile,Billing Error,High,SLA Breached,13.7,43.49,3.53
    TKT-3846,Oct,South Zone,Landline,Dropped Calls,Low,In Progress,15.19,58.77,2.84
    TKT-3847,Dec,East Zone,Landline,Dropped Calls,Medium,SLA Breached,13.09,46.23,4.01
    TKT-3848,Aug,West Zone,Broadband,Installation Delay,Low,Resolved,19.25,43.47,3.31
    TKT-3849,Dec,North Zone,TV,Dropped Calls,Medium,Resolved,14.49,46.03,3.41
    TKT-3850,Oct,North Zone,Landline,Billing Error,Low,Resolved,5.29,31.49,4.34
    TKT-3851,Jul,South Zone,TV,No Signal,Low,Escalated,13.68,43.11,3.73
    TKT-3852,Jun,East Zone,Broadband,Dropped Calls,Low,In Progress,5.92,50.99,3.75
    TKT-3853,Oct,East Zone,Broadband,Billing Error,High,Resolved,6.67,46.2,3.98
    TKT-3854,Aug,East Zone,Broadband,Dropped Calls,Medium,SLA Breached,9.98,45.77,3.69
    TKT-3855,Apr,South Zone,Broadband,Installation Delay,Medium,Resolved,7.07,19.25,4.45
    TKT-3856,Feb,East Zone,Landline,Billing Error,Medium,Escalated,19.1,48.89,3.25
    TKT-3857,Aug,Central Zone,Mobile,Billing Error,Medium,Resolved,19.46,36.0,3.49
    TKT-3858,Jul,North Zone,Mobile,Dropped Calls,High,Escalated,6.83,58.67,4.0
    TKT-3859,Jul,North Zone,Mobile,Service Outage,Medium,Escalated,12.14,36.41,4.1
    TKT-3860,Mar,South Zone,Landline,Slow Internet,Low,Escalated,18.24,61.94,3.1
    TKT-3861,Oct,North Zone,Broadband,Installation Delay,Low,In Progress,9.59,22.69,4.4
    TKT-3862,Aug,North Zone,Landline,No Signal,Medium,Resolved,17.17,52.84,3.76
    TKT-3863,Dec,North Zone,Landline,Service Outage,Medium,In Progress,16.6,30.59,3.76
    TKT-3864,Jul,East Zone,Mobile,Billing Error,Low,Resolved,17.81,32.18,4.14
    TKT-3865,Dec,Central Zone,TV,Installation Delay,Medium,Resolved,19.41,76.31,2.69
    TKT-3866,Feb,West Zone,TV,Installation Delay,Low,Escalated,18.27,45.2,3.15
    TKT-3867,Apr,South Zone,TV,Billing Error,High,SLA Breached,11.23,33.18,3.85
    TKT-3868,Jun,West Zone,Landline,Service Outage,High,SLA Breached,14.69,26.93,3.68
    TKT-3869,Sep,Central Zone,Mobile,Service Outage,Medium,SLA Breached,7.82,42.17,3.85
    TKT-3870,May,East Zone,Broadband,Installation Delay,Low,Escalated,9.17,31.92,3.8
    TKT-3871,Aug,East Zone,Broadband,Installation Delay,Medium,SLA Breached,16.26,59.89,3.56
    TKT-3872,Jan,East Zone,Mobile,Service Outage,High,Escalated,15.91,52.3,2.87
    TKT-3873,Nov,North Zone,Broadband,Dropped Calls,Medium,In Progress,18.42,72.41,2.63
    TKT-3874,Jul,North Zone,Broadband,No Signal,Medium,Escalated,10.67,62.25,3.19
    TKT-3875,Jun,North Zone,Landline,No Signal,Medium,Resolved,5.81,50.26,4.17
    TKT-3876,Apr,East Zone,Landline,Slow Internet,Medium,Resolved,7.79,45.48,3.23
    TKT-3877,Jun,South Zone,Mobile,Billing Error,High,Escalated,9.94,40.15,3.82
    TKT-3878,Dec,West Zone,Mobile,Service Outage,Medium,Escalated,18.77,56.71,2.85
    TKT-3879,Dec,East Zone,Landline,Billing Error,Low,In Progress,16.22,39.98,3.17
    TKT-3880,Feb,West Zone,TV,Dropped Calls,Low,Escalated,8.05,54.89,3.38
    TKT-3881,May,South Zone,TV,Slow Internet,Low,In Progress,12.13,55.99,3.19
    TKT-3882,Apr,East Zone,TV,No Signal,Medium,In Progress,7.05,50.93,3.94
    TKT-3883,Oct,East Zone,Broadband,Installation Delay,High,In Progress,16.61,58.85,3.07
    TKT-3884,May,North Zone,Landline,Installation Delay,High,In Progress,16.06,39.96,3.32
    TKT-3885,May,North Zone,Broadband,Dropped Calls,Low,SLA Breached,17.39,59.97,2.99
    TKT-3886,Jun,Central Zone,TV,Slow Internet,Low,Escalated,6.17,40.36,4.18
    TKT-3887,Apr,South Zone,Mobile,Installation Delay,High,Escalated,7.82,23.41,3.84
    TKT-3888,Nov,Central Zone,Landline,Installation Delay,Low,SLA Breached,8.08,46.93,3.47
    TKT-3889,Aug,South Zone,TV,Dropped Calls,Low,In Progress,7.9,55.51,3.71
    TKT-3890,Nov,West Zone,Mobile,Dropped Calls,High,Escalated,17.0,53.44,3.23
    TKT-3891,Jul,Central Zone,Landline,Installation Delay,High,In Progress,8.53,31.73,3.99
    TKT-3892,Dec,West Zone,Broadband,Installation Delay,Medium,Escalated,7.19,34.13,4.14
    TKT-3893,Feb,Central Zone,Broadband,No Signal,High,Resolved,14.36,43.08,3.61
    TKT-3894,Jul,East Zone,Landline,No Signal,High,SLA Breached,5.73,37.98,4.41
    TKT-3895,Dec,South Zone,Mobile,No Signal,High,SLA Breached,11.1,65.52,3.17
    TKT-3896,Aug,Central Zone,Mobile,Billing Error,Medium,In Progress,11.51,38.62,4.14
    TKT-3897,Feb,North Zone,Mobile,Dropped Calls,High,SLA Breached,10.4,64.56,3.77
    TKT-3898,Nov,North Zone,Landline,Installation Delay,High,Escalated,5.45,30.66,4.67
    TKT-3899,May,South Zone,Landline,No Signal,Medium,In Progress,15.65,61.5,2.97
    TKT-3900,Aug,North Zone,TV,Installation Delay,Medium,Resolved,16.6,51.79,3.53
    TKT-3901,Jun,North Zone,TV,Service Outage,Low,SLA Breached,10.72,33.66,3.2
    TKT-3902,Nov,South Zone,Landline,Installation Delay,High,Resolved,12.99,24.09,3.84
    TKT-3903,Aug,West Zone,Broadband,Slow Internet,High,Escalated,12.99,23.94,3.88
    TKT-3904,Sep,West Zone,Mobile,Slow Internet,High,SLA Breached,17.28,64.33,2.97
    TKT-3905,Oct,South Zone,Landline,Billing Error,High,Escalated,7.74,32.98,3.66
    TKT-3906,Apr,North Zone,TV,No Signal,Medium,SLA Breached,11.08,32.32,3.67
    TKT-3907,Aug,East Zone,TV,No Signal,High,In Progress,18.67,33.35,2.96
    TKT-3908,Feb,West Zone,Landline,Billing Error,Low,Resolved,17.57,50.19,3.14
    TKT-3909,May,Central Zone,Landline,No Signal,High,SLA Breached,7.81,35.75,3.63
    TKT-3910,Jan,West Zone,TV,No Signal,High,Resolved,7.18,64.07,3.17
    TKT-3911,Apr,West Zone,Broadband,Slow Internet,Low,In Progress,19.39,48.22,2.71
    TKT-3912,Dec,East Zone,Landline,Installation Delay,Medium,Escalated,8.3,27.09,4.07
    TKT-3913,Apr,Central Zone,Broadband,Slow Internet,Low,In Progress,17.49,53.13,3.25
    TKT-3914,Jan,South Zone,TV,Installation Delay,Medium,Escalated,10.56,30.31,3.98
    TKT-3915,Apr,East Zone,TV,Slow Internet,Low,Escalated,9.94,41.67,3.56
    TKT-3916,Oct,Central Zone,Landline,Dropped Calls,High,Resolved,8.02,52.16,3.65
    TKT-3917,Oct,North Zone,Mobile,Installation Delay,Medium,SLA Breached,5.88,24.25,4.84
    TKT-3918,Nov,North Zone,TV,Dropped Calls,High,Escalated,12.64,69.04,3.58
    TKT-3919,May,North Zone,Mobile,Slow Internet,High,In Progress,8.68,34.89,3.74
    TKT-3920,Dec,West Zone,Mobile,Slow Internet,Medium,SLA Breached,9.15,28.69,3.89
    TKT-3921,Feb,South Zone,Broadband,Installation Delay,High,In Progress,15.8,50.08,3.2
    TKT-3922,Jul,South Zone,Mobile,Service Outage,Medium,Resolved,7.16,34.61,4.34
    TKT-3923,Apr,West Zone,Mobile,No Signal,High,Escalated,12.92,53.93,3.93
    TKT-3924,Oct,North Zone,TV,Dropped Calls,Low,In Progress,6.75,34.59,4.3
    TKT-3925,Oct,West Zone,Broadband,No Signal,Medium,In Progress,9.22,30.61,3.98
    TKT-3926,Dec,East Zone,TV,No Signal,High,In Progress,11.66,65.36,2.88
    TKT-3927,Jul,South Zone,Mobile,Billing Error,Low,Escalated,12.43,32.4,4.27
    TKT-3928,Sep,West Zone,Mobile,Installation Delay,Low,Resolved,5.46,56.86,3.9
    TKT-3929,Jun,Central Zone,TV,Slow Internet,Low,SLA Breached,19.5,59.69,3.04
    TKT-3930,Dec,South Zone,Landline,Dropped Calls,Medium,Escalated,19.88,41.53,2.9
    TKT-3931,Jan,North Zone,Broadband,Service Outage,High,Resolved,13.86,66.83,3.15
    TKT-3932,Dec,East Zone,TV,No Signal,Low,Escalated,14.01,60.59,3.01
    TKT-3933,May,East Zone,Mobile,Billing Error,Medium,SLA Breached,12.45,52.13,3.42
    TKT-3934,Nov,Central Zone,Broadband,Installation Delay,Low,In Progress,18.89,68.05,3.11
    TKT-3935,Oct,Central Zone,Landline,Installation Delay,Low,Escalated,10.92,36.65,4.13
    TKT-3936,Aug,Central Zone,Broadband,Service Outage,Medium,Escalated,16.53,69.64,3.17
    TKT-3937,Sep,Central Zone,Broadband,No Signal,High,In Progress,9.32,22.1,3.82
    TKT-3938,Feb,Central Zone,TV,Slow Internet,Low,SLA Breached,17.8,59.16,2.72
    TKT-3939,Aug,North Zone,Mobile,Service Outage,High,SLA Breached,18.5,67.0,2.24
    TKT-3940,May,South Zone,Mobile,No Signal,Low,In Progress,12.85,28.61,3.68
    TKT-3941,Jun,North Zone,Mobile,Installation Delay,High,Escalated,11.25,36.37,3.56
    TKT-3942,Oct,East Zone,Mobile,Installation Delay,Low,In Progress,14.85,63.94,3.52
    TKT-3943,Sep,Central Zone,Broadband,Slow Internet,High,Escalated,8.93,43.27,3.48
    TKT-3944,Aug,South Zone,Mobile,Dropped Calls,Medium,Resolved,19.9,58.32,3.14
    TKT-3945,Sep,North Zone,Broadband,No Signal,High,Resolved,18.94,34.38,4.16
    TKT-3946,Sep,Central Zone,Broadband,Service Outage,Medium,In Progress,19.85,78.19,2.61
    TKT-3947,Dec,Central Zone,Landline,Billing Error,Low,Resolved,16.79,40.45,3.61
    TKT-3948,May,Central Zone,Broadband,Dropped Calls,Low,SLA Breached,17.19,42.29,3.49
    TKT-3949,Dec,North Zone,TV,Installation Delay,Medium,In Progress,9.49,51.21,3.71
    TKT-3950,Feb,South Zone,TV,Service Outage,Medium,Resolved,6.02,16.33,4.12
    TKT-3951,Apr,West Zone,Broadband,Slow Internet,Medium,SLA Breached,10.71,49.5,3.3
    TKT-3952,Apr,South Zone,Broadband,Service Outage,Medium,In Progress,6.7,45.78,3.77
    TKT-3953,Jan,South Zone,Mobile,Installation Delay,Low,Escalated,16.57,28.79,4.18
    TKT-3954,Mar,South Zone,TV,Service Outage,High,SLA Breached,9.56,60.1,3.46
    TKT-3955,Feb,North Zone,Broadband,Service Outage,Medium,Resolved,8.83,27.6,3.62
    TKT-3956,Jun,Central Zone,Mobile,Dropped Calls,High,In Progress,9.08,43.92,3.58
    TKT-3957,Jul,South Zone,Broadband,Service Outage,Medium,In Progress,12.33,38.84,3.58
    TKT-3958,Sep,East Zone,Mobile,Installation Delay,Low,In Progress,5.24,16.65,4.38
    TKT-3959,Nov,North Zone,Broadband,Billing Error,High,SLA Breached,13.07,47.28,3.07
    TKT-3960,Oct,East Zone,Mobile,Billing Error,Medium,SLA Breached,17.41,72.69,3.09
    TKT-3961,Jun,Central Zone,TV,No Signal,High,In Progress,11.09,68.7,3.67
    TKT-3962,May,South Zone,Mobile,Billing Error,High,Resolved,16.31,37.54,3.23
    TKT-3963,Apr,South Zone,TV,Dropped Calls,Medium,SLA Breached,10.78,63.66,3.22
    TKT-3964,Dec,East Zone,TV,No Signal,Low,In Progress,19.02,45.52,3.46
    TKT-3965,Feb,South Zone,TV,Dropped Calls,High,SLA Breached,12.83,68.52,3.6
    TKT-3966,Dec,Central Zone,TV,Service Outage,Medium,Resolved,11.14,51.83,3.74
    TKT-3967,Aug,Central Zone,Broadband,Billing Error,High,Escalated,11.45,70.79,2.89
    TKT-3968,Jan,East Zone,Mobile,Billing Error,High,Escalated,16.18,50.05,3.33
    TKT-3969,Jul,West Zone,Landline,Service Outage,High,In Progress,15.46,44.93,3.09
    TKT-3970,Oct,North Zone,Mobile,Slow Internet,Low,SLA Breached,6.51,64.86,3.11
    TKT-3971,Jun,North Zone,TV,Service Outage,Low,SLA Breached,7.84,26.19,4.44
    TKT-3972,Feb,Central Zone,Landline,Installation Delay,Low,In Progress,15.81,42.36,3.26
    TKT-3973,Jul,West Zone,TV,No Signal,High,SLA Breached,7.4,30.24,4.25
    TKT-3974,Feb,East Zone,TV,Service Outage,Medium,Resolved,13.83,60.32,3.3
    TKT-3975,Nov,East Zone,Mobile,Service Outage,High,Escalated,16.41,52.65,3.36
    TKT-3976,Oct,South Zone,Mobile,Billing Error,Medium,SLA Breached,12.92,50.47,3.66
    TKT-3977,Nov,West Zone,Landline,Billing Error,High,SLA Breached,18.43,70.45,3.05
    TKT-3978,Feb,North Zone,Mobile,Dropped Calls,Low,Resolved,7.34,44.54,3.83
    TKT-3979,Jun,East Zone,Broadband,No Signal,High,Escalated,10.59,27.62,4.7
    TKT-3980,Aug,North Zone,Broadband,No Signal,Low,Resolved,11.09,32.7,3.69
    TKT-3981,Oct,East Zone,Mobile,Slow Internet,Medium,Resolved,15.22,72.6,3.63
    TKT-3982,May,North Zone,TV,Installation Delay,Medium,Resolved,14.98,46.29,3.1
    TKT-3983,Oct,South Zone,Broadband,Slow Internet,Medium,SLA Breached,5.1,55.48,3.81
    TKT-3984,Mar,Central Zone,Landline,Dropped Calls,Medium,Resolved,11.13,30.25,4.26
    TKT-3985,Jan,South Zone,Landline,Billing Error,Medium,SLA Breached,5.75,16.89,4.98
    TKT-3986,Feb,West Zone,TV,Slow Internet,Medium,Escalated,13.81,25.19,4.41
    TKT-3987,May,Central Zone,Landline,Installation Delay,High,Resolved,6.73,49.18,3.68
    TKT-3988,Aug,West Zone,Landline,No Signal,High,In Progress,10.54,21.06,4.0
    TKT-3989,Oct,West Zone,Broadband,Billing Error,High,In Progress,14.25,72.0,3.34
    TKT-3990,May,South Zone,TV,Slow Internet,High,Escalated,15.05,67.13,3.26
    TKT-3991,Feb,West Zone,Landline,Installation Delay,High,Escalated,18.49,73.64,2.93
    TKT-3992,Apr,North Zone,Broadband,Slow Internet,Low,In Progress,12.71,52.31,3.6
    TKT-3993,Sep,North Zone,TV,Service Outage,High,Escalated,6.33,42.29,3.87
    TKT-3994,Oct,East Zone,Broadband,Billing Error,High,In Progress,12.75,23.3,4.53
    TKT-3995,Mar,North Zone,Broadband,Dropped Calls,Low,Resolved,8.98,19.52,4.44
    TKT-3996,Oct,South Zone,TV,Dropped Calls,High,In Progress,8.21,44.18,3.95
    TKT-3997,Jun,East Zone,Landline,Billing Error,High,In Progress,5.93,35.87,4.42
    TKT-3998,Jul,South Zone,Landline,Billing Error,Medium,In Progress,5.66,51.36,4.1
    TKT-3999,Aug,West Zone,Broadband,Service Outage,Medium,In Progress,11.99,51.97,3.64
    TKT-4000,Mar,East Zone,Landline,No Signal,Medium,Resolved,10.03,69.69,3.38
    TKT-4001,Jun,West Zone,Mobile,Slow Internet,Medium,In Progress,17.6,40.49,3.47
    TKT-4002,Apr,East Zone,Mobile,Billing Error,High,Resolved,12.66,39.44,3.55
    TKT-4003,Nov,East Zone,TV,Dropped Calls,High,SLA Breached,18.35,38.29,3.66
    TKT-4004,May,North Zone,Broadband,Billing Error,High,Escalated,17.67,41.98,3.04
    TKT-4005,Apr,East Zone,Landline,Installation Delay,Low,SLA Breached,14.6,29.32,3.7
    TKT-4006,Jul,West Zone,Broadband,Dropped Calls,Medium,Resolved,8.26,35.93,3.28
    TKT-4007,Feb,West Zone,Mobile,Slow Internet,Medium,In Progress,14.98,30.11,3.91
    TKT-4008,Sep,West Zone,Landline,Dropped Calls,Medium,SLA Breached,8.61,31.3,3.76
    TKT-4009,Jul,North Zone,Broadband,Installation Delay,High,Resolved,15.89,66.34,2.65
    TKT-4010,Nov,West Zone,TV,Dropped Calls,Low,Escalated,11.05,61.23,3.6
    TKT-4011,Nov,Central Zone,Landline,Installation Delay,Low,Resolved,10.68,58.17,2.95
    TKT-4012,Jul,Central Zone,Landline,Installation Delay,Medium,Escalated,16.05,74.75,3.17
    TKT-4013,Jul,West Zone,Mobile,No Signal,High,In Progress,14.36,71.68,3.18
    TKT-4014,Jan,East Zone,Broadband,Billing Error,High,In Progress,10.66,48.92,3.87
    TKT-4015,Dec,North Zone,Mobile,Installation Delay,Low,SLA Breached,16.38,44.28,3.39
    TKT-4016,Sep,East Zone,TV,Billing Error,High,In Progress,10.98,34.16,3.95
    TKT-4017,Jul,Central Zone,Broadband,Dropped Calls,Low,Resolved,19.15,61.85,3.44
    TKT-4018,Nov,North Zone,Mobile,Slow Internet,Low,Escalated,12.66,36.76,3.71
    TKT-4019,Jul,West Zone,TV,Billing Error,Medium,SLA Breached,8.46,18.76,4.2
    TKT-4020,Jun,South Zone,Broadband,Service Outage,High,SLA Breached,9.31,33.04,3.22
    TKT-4021,Nov,South Zone,Broadband,Slow Internet,Medium,SLA Breached,19.68,76.32,2.65
    TKT-4022,Aug,Central Zone,TV,Billing Error,Low,Resolved,15.78,59.34,3.21
    TKT-4023,Jun,Central Zone,Mobile,Service Outage,High,Escalated,6.11,65.49,3.73
    TKT-4024,Jun,West Zone,TV,Slow Internet,Low,SLA Breached,16.9,45.76,2.59
    TKT-4025,Aug,East Zone,Mobile,Installation Delay,High,In Progress,9.54,40.76,3.68
    TKT-4026,Sep,North Zone,TV,Installation Delay,Low,Escalated,6.67,65.36,3.65
    TKT-4027,Feb,North Zone,Landline,Billing Error,High,In Progress,11.29,47.54,3.44
    TKT-4028,Jul,Central Zone,Landline,Service Outage,High,Escalated,14.67,62.25,3.34
    TKT-4029,Sep,Central Zone,Landline,Service Outage,Low,SLA Breached,7.47,30.32,3.84
    TKT-4030,Oct,East Zone,Landline,Service Outage,Low,SLA Breached,11.9,42.85,3.74
    TKT-4031,Jul,North Zone,TV,Dropped Calls,Medium,Resolved,15.05,57.13,3.34
    TKT-4032,Apr,West Zone,Landline,Slow Internet,Medium,In Progress,15.94,44.79,3.3
    TKT-4033,Jul,Central Zone,Landline,Installation Delay,Low,SLA Breached,11.86,65.5,3.8
    TKT-4034,Aug,South Zone,Landline,Dropped Calls,Medium,Resolved,8.27,39.57,3.62
    TKT-4035,Oct,East Zone,Landline,Billing Error,High,SLA Breached,7.95,60.66,3.67
    TKT-4036,Jun,Central Zone,Broadband,Service Outage,High,Escalated,5.97,64.23,3.21
    TKT-4037,Apr,North Zone,TV,Billing Error,Medium,SLA Breached,9.96,35.78,4.01
    TKT-4038,Aug,South Zone,Landline,Billing Error,High,SLA Breached,6.68,36.29,3.66
    TKT-4039,Dec,Central Zone,Landline,Service Outage,Medium,SLA Breached,11.77,55.58,3.71
    TKT-4040,Oct,West Zone,Broadband,No Signal,High,SLA Breached,9.16,66.5,3.17
    TKT-4041,Oct,East Zone,Mobile,No Signal,Medium,Resolved,19.26,47.81,3.4
    TKT-4042,Aug,West Zone,Broadband,Service Outage,Low,Escalated,17.93,77.71,3.04
    TKT-4043,Jan,West Zone,Mobile,Service Outage,Medium,In Progress,7.98,22.23,4.84
    TKT-4044,Mar,West Zone,Landline,Service Outage,High,SLA Breached,16.38,29.26,3.6
    TKT-4045,Dec,West Zone,Mobile,No Signal,High,SLA Breached,6.55,36.32,4.48
    TKT-4046,Jun,West Zone,Mobile,Service Outage,Low,SLA Breached,17.86,57.19,3.15
    TKT-4047,Dec,Central Zone,Mobile,Slow Internet,High,In Progress,13.26,32.12,3.73
    TKT-4048,Feb,East Zone,Landline,Dropped Calls,High,In Progress,15.04,43.39,3.86
    TKT-4049,Nov,Central Zone,Landline,Dropped Calls,Low,Resolved,9.72,20.8,4.34
    TKT-4050,Aug,Central Zone,Broadband,Installation Delay,High,In Progress,11.59,35.18,3.64
    TKT-4051,Mar,West Zone,Landline,Billing Error,Low,Escalated,11.2,53.02,3.35
    TKT-4052,Sep,South Zone,TV,Billing Error,Medium,Escalated,6.67,36.84,4.42
    TKT-4053,Feb,North Zone,Broadband,Slow Internet,High,SLA Breached,17.46,51.83,3.04
    TKT-4054,Nov,West Zone,TV,Installation Delay,Low,SLA Breached,6.41,33.66,4.0
    TKT-4055,May,Central Zone,Broadband,Service Outage,Low,Escalated,13.61,25.2,3.49
    TKT-4056,Nov,West Zone,Mobile,Service Outage,Low,In Progress,17.56,48.43,3.26
    TKT-4057,Jul,East Zone,Landline,Installation Delay,Low,Escalated,18.3,32.31,3.56
    TKT-4058,Jan,West Zone,Landline,No Signal,High,In Progress,10.74,26.08,3.87
    TKT-4059,Jan,Central Zone,TV,Dropped Calls,High,SLA Breached,10.74,62.16,3.36
    TKT-4060,Apr,North Zone,Landline,Service Outage,Low,In Progress,14.46,27.39,4.03
    TKT-4061,Apr,North Zone,TV,Billing Error,High,Resolved,14.15,58.93,3.13
    TKT-4062,Nov,South Zone,Mobile,Billing Error,High,Escalated,6.52,59.0,3.84
    TKT-4063,Aug,North Zone,Landline,Installation Delay,High,SLA Breached,19.53,39.61,3.6
    TKT-4064,Dec,West Zone,Landline,No Signal,High,In Progress,12.51,48.34,3.52
    TKT-4065,Aug,West Zone,Mobile,Billing Error,Medium,SLA Breached,10.94,41.72,3.35
    TKT-4066,Sep,Central Zone,Landline,Billing Error,Medium,Escalated,15.13,43.46,3.16
    TKT-4067,Jul,West Zone,Landline,No Signal,Medium,In Progress,6.09,46.28,4.08
    TKT-4068,Nov,South Zone,Landline,Dropped Calls,High,Escalated,8.08,45.3,3.61
    TKT-4069,Nov,Central Zone,Mobile,Service Outage,Low,SLA Breached,17.24,38.23,3.75
    TKT-4070,Sep,West Zone,Mobile,Installation Delay,High,Resolved,19.58,31.76,3.09
    TKT-4071,Feb,South Zone,Mobile,Billing Error,High,Resolved,16.54,60.82,3.35
    TKT-4072,Sep,Central Zone,Landline,Installation Delay,Low,SLA Breached,5.16,58.73,3.52
    TKT-4073,Nov,West Zone,TV,Service Outage,Low,SLA Breached,9.37,52.8,3.78
    TKT-4074,Jul,Central Zone,Broadband,Dropped Calls,Low,SLA Breached,18.4,38.01,3.3
    TKT-4075,Feb,West Zone,TV,Slow Internet,Low,Escalated,13.7,61.26,2.82
    TKT-4076,Nov,East Zone,Broadband,Service Outage,High,Resolved,7.38,65.68,2.66
    TKT-4077,Sep,West Zone,Broadband,Service Outage,High,In Progress,18.51,49.29,3.36
    TKT-4078,Feb,North Zone,TV,No Signal,Low,SLA Breached,6.08,38.43,3.85
    TKT-4079,Dec,North Zone,TV,Slow Internet,Low,SLA Breached,8.41,62.0,3.36
    TKT-4080,Jun,Central Zone,Broadband,No Signal,Medium,Escalated,14.49,45.85,3.29
    TKT-4081,Dec,North Zone,Mobile,Billing Error,High,Escalated,11.46,37.42,3.85
    TKT-4082,Aug,Central Zone,Landline,Service Outage,High,Resolved,5.68,39.07,3.95
    TKT-4083,Mar,North Zone,Broadband,Dropped Calls,Medium,Resolved,16.18,71.44,2.63
    TKT-4084,Feb,North Zone,Mobile,Dropped Calls,Medium,Escalated,10.94,62.15,4.02
    TKT-4085,Nov,Central Zone,Landline,Slow Internet,Medium,In Progress,9.74,42.27,3.58
    TKT-4086,May,West Zone,Landline,Billing Error,Low,Escalated,7.15,23.22,4.32
    TKT-4087,Jan,Central Zone,Broadband,Dropped Calls,High,Escalated,16.5,32.84,3.79
    TKT-4088,Jun,South Zone,Broadband,Installation Delay,High,Resolved,14.59,34.56,3.2
    TKT-4089,Dec,North Zone,Landline,Service Outage,Low,Escalated,9.53,23.49,4.12
    TKT-4090,Dec,North Zone,Broadband,Dropped Calls,Medium,Resolved,14.77,46.81,3.29
    TKT-4091,Oct,West Zone,TV,Slow Internet,Medium,Resolved,6.29,29.7,4.04
    TKT-4092,Jan,South Zone,Mobile,Service Outage,Medium,Resolved,13.3,45.06,4.16
    TKT-4093,Jul,Central Zone,Broadband,Service Outage,Medium,Escalated,16.34,34.74,3.54
    TKT-4094,Sep,West Zone,Mobile,Slow Internet,High,Escalated,16.79,27.48,3.42
    TKT-4095,Jul,East Zone,Landline,Billing Error,Medium,Escalated,18.22,55.24,3.01
    TKT-4096,Nov,South Zone,Mobile,Billing Error,Low,SLA Breached,18.2,66.79,3.56
    TKT-4097,Feb,West Zone,TV,Dropped Calls,Low,Resolved,18.02,61.71,3.19
    TKT-4098,Nov,North Zone,TV,No Signal,Low,Resolved,9.97,42.99,3.91
    TKT-4099,Jul,Central Zone,Landline,Dropped Calls,Low,In Progress,9.11,22.2,4.47
    TKT-4100,Aug,West Zone,Broadband,Service Outage,High,Resolved,12.49,40.18,3.06
    TKT-4101,Feb,East Zone,Mobile,Service Outage,Low,Resolved,17.34,38.13,3.47
    TKT-4102,Jan,West Zone,Landline,Service Outage,Medium,In Progress,6.63,31.11,3.54
    TKT-4103,Oct,North Zone,TV,No Signal,High,SLA Breached,13.39,38.74,3.2
    TKT-4104,Feb,East Zone,TV,Billing Error,Medium,SLA Breached,5.81,60.31,3.46
    TKT-4105,Jul,Central Zone,Landline,Slow Internet,High,SLA Breached,6.25,55.07,3.48
    TKT-4106,Dec,West Zone,TV,Service Outage,Medium,Escalated,9.69,67.51,2.77
    TKT-4107,Aug,East Zone,Broadband,Service Outage,Low,In Progress,7.02,43.04,4.47
    TKT-4108,May,South Zone,Mobile,Dropped Calls,Medium,Escalated,10.3,42.61,3.54
    TKT-4109,Mar,South Zone,Mobile,Dropped Calls,Low,Resolved,17.72,55.32,3.31
    TKT-4110,Aug,Central Zone,Mobile,Service Outage,High,Escalated,8.02,22.09,4.2
    TKT-4111,Mar,North Zone,TV,No Signal,Medium,Escalated,15.3,49.85,3.76
    TKT-4112,Mar,North Zone,TV,Installation Delay,Low,SLA Breached,10.45,61.54,3.02
    TKT-4113,Jan,North Zone,TV,Installation Delay,Medium,In Progress,7.12,55.07,4.07
    TKT-4114,Mar,South Zone,Landline,Service Outage,High,In Progress,15.32,42.61,3.76
    TKT-4115,Dec,North Zone,Broadband,No Signal,Medium,Escalated,13.09,53.51,3.87
    TKT-4116,May,East Zone,Mobile,No Signal,High,Resolved,14.81,46.14,3.43
    TKT-4117,Feb,Central Zone,TV,Installation Delay,Low,Escalated,17.86,68.21,3.18
    TKT-4118,Dec,North Zone,Mobile,Service Outage,Medium,Escalated,9.44,31.78,3.6
    TKT-4119,Mar,North Zone,Landline,Dropped Calls,Medium,SLA Breached,14.14,47.64,3.76
    TKT-4120,Jul,North Zone,Mobile,Slow Internet,High,Escalated,12.04,54.29,3.62
    TKT-4121,Nov,South Zone,TV,Service Outage,Low,In Progress,14.2,42.0,3.63
    TKT-4122,Dec,South Zone,Broadband,No Signal,High,In Progress,13.14,65.7,3.55
    TKT-4123,Apr,North Zone,Landline,No Signal,High,Escalated,18.49,36.46,3.59
    TKT-4124,Jul,East Zone,Landline,No Signal,Medium,Resolved,18.98,37.05,4.04
    TKT-4125,Nov,West Zone,Landline,No Signal,Low,SLA Breached,16.75,68.1,2.97
    TKT-4126,Sep,West Zone,Mobile,Slow Internet,Low,In Progress,5.74,35.67,3.8
    TKT-4127,Jul,East Zone,TV,Dropped Calls,Low,Resolved,15.11,42.98,3.52
    TKT-4128,Feb,West Zone,Mobile,Slow Internet,Medium,Escalated,15.67,41.63,3.12
    TKT-4129,Aug,South Zone,Mobile,Service Outage,High,Escalated,18.34,58.18,3.47
    TKT-4130,Jul,North Zone,TV,No Signal,Medium,Escalated,11.26,34.28,3.79
    TKT-4131,Jan,Central Zone,Landline,No Signal,Low,SLA Breached,17.59,51.29,2.61
    TKT-4132,Apr,East Zone,Mobile,No Signal,Low,In Progress,9.76,38.82,3.76
    TKT-4133,Jan,South Zone,Mobile,Slow Internet,Medium,Escalated,11.89,69.26,3.16
    TKT-4134,Sep,East Zone,Landline,Installation Delay,Medium,Escalated,16.79,42.98,3.27
    TKT-4135,Jun,West Zone,TV,Service Outage,Medium,Resolved,18.15,50.43,3.49
    TKT-4136,Aug,Central Zone,Broadband,Billing Error,Low,In Progress,5.9,60.75,3.91
    TKT-4137,Dec,East Zone,Landline,Installation Delay,Medium,In Progress,12.07,55.49,3.76
    TKT-4138,Aug,North Zone,Mobile,Service Outage,Low,Resolved,17.02,43.64,3.31
    TKT-4139,Mar,Central Zone,Broadband,Dropped Calls,High,SLA Breached,9.41,54.74,3.31
    TKT-4140,Sep,North Zone,Landline,Service Outage,Medium,Escalated,13.12,37.75,3.53
    TKT-4141,Mar,South Zone,Broadband,Dropped Calls,Medium,Resolved,11.49,69.4,3.44
    TKT-4142,May,South Zone,Landline,Billing Error,Low,Resolved,9.5,22.31,4.18
    TKT-4143,Aug,South Zone,Mobile,Dropped Calls,High,Escalated,11.17,38.73,3.3
    TKT-4144,Jan,South Zone,Mobile,Slow Internet,Low,SLA Breached,14.38,47.59,3.41
    TKT-4145,Oct,Central Zone,Mobile,Slow Internet,High,Resolved,8.87,27.42,4.1
    TKT-4146,Mar,West Zone,Landline,Service Outage,Low,Escalated,18.39,45.92,3.73
    TKT-4147,Feb,West Zone,Mobile,Slow Internet,High,In Progress,14.48,43.15,3.84
    TKT-4148,Jul,North Zone,Broadband,Slow Internet,Medium,Resolved,5.36,17.55,4.22
    TKT-4149,Aug,Central Zone,TV,Slow Internet,High,Resolved,12.4,61.79,4.19
    TKT-4150,Apr,Central Zone,Landline,Service Outage,Low,SLA Breached,13.97,59.49,3.37
    TKT-4151,Nov,South Zone,Mobile,Slow Internet,High,Escalated,9.01,62.16,3.16
    TKT-4152,Sep,West Zone,TV,Billing Error,Low,Resolved,14.33,65.03,3.08
    TKT-4153,Mar,North Zone,Mobile,Service Outage,Low,In Progress,14.22,30.34,4.21
    TKT-4154,Sep,East Zone,Mobile,No Signal,Low,SLA Breached,17.96,38.51,3.68
    TKT-4155,May,North Zone,Broadband,Service Outage,Low,SLA Breached,5.89,40.93,3.95
    TKT-4156,Apr,South Zone,Landline,Dropped Calls,Low,Escalated,13.13,36.02,3.62
    TKT-4157,Jul,East Zone,Landline,Slow Internet,Low,SLA Breached,10.45,32.9,3.63
    TKT-4158,Mar,Central Zone,Landline,Installation Delay,Low,SLA Breached,10.82,35.13,3.82
    TKT-4159,Nov,East Zone,Landline,Service Outage,High,SLA Breached,10.76,67.75,3.42
    TKT-4160,May,East Zone,Mobile,Installation Delay,Medium,SLA Breached,16.21,51.27,3.0
    TKT-4161,Oct,North Zone,Mobile,Service Outage,High,In Progress,5.12,56.78,3.59
    TKT-4162,Nov,Central Zone,Broadband,Slow Internet,Low,SLA Breached,5.66,37.02,4.09
    TKT-4163,May,North Zone,TV,Dropped Calls,Medium,Resolved,18.19,52.86,3.12
    TKT-4164,Jun,North Zone,Mobile,No Signal,High,Resolved,18.4,28.69,3.42
    TKT-4165,May,Central Zone,Broadband,Slow Internet,Medium,Escalated,13.07,69.71,3.42
    TKT-4166,Sep,East Zone,Mobile,Service Outage,Low,Escalated,11.83,43.21,4.01
    TKT-4167,May,Central Zone,TV,Billing Error,Medium,In Progress,5.98,41.47,3.59
    TKT-4168,Jan,North Zone,Mobile,Service Outage,Medium,SLA Breached,13.58,55.08,2.52
    TKT-4169,Dec,North Zone,Mobile,Dropped Calls,Low,Escalated,17.6,59.27,3.28
    TKT-4170,Feb,Central Zone,Landline,Installation Delay,Low,Resolved,13.07,66.78,3.52
    TKT-4171,Oct,West Zone,Mobile,Billing Error,High,SLA Breached,7.52,58.12,3.65
    TKT-4172,May,South Zone,TV,Installation Delay,Low,In Progress,6.07,60.68,3.75
    TKT-4173,Aug,South Zone,Landline,Dropped Calls,Low,Escalated,18.87,75.79,2.24
    TKT-4174,Oct,Central Zone,Broadband,Dropped Calls,Medium,Escalated,15.55,37.12,4.06
    TKT-4175,Jul,North Zone,Broadband,Service Outage,Medium,In Progress,7.53,19.6,4.58
    TKT-4176,Dec,West Zone,Mobile,Billing Error,Low,In Progress,5.37,55.01,3.94
    TKT-4177,May,East Zone,Broadband,No Signal,Low,SLA Breached,17.28,69.21,3.26
    TKT-4178,Aug,South Zone,Landline,Billing Error,Low,Escalated,15.18,27.83,3.53
    TKT-4179,Jan,Central Zone,Mobile,Slow Internet,Low,Resolved,11.43,63.7,3.2
    TKT-4180,Apr,East Zone,Mobile,Service Outage,Low,In Progress,15.95,61.98,2.69
    TKT-4181,May,North Zone,TV,Billing Error,Low,In Progress,10.42,44.16,3.38
    TKT-4182,Sep,East Zone,Landline,Billing Error,Medium,In Progress,13.63,61.32,3.13
    TKT-4183,Nov,Central Zone,TV,Dropped Calls,High,Escalated,13.95,52.92,3.15
    TKT-4184,Mar,North Zone,Broadband,Billing Error,High,Escalated,18.22,30.18,3.46
    TKT-4185,May,Central Zone,Mobile,Dropped Calls,Low,Escalated,16.15,46.72,3.26
    TKT-4186,Dec,North Zone,TV,Installation Delay,Medium,Escalated,9.85,40.5,3.82
    TKT-4187,Jan,Central Zone,Mobile,Slow Internet,High,Escalated,8.22,45.45,3.74
    TKT-4188,Jul,South Zone,Mobile,No Signal,High,SLA Breached,11.82,62.93,3.46
    TKT-4189,May,South Zone,Broadband,Slow Internet,High,SLA Breached,6.51,50.43,3.58
    TKT-4190,Oct,East Zone,TV,Installation Delay,Low,In Progress,10.54,38.76,4.04
    TKT-4191,Dec,Central Zone,TV,No Signal,Medium,Resolved,13.53,54.62,2.79
    TKT-4192,Jan,West Zone,TV,Service Outage,High,Resolved,19.89,49.26,3.3
    TKT-4193,Apr,East Zone,Broadband,Installation Delay,High,In Progress,18.12,43.14,3.64
    TKT-4194,Apr,North Zone,TV,Installation Delay,Medium,SLA Breached,10.12,62.59,3.91
    TKT-4195,Dec,North Zone,Landline,Billing Error,Low,Resolved,9.77,45.96,4.25
    TKT-4196,Mar,East Zone,Mobile,Slow Internet,Medium,Escalated,17.9,48.55,3.31
    TKT-4197,May,East Zone,Mobile,Installation Delay,Medium,In Progress,12.66,54.23,3.76
    TKT-4198,Feb,West Zone,Mobile,No Signal,High,SLA Breached,10.68,30.68,3.56
    TKT-4199,Jul,Central Zone,Broadband,Dropped Calls,High,SLA Breached,13.63,42.82,3.2
    TKT-4200,Aug,East Zone,Mobile,Dropped Calls,High,SLA Breached,11.02,52.97,3.67
    TKT-4201,May,East Zone,TV,Installation Delay,Low,SLA Breached,15.91,42.17,3.05
    TKT-4202,Dec,North Zone,Mobile,Installation Delay,High,SLA Breached,13.52,23.83,4.1
    TKT-4203,Dec,West Zone,TV,Slow Internet,Medium,Escalated,6.7,23.35,4.13
    TKT-4204,Dec,East Zone,Landline,Service Outage,Medium,In Progress,9.26,32.45,4.15
    TKT-4205,Jun,East Zone,Landline,Slow Internet,Low,Escalated,11.06,53.96,3.22
    TKT-4206,Sep,East Zone,Landline,Service Outage,Low,Escalated,13.44,52.6,4.12
    TKT-4207,Jun,South Zone,Mobile,Dropped Calls,Medium,Escalated,18.64,54.17,3.03
    TKT-4208,Oct,North Zone,TV,No Signal,Low,In Progress,17.63,42.44,3.34
    TKT-4209,Jan,West Zone,Mobile,Installation Delay,Medium,Resolved,14.35,44.44,3.56
    TKT-4210,Nov,East Zone,TV,Service Outage,Low,Resolved,7.2,54.04,3.37
    TKT-4211,Apr,North Zone,Broadband,Slow Internet,High,Resolved,14.89,62.88,3.35
    TKT-4212,Sep,Central Zone,Landline,No Signal,High,Escalated,13.5,24.47,4.06
    TKT-4213,Jan,South Zone,Mobile,No Signal,Medium,Escalated,7.77,48.09,3.41
    TKT-4214,Sep,South Zone,Landline,Installation Delay,Medium,In Progress,6.52,39.89,3.8
    TKT-4215,Nov,West Zone,Landline,Slow Internet,Medium,SLA Breached,7.65,30.7,4.29
    TKT-4216,Jun,South Zone,Landline,No Signal,High,Escalated,17.43,27.58,3.69
    TKT-4217,Mar,North Zone,Broadband,Billing Error,Low,Escalated,12.81,53.37,3.3
    TKT-4218,Mar,Central Zone,TV,Service Outage,High,Escalated,19.36,50.94,3.0
    TKT-4219,Nov,West Zone,TV,Billing Error,Low,Resolved,6.12,34.82,3.39
    TKT-4220,May,North Zone,Mobile,Billing Error,Low,In Progress,11.86,53.88,3.52
    TKT-4221,Sep,South Zone,Landline,Dropped Calls,Medium,Resolved,9.82,50.85,3.51
    TKT-4222,Sep,North Zone,Landline,Billing Error,High,SLA Breached,16.31,50.01,3.13
    TKT-4223,Nov,East Zone,Broadband,Service Outage,Medium,In Progress,8.21,51.62,3.46
    TKT-4224,Jul,East Zone,Landline,Installation Delay,High,Escalated,18.55,75.77,2.55
    TKT-4225,Jul,Central Zone,Mobile,Service Outage,Low,In Progress,6.93,24.67,4.37
    TKT-4226,Jul,West Zone,Landline,Billing Error,High,In Progress,7.4,53.32,3.8
    TKT-4227,Jul,North Zone,Mobile,Slow Internet,Medium,Resolved,10.9,25.26,3.73
    TKT-4228,Aug,Central Zone,Broadband,Slow Internet,Low,In Progress,11.36,54.66,3.36
    TKT-4229,Apr,East Zone,TV,Dropped Calls,High,Resolved,6.77,25.95,4.05
    TKT-4230,Dec,East Zone,Landline,Billing Error,High,Escalated,6.64,36.58,4.61
    TKT-4231,Jun,North Zone,TV,Service Outage,High,SLA Breached,16.06,64.69,3.32
    TKT-4232,Nov,North Zone,Mobile,Billing Error,High,Resolved,9.9,26.23,3.57
    TKT-4233,Jun,Central Zone,Broadband,Service Outage,Medium,SLA Breached,5.23,46.07,4.11
    TKT-4234,Dec,West Zone,Mobile,Dropped Calls,Low,Resolved,10.39,40.43,3.89
    TKT-4235,Jan,East Zone,Mobile,Installation Delay,Low,SLA Breached,10.98,69.12,3.02
    TKT-4236,Nov,South Zone,Mobile,Installation Delay,High,Resolved,16.95,43.98,3.27
    TKT-4237,Aug,Central Zone,Broadband,Billing Error,High,In Progress,15.4,61.41,3.45
    TKT-4238,Jun,South Zone,Landline,Installation Delay,Low,SLA Breached,10.91,69.22,3.31
    TKT-4239,Nov,East Zone,TV,Service Outage,Medium,Escalated,13.23,67.22,3.28
    TKT-4240,Dec,North Zone,Broadband,Service Outage,Low,In Progress,9.85,59.38,2.8
    TKT-4241,Feb,South Zone,Broadband,Slow Internet,Medium,Escalated,18.79,50.65,3.26
    TKT-4242,May,Central Zone,Mobile,Service Outage,Medium,Escalated,11.01,66.57,3.16
    TKT-4243,Dec,Central Zone,Mobile,Slow Internet,Medium,In Progress,13.67,66.03,3.44
    TKT-4244,Mar,East Zone,TV,Service Outage,Low,In Progress,11.96,47.21,3.63
    TKT-4245,Sep,East Zone,Landline,No Signal,High,Resolved,12.66,47.67,3.95
    TKT-4246,May,Central Zone,Broadband,Service Outage,Medium,In Progress,8.25,39.47,3.61
    TKT-4247,Jun,North Zone,Broadband,Installation Delay,Low,In Progress,10.8,26.91,4.35
    TKT-4248,Sep,East Zone,TV,Slow Internet,Low,Escalated,16.08,33.81,3.4
    TKT-4249,May,East Zone,Landline,Slow Internet,Medium,In Progress,17.42,49.52,3.28
    TKT-4250,Jan,West Zone,Landline,No Signal,Low,Resolved,11.02,33.89,3.7
    TKT-4251,Nov,North Zone,Mobile,Dropped Calls,High,Resolved,13.82,58.83,3.43
    TKT-4252,Nov,West Zone,Mobile,Slow Internet,Low,Escalated,18.43,75.93,2.45
    TKT-4253,Feb,North Zone,Mobile,Installation Delay,Low,In Progress,6.54,49.61,3.81
    TKT-4254,Jul,North Zone,Broadband,No Signal,Medium,Escalated,10.43,61.31,3.48
    TKT-4255,May,North Zone,TV,Service Outage,Medium,SLA Breached,8.08,51.72,3.85
    TKT-4256,Jun,South Zone,TV,No Signal,Low,In Progress,14.82,72.64,2.79
    TKT-4257,Sep,Central Zone,TV,Installation Delay,High,Escalated,11.19,62.54,3.16
    TKT-4258,Nov,North Zone,TV,Slow Internet,Low,In Progress,19.6,30.95,3.17
    TKT-4259,Feb,South Zone,Landline,No Signal,Medium,In Progress,13.42,26.61,4.0
    TKT-4260,Mar,West Zone,Landline,No Signal,Medium,Escalated,14.5,73.32,3.0
    TKT-4261,Mar,North Zone,Landline,Installation Delay,Medium,In Progress,16.69,73.16,3.0
    TKT-4262,Sep,Central Zone,Mobile,Slow Internet,Low,SLA Breached,18.86,66.84,3.07
    TKT-4263,May,West Zone,Landline,Billing Error,High,SLA Breached,12.43,69.32,3.18
    TKT-4264,Apr,North Zone,Broadband,Installation Delay,Low,Resolved,5.72,59.33,3.39
    TKT-4265,Apr,East Zone,Landline,Dropped Calls,Medium,Resolved,12.14,46.15,3.73
    TKT-4266,Jun,West Zone,TV,Service Outage,Medium,In Progress,5.66,25.12,3.59
    TKT-4267,Jun,North Zone,Broadband,No Signal,Medium,Escalated,7.2,26.98,4.44
    TKT-4268,Jan,South Zone,Mobile,Dropped Calls,High,SLA Breached,11.94,26.37,4.03
    TKT-4269,Aug,East Zone,Landline,Dropped Calls,High,Resolved,18.35,75.96,3.03
    TKT-4270,May,North Zone,TV,Dropped Calls,High,In Progress,5.72,57.24,3.6
    TKT-4271,Oct,North Zone,Landline,Installation Delay,Medium,Resolved,16.26,73.13,2.43
    TKT-4272,Feb,Central Zone,Broadband,Service Outage,Medium,In Progress,8.82,42.53,3.35
    TKT-4273,Feb,Central Zone,Mobile,No Signal,High,In Progress,7.32,45.99,3.78
    TKT-4274,Feb,East Zone,Landline,Dropped Calls,Low,Resolved,10.67,37.98,3.74
    TKT-4275,Aug,East Zone,Landline,Service Outage,Low,Resolved,17.78,39.86,3.76
    TKT-4276,Jul,North Zone,Broadband,Billing Error,Medium,In Progress,16.33,43.97,3.6
    TKT-4277,Jan,Central Zone,Mobile,No Signal,High,Resolved,12.82,58.72,3.31
    TKT-4278,Oct,North Zone,Landline,Dropped Calls,Low,Escalated,11.78,24.77,3.9
    TKT-4279,Dec,West Zone,Broadband,No Signal,Medium,In Progress,11.08,49.56,3.79
    TKT-4280,Sep,South Zone,Landline,Billing Error,Medium,SLA Breached,14.26,25.39,3.86
    TKT-4281,Jan,East Zone,Broadband,No Signal,Low,SLA Breached,13.2,54.74,3.35
    TKT-4282,Oct,East Zone,TV,Slow Internet,Medium,SLA Breached,6.92,41.64,4.42
    TKT-4283,Feb,North Zone,TV,Dropped Calls,High,In Progress,12.95,47.46,3.56
    TKT-4284,Jul,North Zone,Broadband,Installation Delay,Medium,SLA Breached,12.9,65.16,3.33
    TKT-4285,Nov,East Zone,TV,Billing Error,Low,Resolved,8.46,21.59,3.74
    TKT-4286,Sep,East Zone,Landline,Dropped Calls,Medium,Escalated,19.32,36.24,3.79
    TKT-4287,Dec,South Zone,Broadband,Installation Delay,Medium,In Progress,19.93,51.32,3.5
    TKT-4288,Jul,East Zone,Mobile,No Signal,Medium,SLA Breached,6.59,61.79,3.43
    TKT-4289,Dec,East Zone,Broadband,Service Outage,Low,SLA Breached,11.87,34.0,3.47
    TKT-4290,Feb,North Zone,TV,Slow Internet,High,Resolved,13.41,31.86,4.1
    TKT-4291,Dec,West Zone,Landline,Billing Error,High,SLA Breached,10.64,57.14,3.48
    TKT-4292,Jun,East Zone,Broadband,Slow Internet,Low,In Progress,17.75,28.3,4.04
    TKT-4293,Sep,West Zone,Mobile,Dropped Calls,Low,In Progress,10.37,70.31,3.73
    TKT-4294,Sep,South Zone,Landline,Installation Delay,Medium,Escalated,14.28,26.07,4.04
    TKT-4295,Jun,North Zone,Broadband,Service Outage,Medium,In Progress,12.01,68.37,3.17
    TKT-4296,Jun,South Zone,Landline,Slow Internet,High,Escalated,18.74,68.24,2.88
    TKT-4297,Aug,Central Zone,Broadband,Slow Internet,Medium,SLA Breached,11.23,53.83,3.4
    TKT-4298,Sep,South Zone,TV,Installation Delay,Low,In Progress,13.35,46.12,3.42
    TKT-4299,Apr,Central Zone,Landline,No Signal,Medium,Escalated,9.75,38.53,3.38
    TKT-4300,Aug,South Zone,Mobile,Dropped Calls,High,In Progress,12.99,53.45,4.46
    TKT-4301,Oct,South Zone,Landline,Billing Error,Medium,SLA Breached,17.32,37.93,3.76
    TKT-4302,Sep,East Zone,Mobile,Billing Error,Medium,SLA Breached,18.4,56.36,2.97
    TKT-4303,Dec,Central Zone,Landline,Dropped Calls,Low,In Progress,11.31,64.69,4.07
    TKT-4304,Apr,Central Zone,Landline,Slow Internet,Medium,SLA Breached,11.44,27.8,3.33
    TKT-4305,Jan,West Zone,Mobile,Dropped Calls,High,Escalated,6.39,30.61,3.88
    TKT-4306,May,North Zone,TV,Installation Delay,High,Escalated,13.85,55.48,2.98
    TKT-4307,Oct,North Zone,Mobile,Service Outage,Low,In Progress,5.33,33.8,4.38
    TKT-4308,Jan,West Zone,Mobile,Dropped Calls,High,Resolved,11.55,61.23,3.75
    TKT-4309,Aug,North Zone,Landline,Billing Error,High,Escalated,17.07,66.63,2.86
    TKT-4310,Mar,North Zone,Mobile,No Signal,Low,In Progress,15.51,67.33,3.0
    TKT-4311,Sep,East Zone,Broadband,Dropped Calls,Low,SLA Breached,16.77,36.68,3.62
    TKT-4312,Oct,Central Zone,Broadband,No Signal,High,SLA Breached,16.45,26.97,3.63
    TKT-4313,Sep,West Zone,TV,Billing Error,Low,In Progress,11.09,24.87,3.52
    TKT-4314,Nov,South Zone,Mobile,Installation Delay,High,SLA Breached,5.97,34.28,3.78
    TKT-4315,Feb,South Zone,TV,No Signal,High,In Progress,7.44,24.91,3.68
    TKT-4316,Aug,South Zone,Mobile,Slow Internet,Low,SLA Breached,10.77,66.68,3.35
    TKT-4317,Mar,Central Zone,TV,Billing Error,Medium,Resolved,12.1,61.67,3.37
    TKT-4318,Jun,West Zone,Broadband,No Signal,Low,In Progress,11.99,45.14,3.5
    TKT-4319,Jul,Central Zone,Broadband,Billing Error,Medium,SLA Breached,15.15,25.98,3.92
    TKT-4320,Mar,West Zone,Broadband,Billing Error,Medium,SLA Breached,17.75,73.79,2.41
    TKT-4321,Apr,South Zone,Broadband,Dropped Calls,Low,In Progress,9.55,32.0,3.75
    TKT-4322,Dec,East Zone,TV,Billing Error,Medium,Resolved,8.12,47.18,3.64
    TKT-4323,Sep,East Zone,TV,Dropped Calls,High,Resolved,12.48,54.48,3.56
    TKT-4324,Jul,West Zone,Broadband,Dropped Calls,Low,Escalated,9.65,38.46,4.0
    TKT-4325,Jul,South Zone,TV,Dropped Calls,Low,Resolved,9.04,44.1,3.88
    TKT-4326,Apr,South Zone,Landline,Dropped Calls,Medium,Escalated,18.16,44.63,3.76
    TKT-4327,Dec,South Zone,Mobile,Slow Internet,High,Escalated,6.38,63.52,3.56
    TKT-4328,Jun,South Zone,Mobile,No Signal,Low,In Progress,16.74,34.64,3.59
    TKT-4329,Nov,South Zone,Landline,Installation Delay,High,In Progress,8.01,47.64,4.57
    TKT-4330,Nov,West Zone,TV,No Signal,Medium,Resolved,15.9,28.85,3.56
    TKT-4331,Oct,North Zone,Broadband,No Signal,Low,In Progress,10.29,38.61,3.66
    TKT-4332,Sep,East Zone,Landline,Billing Error,High,Resolved,15.04,65.61,2.71
    TKT-4333,Dec,South Zone,Landline,Dropped Calls,High,Resolved,13.2,72.67,2.79
    TKT-4334,Mar,East Zone,TV,Installation Delay,Low,Resolved,16.86,45.19,3.41
    TKT-4335,Aug,Central Zone,Mobile,Slow Internet,High,SLA Breached,17.4,64.14,2.76
    TKT-4336,Aug,Central Zone,TV,Installation Delay,Low,Escalated,17.66,29.89,3.39
    TKT-4337,Jan,East Zone,Mobile,Service Outage,Medium,In Progress,15.71,72.28,3.63
    TKT-4338,Jan,South Zone,Mobile,Billing Error,Medium,Escalated,11.66,56.67,2.83
    TKT-4339,Dec,West Zone,Landline,Service Outage,High,Escalated,16.13,65.99,2.58
    TKT-4340,Jul,North Zone,Broadband,Billing Error,Medium,SLA Breached,13.76,64.41,2.91
    TKT-4341,Jun,South Zone,Mobile,Service Outage,Medium,In Progress,6.12,20.54,4.93
    TKT-4342,Oct,East Zone,Mobile,Billing Error,High,In Progress,8.05,52.95,3.31
    TKT-4343,Jun,East Zone,Broadband,No Signal,Low,Escalated,12.92,64.48,3.36
    TKT-4344,Sep,North Zone,Mobile,Dropped Calls,Low,Escalated,9.66,48.44,4.2
    TKT-4345,Mar,South Zone,Landline,No Signal,Low,Resolved,19.78,55.66,3.65
    TKT-4346,Jan,East Zone,TV,Dropped Calls,High,SLA Breached,9.71,68.41,3.7
    TKT-4347,Feb,West Zone,TV,Slow Internet,Low,SLA Breached,10.03,39.44,3.82
    TKT-4348,Apr,North Zone,Landline,Service Outage,Medium,In Progress,10.56,60.89,3.83
    TKT-4349,Feb,South Zone,TV,Dropped Calls,Medium,SLA Breached,19.09,78.0,2.41
    TKT-4350,Nov,Central Zone,Landline,Dropped Calls,High,Resolved,5.89,47.25,4.14
    TKT-4351,Aug,South Zone,Mobile,No Signal,High,In Progress,16.77,53.4,3.32
    TKT-4352,Nov,North Zone,Landline,Service Outage,High,In Progress,14.93,29.68,3.75
    TKT-4353,Jun,South Zone,Landline,Installation Delay,Low,SLA Breached,19.8,72.4,3.04
    TKT-4354,Mar,East Zone,Broadband,Installation Delay,Medium,Escalated,8.0,58.77,4.04
    TKT-4355,Feb,South Zone,Landline,Billing Error,Low,Resolved,6.23,21.7,4.36
    TKT-4356,Dec,West Zone,Landline,Slow Internet,Medium,Resolved,8.67,19.7,4.34
    TKT-4357,Nov,East Zone,Mobile,No Signal,Medium,Escalated,5.06,53.86,3.9
    TKT-4358,Jan,East Zone,Mobile,Installation Delay,Medium,In Progress,9.85,42.91,3.61
    TKT-4359,Jul,Central Zone,Broadband,No Signal,Medium,Resolved,18.24,42.14,3.22
    TKT-4360,Nov,North Zone,Broadband,Billing Error,High,Escalated,8.6,27.19,4.32
    TKT-4361,Jun,North Zone,Mobile,No Signal,High,Resolved,7.67,58.62,3.89
    TKT-4362,Apr,North Zone,Mobile,No Signal,Medium,Resolved,16.78,74.31,2.92
    TKT-4363,Jan,Central Zone,TV,Slow Internet,Low,Escalated,10.9,39.52,4.13
    TKT-4364,May,North Zone,TV,Service Outage,High,Resolved,12.71,27.27,3.78
    TKT-4365,Sep,South Zone,TV,Billing Error,Low,Escalated,17.51,55.08,2.94
    TKT-4366,May,East Zone,Landline,Installation Delay,Low,Resolved,14.92,49.55,3.55
    TKT-4367,Jan,South Zone,Broadband,Service Outage,Medium,Escalated,8.66,67.5,3.22
    TKT-4368,Nov,Central Zone,TV,Billing Error,Medium,Escalated,8.86,43.14,4.02
    TKT-4369,Feb,West Zone,Landline,Billing Error,Medium,In Progress,18.72,42.54,3.65
    TKT-4370,Dec,East Zone,Landline,Slow Internet,Medium,SLA Breached,5.0,59.43,3.7
    TKT-4371,Apr,South Zone,Mobile,Installation Delay,Low,In Progress,14.11,50.97,3.59
    TKT-4372,Sep,West Zone,Broadband,No Signal,Low,Resolved,19.33,29.8,3.73
    TKT-4373,Aug,Central Zone,Broadband,Dropped Calls,Low,SLA Breached,9.68,34.36,4.14
    TKT-4374,Jul,North Zone,TV,Billing Error,Low,SLA Breached,6.43,43.62,4.3
    TKT-4375,Dec,South Zone,Broadband,Billing Error,Medium,Resolved,10.9,53.41,3.71
    TKT-4376,May,East Zone,Broadband,Dropped Calls,Medium,In Progress,16.68,62.53,2.69
    TKT-4377,Feb,East Zone,Mobile,Slow Internet,Low,SLA Breached,8.89,41.98,3.81
    TKT-4378,Apr,West Zone,Mobile,Slow Internet,Medium,Resolved,20.0,57.51,3.32
    TKT-4379,Jun,West Zone,Broadband,No Signal,Medium,Escalated,7.74,38.32,4.62
    TKT-4380,Feb,West Zone,Broadband,Dropped Calls,Low,In Progress,7.43,59.91,3.47
    TKT-4381,Jan,South Zone,Broadband,Dropped Calls,Medium,Escalated,14.24,42.79,2.65
    TKT-4382,Jan,Central Zone,Mobile,Service Outage,High,Resolved,15.21,27.67,3.85
    TKT-4383,May,West Zone,Mobile,No Signal,Low,In Progress,11.52,47.49,3.5
    TKT-4384,Feb,North Zone,Landline,Billing Error,High,Resolved,10.02,29.78,4.46
    TKT-4385,Mar,North Zone,TV,Slow Internet,High,SLA Breached,18.12,63.34,3.15
    TKT-4386,Jan,West Zone,Mobile,Installation Delay,Medium,SLA Breached,15.42,67.26,3.06
    TKT-4387,Apr,West Zone,Mobile,Slow Internet,Low,In Progress,6.3,23.47,4.22
    TKT-4388,Mar,South Zone,Mobile,Service Outage,High,Escalated,15.82,63.98,3.02
    TKT-4389,Sep,North Zone,Broadband,Installation Delay,Medium,SLA Breached,18.56,38.34,3.2
    TKT-4390,Apr,Central Zone,Landline,Service Outage,Low,In Progress,5.77,57.92,3.54
    TKT-4391,Aug,Central Zone,Mobile,Service Outage,Low,Resolved,10.28,36.41,2.86
    TKT-4392,Sep,Central Zone,Landline,Installation Delay,Medium,Escalated,10.0,51.33,3.71
    TKT-4393,Jan,Central Zone,Broadband,Billing Error,Medium,In Progress,5.67,33.47,3.94
    TKT-4394,Nov,East Zone,Mobile,Billing Error,Low,SLA Breached,16.7,71.82,2.9
    TKT-4395,Mar,North Zone,Mobile,Billing Error,Low,In Progress,6.75,40.01,3.71
    TKT-4396,Dec,West Zone,Broadband,Installation Delay,High,Escalated,19.54,62.55,2.67
    TKT-4397,Jul,East Zone,TV,Dropped Calls,High,Resolved,12.91,50.59,3.67
    TKT-4398,Jul,South Zone,Broadband,No Signal,Low,SLA Breached,19.89,45.01,3.58
    TKT-4399,May,South Zone,Mobile,No Signal,High,SLA Breached,19.42,51.06,2.99
    TKT-4400,Apr,West Zone,TV,No Signal,High,Resolved,13.92,42.67,3.56
    TKT-4401,Mar,West Zone,TV,Slow Internet,Low,Escalated,13.2,32.67,3.66
    TKT-4402,Mar,Central Zone,Broadband,Service Outage,Medium,Escalated,7.03,44.41,3.9
    TKT-4403,Oct,West Zone,TV,No Signal,High,Resolved,14.56,61.41,3.2
    TKT-4404,Nov,North Zone,Mobile,Installation Delay,Medium,In Progress,9.81,34.47,4.27
    TKT-4405,Sep,North Zone,Mobile,Slow Internet,Low,In Progress,17.04,50.9,3.25
    TKT-4406,Oct,North Zone,Mobile,Service Outage,Medium,In Progress,13.48,65.23,2.98
    TKT-4407,Aug,West Zone,TV,Slow Internet,High,In Progress,12.4,27.13,3.71
    TKT-4408,Feb,South Zone,Broadband,Billing Error,Low,Resolved,19.79,48.01,3.5
    TKT-4409,Nov,South Zone,TV,Service Outage,Medium,SLA Breached,11.58,64.81,3.33
    TKT-4410,Jun,South Zone,Mobile,Service Outage,High,SLA Breached,16.65,46.49,3.4
    TKT-4411,Jan,North Zone,Landline,No Signal,Medium,Escalated,14.48,68.43,2.97
    TKT-4412,Jan,South Zone,Landline,No Signal,Low,Escalated,6.61,49.54,4.07
    TKT-4413,Nov,North Zone,Landline,No Signal,Low,In Progress,10.93,24.24,4.07
    TKT-4414,Dec,East Zone,TV,Billing Error,Medium,Resolved,9.16,60.76,3.34
    TKT-4415,Feb,Central Zone,Broadband,Dropped Calls,Medium,In Progress,15.98,40.34,3.76
    TKT-4416,Sep,South Zone,TV,No Signal,High,In Progress,17.17,74.05,2.98
    TKT-4417,Oct,North Zone,Mobile,Slow Internet,High,In Progress,10.14,55.51,3.71
    TKT-4418,Jul,South Zone,Broadband,Billing Error,Low,SLA Breached,6.57,46.42,3.73
    TKT-4419,Nov,Central Zone,TV,Billing Error,High,In Progress,9.0,62.56,3.9
    TKT-4420,Apr,Central Zone,TV,Slow Internet,Medium,Escalated,17.65,40.72,3.15
    TKT-4421,Jan,South Zone,Landline,Installation Delay,High,Resolved,5.43,49.28,3.69
    TKT-4422,Mar,South Zone,Landline,Billing Error,High,Resolved,14.61,40.98,3.44
    TKT-4423,Sep,North Zone,Landline,Billing Error,High,Resolved,15.27,32.36,4.11
    TKT-4424,Feb,West Zone,Mobile,Slow Internet,High,SLA Breached,11.37,35.59,4.17
    TKT-4425,Jul,South Zone,Landline,Installation Delay,High,SLA Breached,14.44,24.78,3.48
    TKT-4426,Dec,West Zone,TV,Dropped Calls,Low,Resolved,12.93,55.61,3.15
    TKT-4427,Aug,North Zone,TV,Billing Error,Low,Resolved,17.92,36.45,3.68
    TKT-4428,Oct,Central Zone,Landline,Installation Delay,Medium,Resolved,9.21,29.71,4.1
    TKT-4429,Dec,West Zone,Landline,Billing Error,High,Escalated,9.38,40.75,4.21
    TKT-4430,Jun,West Zone,Mobile,Billing Error,Low,SLA Breached,17.03,69.4,3.45
    TKT-4431,Dec,South Zone,TV,Dropped Calls,Low,Resolved,9.08,45.37,3.57
    TKT-4432,Mar,North Zone,TV,Installation Delay,Medium,SLA Breached,19.51,66.92,2.69
    TKT-4433,Feb,East Zone,TV,Slow Internet,High,Resolved,13.12,56.09,3.44
    TKT-4434,May,West Zone,Mobile,Slow Internet,Low,SLA Breached,8.64,57.17,3.33
    TKT-4435,Aug,South Zone,Mobile,Billing Error,Low,SLA Breached,15.16,35.91,3.59
    TKT-4436,Sep,East Zone,Mobile,Billing Error,High,Escalated,6.49,58.55,3.85
    TKT-4437,Dec,West Zone,Mobile,Installation Delay,Low,In Progress,5.56,60.47,3.74
    TKT-4438,Feb,North Zone,Landline,Service Outage,Medium,SLA Breached,16.8,42.19,3.3
    TKT-4439,Jan,North Zone,Broadband,No Signal,Low,In Progress,5.8,19.98,4.66
    TKT-4440,Mar,West Zone,TV,Service Outage,High,Escalated,15.53,73.28,2.82
    TKT-4441,Jul,North Zone,Landline,Installation Delay,Medium,Resolved,16.93,38.76,3.51
    TKT-4442,Nov,South Zone,Broadband,Service Outage,Low,In Progress,8.96,36.43,4.21
    TKT-4443,Dec,West Zone,Landline,Service Outage,Low,In Progress,12.59,63.97,3.7
    TKT-4444,Feb,East Zone,Landline,Dropped Calls,Medium,Escalated,10.84,25.76,3.79
    TKT-4445,Apr,North Zone,Broadband,No Signal,Medium,Escalated,17.11,66.36,3.12
    TKT-4446,Jun,North Zone,Landline,Installation Delay,Medium,SLA Breached,15.64,73.2,3.29
    TKT-4447,Feb,East Zone,Mobile,Installation Delay,Medium,Resolved,5.17,58.49,3.66
    TKT-4448,Nov,East Zone,Landline,Slow Internet,Medium,SLA Breached,9.54,60.8,3.5
    TKT-4449,Apr,West Zone,Landline,Service Outage,Medium,In Progress,11.71,58.69,3.84
    TKT-4450,Mar,East Zone,Broadband,Slow Internet,High,Resolved,17.27,29.72,3.19
    TKT-4451,Feb,East Zone,Mobile,Slow Internet,High,In Progress,18.14,53.07,3.01
    TKT-4452,Jan,South Zone,Mobile,Service Outage,High,SLA Breached,7.52,42.19,4.1
    TKT-4453,Mar,South Zone,Broadband,No Signal,Low,Resolved,8.23,18.7,4.34
    TKT-4454,Nov,Central Zone,Mobile,No Signal,Low,SLA Breached,15.65,59.43,3.79
    TKT-4455,Jan,East Zone,Mobile,No Signal,Medium,In Progress,18.36,51.8,3.56
    TKT-4456,Jul,South Zone,Landline,Service Outage,High,SLA Breached,15.99,48.09,3.71
    TKT-4457,Jan,Central Zone,Mobile,Slow Internet,High,SLA Breached,11.32,23.11,4.26
    TKT-4458,Mar,South Zone,Broadband,No Signal,Medium,In Progress,9.33,30.62,4.06
    TKT-4459,Apr,West Zone,Broadband,Service Outage,High,In Progress,8.7,40.69,3.86
    TKT-4460,Sep,East Zone,Landline,Dropped Calls,Medium,Escalated,13.88,30.99,3.67
    TKT-4461,Jun,South Zone,Landline,Dropped Calls,Medium,Resolved,9.0,30.53,3.98
    TKT-4462,Jun,Central Zone,Broadband,Dropped Calls,High,SLA Breached,9.08,38.43,3.2
    TKT-4463,Sep,South Zone,Mobile,Billing Error,Low,In Progress,10.43,22.75,4.27
    TKT-4464,Dec,South Zone,Landline,Dropped Calls,Medium,SLA Breached,17.77,56.56,3.62
    TKT-4465,Jan,Central Zone,Mobile,Service Outage,Low,SLA Breached,6.68,47.86,3.55
    TKT-4466,Mar,East Zone,Mobile,Installation Delay,Medium,Resolved,8.26,33.85,3.6
    TKT-4467,Nov,West Zone,Broadband,Installation Delay,High,SLA Breached,19.29,74.15,2.78
    TKT-4468,Feb,North Zone,Landline,No Signal,Low,Escalated,7.95,48.69,3.94
    TKT-4469,Jul,East Zone,Landline,Billing Error,Low,Escalated,17.97,36.91,3.41
    TKT-4470,Oct,North Zone,TV,No Signal,Medium,Resolved,9.39,42.44,4.04
    TKT-4471,Jun,West Zone,Broadband,No Signal,Low,SLA Breached,17.03,72.6,3.08
    TKT-4472,Apr,West Zone,Landline,No Signal,Medium,In Progress,17.83,53.13,3.41
    TKT-4473,Dec,South Zone,Broadband,No Signal,High,In Progress,12.86,57.21,3.2
    TKT-4474,Jul,South Zone,Mobile,Slow Internet,Medium,Resolved,8.79,44.76,3.52
    TKT-4475,Feb,North Zone,TV,Service Outage,Low,Escalated,12.53,61.52,3.29
    TKT-4476,Aug,East Zone,TV,Installation Delay,High,SLA Breached,17.59,59.35,3.53
    TKT-4477,Jun,East Zone,Mobile,Dropped Calls,Medium,Resolved,13.46,67.94,3.1
    TKT-4478,Oct,North Zone,Landline,Installation Delay,Medium,SLA Breached,19.26,51.28,3.36
    TKT-4479,Jan,North Zone,Landline,Service Outage,Low,Resolved,5.1,53.02,4.1
    TKT-4480,Aug,North Zone,Landline,Billing Error,High,In Progress,16.89,61.79,3.07
    TKT-4481,Oct,Central Zone,Landline,Dropped Calls,High,SLA Breached,9.81,45.42,3.94
    TKT-4482,Jan,East Zone,Mobile,Billing Error,Medium,In Progress,9.9,65.78,2.97
    TKT-4483,Jun,South Zone,Mobile,Billing Error,Medium,In Progress,13.04,72.1,3.5
    TKT-4484,May,South Zone,TV,Service Outage,Medium,SLA Breached,10.15,26.03,4.04
    TKT-4485,Jun,North Zone,Landline,No Signal,Medium,Escalated,18.07,47.55,3.12
    TKT-4486,Apr,East Zone,TV,No Signal,Medium,SLA Breached,7.91,36.59,3.99
    TKT-4487,Apr,South Zone,Landline,Installation Delay,Low,SLA Breached,7.12,51.13,3.97
    TKT-4488,Nov,South Zone,Mobile,Billing Error,High,Resolved,11.21,32.61,4.12
    TKT-4489,May,West Zone,Mobile,Dropped Calls,Low,Resolved,8.75,62.08,3.19
    TKT-4490,May,South Zone,Landline,Service Outage,Medium,Resolved,13.22,52.71,3.71
    TKT-4491,Jan,North Zone,Landline,No Signal,Low,Escalated,17.78,65.58,3.16
    TKT-4492,Feb,North Zone,Mobile,Billing Error,Medium,Resolved,5.28,54.03,4.17
    TKT-4493,Jan,East Zone,TV,Service Outage,Low,Resolved,6.4,22.12,4.04
    TKT-4494,Dec,East Zone,Broadband,Slow Internet,Medium,Resolved,19.33,42.09,3.5
    TKT-4495,Nov,Central Zone,Mobile,Service Outage,Low,Escalated,12.5,63.51,3.14
    TKT-4496,Nov,North Zone,Mobile,Dropped Calls,Low,Resolved,6.53,18.32,4.53
    TKT-4497,Jul,East Zone,Landline,Installation Delay,High,In Progress,17.21,27.73,3.46
    TKT-4498,Dec,West Zone,Landline,Slow Internet,Low,Escalated,18.76,76.16,3.09
    TKT-4499,Jan,Central Zone,Landline,Slow Internet,High,In Progress,7.31,47.82,3.58
    TKT-4500,Mar,Central Zone,TV,Installation Delay,Low,Resolved,13.21,60.15,3.13
    TKT-4501,Oct,West Zone,Broadband,Slow Internet,High,Resolved,9.21,52.11,3.62
    TKT-4502,Mar,North Zone,Landline,No Signal,High,Resolved,7.35,53.25,4.13
    TKT-4503,Sep,Central Zone,TV,Slow Internet,High,Resolved,17.88,71.53,3.2
    TKT-4504,Sep,East Zone,TV,Billing Error,Low,In Progress,10.48,46.78,3.72
    TKT-4505,Nov,Central Zone,Mobile,Service Outage,High,In Progress,10.5,45.17,3.47
    TKT-4506,Nov,South Zone,Mobile,Slow Internet,High,In Progress,5.08,59.61,3.22
    TKT-4507,Sep,East Zone,Broadband,Billing Error,Medium,SLA Breached,16.78,66.34,3.18
    TKT-4508,Dec,Central Zone,TV,Dropped Calls,Low,Resolved,19.54,69.19,2.93
    TKT-4509,Jun,Central Zone,Landline,Billing Error,Medium,SLA Breached,12.23,66.3,3.55
    TKT-4510,Nov,East Zone,Broadband,Installation Delay,Low,Resolved,17.82,35.42,3.18
    TKT-4511,Sep,North Zone,Mobile,Billing Error,High,SLA Breached,19.74,30.26,3.43
    TKT-4512,Jan,West Zone,Mobile,Installation Delay,Medium,In Progress,12.11,22.16,4.08
    TKT-4513,Mar,East Zone,Broadband,Dropped Calls,High,SLA Breached,13.12,47.3,3.82
    TKT-4514,May,North Zone,Mobile,Service Outage,Medium,Escalated,9.65,58.13,3.56
    TKT-4515,May,South Zone,Broadband,Dropped Calls,Medium,SLA Breached,19.53,38.53,3.74
    TKT-4516,Apr,South Zone,Mobile,Billing Error,Medium,SLA Breached,5.96,32.2,4.01
    TKT-4517,Dec,East Zone,Mobile,No Signal,Medium,Resolved,7.52,51.76,3.5
    TKT-4518,Dec,Central Zone,Landline,Billing Error,Medium,In Progress,8.95,50.96,3.69
    TKT-4519,Nov,North Zone,Landline,Service Outage,Medium,Escalated,14.09,34.62,3.66
    TKT-4520,Apr,East Zone,Mobile,Billing Error,Medium,In Progress,12.2,43.58,3.61
    TKT-4521,Nov,North Zone,Broadband,Service Outage,High,SLA Breached,6.18,43.52,4.15
    TKT-4522,Oct,North Zone,Broadband,Billing Error,High,SLA Breached,11.71,70.54,3.15
    TKT-4523,Jun,South Zone,Landline,Billing Error,Low,Resolved,10.38,70.3,3.11
    TKT-4524,Jun,North Zone,TV,No Signal,Low,Resolved,13.38,50.49,3.97
    TKT-4525,Jun,West Zone,TV,Dropped Calls,Low,Escalated,19.49,42.25,3.26
    TKT-4526,Jan,Central Zone,Broadband,Slow Internet,Medium,SLA Breached,10.02,31.44,4.14
    TKT-4527,Dec,Central Zone,Landline,Billing Error,High,Escalated,6.52,21.61,3.7
    TKT-4528,Sep,West Zone,Broadband,Service Outage,Low,In Progress,19.71,71.68,2.63
    TKT-4529,Jul,West Zone,TV,No Signal,Medium,Escalated,17.23,60.71,3.81
    TKT-4530,Jul,East Zone,Landline,Service Outage,High,SLA Breached,11.43,49.33,3.51
    TKT-4531,Oct,South Zone,TV,Slow Internet,Low,Resolved,13.08,36.79,3.34
    TKT-4532,Aug,North Zone,Landline,Billing Error,Medium,Escalated,5.74,19.89,4.67
    TKT-4533,Jul,South Zone,Broadband,Service Outage,Medium,SLA Breached,5.74,46.57,4.24
    TKT-4534,Dec,East Zone,TV,No Signal,Low,In Progress,5.01,20.48,4.08
    TKT-4535,Nov,East Zone,Mobile,No Signal,Medium,SLA Breached,5.79,53.24,3.7
    TKT-4536,Jan,East Zone,Mobile,Dropped Calls,High,Escalated,9.66,45.59,3.78
    TKT-4537,Mar,South Zone,Broadband,Billing Error,High,SLA Breached,15.14,45.73,3.54
    TKT-4538,Jul,North Zone,Mobile,Service Outage,High,SLA Breached,17.75,37.17,3.23
    TKT-4539,Mar,East Zone,Broadband,Dropped Calls,Low,In Progress,5.57,45.0,4.03
    TKT-4540,Jan,West Zone,TV,Billing Error,High,SLA Breached,12.11,65.1,3.73
    TKT-4541,Jun,East Zone,TV,Service Outage,High,Resolved,9.31,43.69,3.55
    TKT-4542,May,East Zone,Landline,Dropped Calls,Low,Resolved,7.85,56.5,3.73
    TKT-4543,Oct,East Zone,Broadband,Installation Delay,High,Resolved,17.29,48.12,3.2
    TKT-4544,Jun,North Zone,Landline,Billing Error,High,In Progress,8.45,58.37,3.53
    TKT-4545,Feb,West Zone,TV,Billing Error,High,In Progress,14.69,50.97,3.48
    TKT-4546,Dec,South Zone,TV,Billing Error,Low,In Progress,17.01,38.53,3.54
    TKT-4547,Feb,North Zone,Landline,No Signal,Medium,SLA Breached,6.64,37.41,4.37
    TKT-4548,Dec,South Zone,TV,Service Outage,Low,In Progress,8.29,32.27,4.8
    TKT-4549,May,West Zone,Mobile,Service Outage,Low,Escalated,8.9,23.53,4.29
    TKT-4550,Aug,North Zone,Broadband,No Signal,Low,Resolved,17.16,41.12,3.44
    TKT-4551,Nov,North Zone,Landline,Service Outage,High,Escalated,13.78,24.1,3.38
    TKT-4552,Nov,West Zone,Broadband,Slow Internet,High,Escalated,5.4,21.74,4.55
    TKT-4553,Mar,Central Zone,TV,Slow Internet,Medium,SLA Breached,16.81,40.2,3.51
    TKT-4554,Jun,South Zone,Landline,Billing Error,Low,Escalated,15.01,71.59,3.08
    TKT-4555,Jul,North Zone,Broadband,No Signal,High,Escalated,16.57,54.42,3.78
    TKT-4556,Apr,Central Zone,Mobile,Service Outage,Low,In Progress,9.93,30.83,3.7
    TKT-4557,Apr,North Zone,Landline,Billing Error,Medium,Resolved,10.4,51.0,3.85
    TKT-4558,Apr,Central Zone,Broadband,Service Outage,Low,Escalated,10.86,61.88,3.5
    TKT-4559,Sep,North Zone,TV,Installation Delay,High,SLA Breached,11.18,65.62,3.53
    TKT-4560,May,Central Zone,TV,Billing Error,High,Resolved,19.9,52.86,3.32
    TKT-4561,Jun,South Zone,Broadband,No Signal,Medium,In Progress,13.76,68.27,3.09
    TKT-4562,Jul,West Zone,TV,Service Outage,Low,In Progress,15.47,26.19,3.96
    TKT-4563,Aug,South Zone,Mobile,Slow Internet,High,SLA Breached,12.92,34.52,4.13
    TKT-4564,Jun,North Zone,Landline,No Signal,Medium,SLA Breached,14.28,72.6,2.81
    TKT-4565,Jan,North Zone,TV,Slow Internet,Low,Escalated,11.13,43.27,3.62
    TKT-4566,Aug,West Zone,Broadband,No Signal,High,Escalated,5.45,46.09,4.15
    TKT-4567,May,Central Zone,Broadband,Service Outage,Low,In Progress,14.76,42.31,3.13
    TKT-4568,Mar,North Zone,TV,Billing Error,Low,Escalated,17.03,76.91,2.56
    TKT-4569,Jul,Central Zone,Broadband,Slow Internet,Medium,Resolved,14.07,48.04,2.91
    TKT-4570,May,Central Zone,Broadband,Installation Delay,High,In Progress,5.86,48.77,3.5
    TKT-4571,Oct,South Zone,TV,Slow Internet,Low,Escalated,7.68,34.25,4.01
    TKT-4572,Jul,East Zone,Mobile,Dropped Calls,Low,Resolved,12.04,71.74,3.11
    TKT-4573,May,West Zone,Broadband,Service Outage,Low,Resolved,15.54,70.57,3.48
    TKT-4574,Jul,South Zone,Broadband,Dropped Calls,Low,SLA Breached,18.75,63.05,2.55
    TKT-4575,May,West Zone,TV,Dropped Calls,High,Resolved,14.78,46.43,3.78
    TKT-4576,Dec,South Zone,Landline,Billing Error,Medium,Resolved,7.13,18.34,4.4
    TKT-4577,Nov,Central Zone,Mobile,Service Outage,Medium,SLA Breached,12.86,40.33,3.57
    TKT-4578,Jul,West Zone,Landline,Service Outage,Medium,Resolved,8.43,46.5,3.73
    TKT-4579,Jan,Central Zone,Mobile,No Signal,Medium,SLA Breached,7.61,55.8,3.86
    TKT-4580,Jul,Central Zone,Mobile,Billing Error,High,Escalated,8.02,26.32,4.07
    TKT-4581,Feb,West Zone,Mobile,Billing Error,Medium,SLA Breached,16.18,42.61,3.01
    TKT-4582,Mar,North Zone,Landline,Billing Error,Medium,SLA Breached,14.96,42.42,3.53
    TKT-4583,Jun,North Zone,TV,Billing Error,High,SLA Breached,11.81,25.79,4.23
    TKT-4584,Jun,North Zone,Landline,Installation Delay,High,Escalated,14.3,54.16,3.61
    TKT-4585,Jun,West Zone,TV,Service Outage,Medium,Resolved,11.81,52.82,3.97
    TKT-4586,Nov,West Zone,TV,Dropped Calls,High,Escalated,18.7,37.07,2.98
    TKT-4587,Jan,West Zone,Broadband,Billing Error,Medium,In Progress,15.99,35.93,3.55
    TKT-4588,Jul,South Zone,TV,Installation Delay,High,Escalated,13.28,64.31,3.14
    TKT-4589,Jun,Central Zone,Broadband,Installation Delay,High,SLA Breached,16.13,37.06,3.48
    TKT-4590,Mar,North Zone,Broadband,Service Outage,Medium,Resolved,9.91,54.34,3.84
    TKT-4591,May,Central Zone,Mobile,No Signal,Medium,Resolved,19.54,33.37,3.8
    TKT-4592,Aug,West Zone,TV,Service Outage,High,In Progress,6.72,53.99,4.23
    TKT-4593,Jul,Central Zone,Broadband,No Signal,High,Resolved,17.61,41.97,3.07
    TKT-4594,Jun,South Zone,Landline,Service Outage,Low,In Progress,9.3,49.4,3.18
    TKT-4595,Jul,South Zone,Broadband,Installation Delay,Low,In Progress,5.54,35.48,4.37
    TKT-4596,Jul,West Zone,Mobile,No Signal,Low,SLA Breached,16.79,55.94,3.49
    TKT-4597,Aug,North Zone,Mobile,Service Outage,Medium,Escalated,16.71,69.07,3.06
    TKT-4598,Apr,East Zone,Landline,Service Outage,Low,Resolved,8.39,32.67,4.32
    TKT-4599,Jun,North Zone,Mobile,Service Outage,Medium,Escalated,10.15,28.36,4.01
    TKT-4600,Jun,North Zone,Broadband,Service Outage,Medium,Resolved,16.56,53.29,3.17
    TKT-4601,Nov,North Zone,TV,Slow Internet,High,Escalated,16.66,71.22,3.63
    TKT-4602,Mar,West Zone,Mobile,Service Outage,Medium,SLA Breached,14.99,49.28,3.3
    TKT-4603,Oct,Central Zone,Landline,Installation Delay,High,SLA Breached,14.94,29.7,4.14
    TKT-4604,Apr,South Zone,Broadband,No Signal,High,Escalated,16.45,30.91,3.5
    TKT-4605,Nov,West Zone,Mobile,Service Outage,Low,Escalated,5.07,24.23,4.56
    TKT-4606,Jun,West Zone,Landline,Service Outage,Medium,SLA Breached,8.69,61.82,3.82
    TKT-4607,Apr,West Zone,Broadband,Dropped Calls,High,Escalated,18.63,72.0,2.92
    TKT-4608,Nov,North Zone,Mobile,Billing Error,Medium,SLA Breached,19.36,75.77,2.88
    TKT-4609,Mar,North Zone,Broadband,Service Outage,Low,Escalated,8.12,52.91,3.82
    TKT-4610,Jul,Central Zone,Broadband,Installation Delay,High,Resolved,10.08,20.67,4.14
    TKT-4611,Apr,West Zone,Landline,Billing Error,Low,In Progress,6.45,51.41,4.11
    TKT-4612,Apr,South Zone,Broadband,Dropped Calls,Medium,SLA Breached,9.45,26.65,4.34
    TKT-4613,Feb,Central Zone,TV,Billing Error,Medium,Resolved,11.87,51.13,3.73
    TKT-4614,Jan,South Zone,Broadband,Installation Delay,Medium,SLA Breached,9.3,57.52,3.18
    TKT-4615,Jan,West Zone,Broadband,Dropped Calls,Medium,SLA Breached,6.39,64.44,3.79
    TKT-4616,Apr,Central Zone,Mobile,Dropped Calls,High,Escalated,6.82,41.11,4.15
    TKT-4617,Mar,East Zone,Broadband,Installation Delay,Medium,In Progress,17.96,54.31,3.47
    TKT-4618,Nov,West Zone,TV,Slow Internet,Medium,SLA Breached,6.83,56.01,3.29
    TKT-4619,Feb,West Zone,TV,Billing Error,Low,SLA Breached,8.61,64.17,3.24
    TKT-4620,Nov,North Zone,Broadband,Billing Error,High,SLA Breached,18.06,74.9,3.02
    TKT-4621,Jun,Central Zone,Mobile,Slow Internet,High,In Progress,9.89,48.66,3.5
    TKT-4622,May,South Zone,TV,Slow Internet,Low,Resolved,9.28,63.17,2.68
    TKT-4623,Jun,West Zone,TV,Dropped Calls,Low,In Progress,9.85,27.29,4.41
    TKT-4624,Oct,West Zone,Landline,No Signal,High,In Progress,18.4,73.94,2.62
    TKT-4625,Feb,East Zone,Mobile,Dropped Calls,Medium,SLA Breached,5.83,17.82,4.97
    TKT-4626,May,North Zone,TV,Dropped Calls,High,Escalated,17.95,38.89,3.41
    TKT-4627,Dec,West Zone,Landline,Slow Internet,Low,In Progress,8.24,37.82,4.05
    TKT-4628,Dec,East Zone,Landline,Dropped Calls,Medium,SLA Breached,9.48,28.96,3.96
    TKT-4629,Mar,South Zone,Mobile,Dropped Calls,High,Resolved,13.97,42.68,3.42
    TKT-4630,Feb,West Zone,Broadband,Dropped Calls,Low,In Progress,15.68,57.11,3.28
    TKT-4631,Dec,West Zone,Landline,Installation Delay,High,Resolved,10.97,28.51,3.79
    TKT-4632,Oct,South Zone,Broadband,Installation Delay,Low,Escalated,6.15,47.05,3.92
    TKT-4633,Oct,Central Zone,Broadband,No Signal,High,Resolved,19.78,49.66,2.93
    TKT-4634,May,South Zone,Mobile,Slow Internet,Low,SLA Breached,14.59,46.16,3.61
    TKT-4635,Apr,East Zone,Mobile,No Signal,High,SLA Breached,8.55,52.45,3.25
    TKT-4636,Sep,South Zone,Mobile,Service Outage,Low,Escalated,7.01,33.55,3.96
    TKT-4637,Jan,South Zone,TV,Billing Error,Medium,SLA Breached,7.46,61.93,4.19
    TKT-4638,Dec,South Zone,Broadband,No Signal,Low,Resolved,5.75,40.94,4.02
    TKT-4639,Apr,North Zone,Landline,Billing Error,Low,SLA Breached,9.58,42.01,3.44
    TKT-4640,Sep,North Zone,TV,No Signal,High,Resolved,6.14,23.83,4.33
    TKT-4641,Jul,North Zone,Broadband,Dropped Calls,High,SLA Breached,17.77,28.67,4.2
    TKT-4642,Dec,West Zone,Mobile,Dropped Calls,Medium,Escalated,7.13,43.14,4.38
    TKT-4643,Jun,Central Zone,Landline,Dropped Calls,Medium,In Progress,14.37,50.1,3.15
    TKT-4644,Nov,Central Zone,Broadband,Billing Error,High,In Progress,6.8,62.96,4.02
    TKT-4645,Dec,South Zone,Broadband,Dropped Calls,Low,In Progress,16.89,34.94,3.77
    TKT-4646,Jan,South Zone,Landline,Dropped Calls,Medium,In Progress,7.97,34.74,4.71
    TKT-4647,Aug,North Zone,Broadband,Service Outage,High,In Progress,5.97,43.83,3.67
    TKT-4648,Jun,South Zone,Broadband,No Signal,Low,Resolved,19.53,63.19,2.88
    TKT-4649,Mar,East Zone,TV,Service Outage,Medium,Resolved,18.88,31.55,3.32
    TKT-4650,Apr,West Zone,Mobile,Slow Internet,High,SLA Breached,16.32,39.66,3.51
    TKT-4651,Feb,South Zone,TV,Slow Internet,Low,Escalated,6.54,19.78,4.09
    TKT-4652,May,East Zone,TV,Slow Internet,Low,SLA Breached,8.45,30.35,3.67
    TKT-4653,Feb,North Zone,Landline,Service Outage,Low,Escalated,19.04,78.97,3.17
    TKT-4654,Feb,West Zone,TV,Billing Error,Medium,SLA Breached,10.28,67.16,3.47
    TKT-4655,Nov,West Zone,Broadband,Service Outage,High,In Progress,14.49,32.99,3.8
    TKT-4656,Aug,South Zone,TV,Slow Internet,Medium,SLA Breached,11.93,45.41,3.72
    TKT-4657,May,West Zone,TV,Billing Error,High,In Progress,10.16,63.61,3.75
    TKT-4658,Mar,East Zone,Mobile,Service Outage,Low,In Progress,10.9,38.07,4.2
    TKT-4659,Sep,North Zone,Broadband,No Signal,Medium,Resolved,5.08,22.97,3.8
    TKT-4660,Mar,East Zone,Broadband,No Signal,High,SLA Breached,18.44,58.28,3.33
    TKT-4661,Dec,Central Zone,Mobile,Service Outage,Low,Resolved,16.14,30.0,3.27
    TKT-4662,Feb,East Zone,Mobile,Installation Delay,High,Escalated,13.02,40.42,3.87
    TKT-4663,Jul,Central Zone,Broadband,Dropped Calls,High,Resolved,7.28,40.2,4.0
    TKT-4664,Nov,East Zone,Broadband,Service Outage,Low,Escalated,12.22,63.64,3.28
    TKT-4665,Jan,North Zone,Landline,Slow Internet,Medium,Resolved,16.86,69.37,3.58
    TKT-4666,Jun,Central Zone,Mobile,Installation Delay,Medium,Resolved,19.34,54.3,3.26
    TKT-4667,May,West Zone,Mobile,Dropped Calls,Medium,Resolved,11.63,62.54,2.98
    TKT-4668,Aug,North Zone,Broadband,Slow Internet,Medium,In Progress,19.75,53.01,3.03
    TKT-4669,Mar,West Zone,TV,No Signal,High,Resolved,13.22,60.36,3.05
    TKT-4670,Jul,South Zone,Broadband,No Signal,Low,Escalated,8.67,64.8,3.31
    TKT-4671,Nov,South Zone,Landline,Dropped Calls,Low,In Progress,18.24,44.09,2.99
    TKT-4672,Jul,North Zone,Landline,Installation Delay,Medium,SLA Breached,12.86,62.33,2.83
    TKT-4673,Jan,East Zone,Broadband,Service Outage,High,In Progress,14.95,46.12,3.37
    TKT-4674,Apr,South Zone,Mobile,Dropped Calls,Low,Resolved,14.73,53.95,3.6
    TKT-4675,Jul,North Zone,TV,No Signal,Low,SLA Breached,6.66,48.04,3.89
    TKT-4676,Dec,South Zone,TV,Service Outage,Medium,In Progress,17.15,33.15,3.34
    TKT-4677,Apr,Central Zone,Landline,Service Outage,Low,SLA Breached,13.5,33.74,3.85
    TKT-4678,Jun,North Zone,Mobile,Service Outage,Medium,Escalated,7.04,53.08,4.17
    TKT-4679,Jan,North Zone,Mobile,Service Outage,Low,SLA Breached,16.24,54.56,3.38
    TKT-4680,Mar,East Zone,Landline,Installation Delay,Medium,Resolved,15.95,68.14,3.2
    TKT-4681,Jan,East Zone,TV,Service Outage,Low,Resolved,5.22,31.49,4.39
    TKT-4682,Dec,South Zone,Mobile,No Signal,Low,In Progress,11.44,54.59,3.49
    TKT-4683,Feb,North Zone,TV,Slow Internet,Low,In Progress,18.14,49.8,2.94
    TKT-4684,Nov,Central Zone,TV,No Signal,High,In Progress,11.75,42.84,3.6
    TKT-4685,Sep,Central Zone,Landline,Dropped Calls,Medium,Resolved,8.86,48.77,3.64
    TKT-4686,Oct,Central Zone,TV,Dropped Calls,Medium,Resolved,8.95,24.92,3.95
    TKT-4687,Sep,North Zone,Landline,Billing Error,Medium,SLA Breached,5.29,61.92,3.56
    TKT-4688,Sep,Central Zone,Mobile,Service Outage,Medium,Resolved,9.81,50.58,4.22
    TKT-4689,Jul,South Zone,Broadband,Installation Delay,Low,In Progress,7.59,26.49,3.85
    TKT-4690,Sep,South Zone,Mobile,Service Outage,Low,Resolved,10.89,33.55,3.92
    TKT-4691,Sep,South Zone,Landline,Installation Delay,High,In Progress,16.49,72.45,3.24
    TKT-4692,Dec,West Zone,Broadband,Dropped Calls,Low,Escalated,18.08,68.16,2.92
    TKT-4693,May,South Zone,Broadband,Slow Internet,Medium,Escalated,7.22,20.95,3.78
    TKT-4694,Dec,West Zone,Landline,Slow Internet,Low,In Progress,13.24,53.11,2.74
    TKT-4695,Jan,South Zone,Landline,Billing Error,Medium,In Progress,9.35,41.25,3.94
    TKT-4696,Mar,Central Zone,Landline,No Signal,Medium,Escalated,9.89,36.06,3.99
    TKT-4697,Feb,North Zone,Broadband,Installation Delay,High,SLA Breached,17.19,69.61,2.87
    TKT-4698,Jan,North Zone,Mobile,Slow Internet,High,Resolved,5.49,64.96,3.3
    TKT-4699,May,Central Zone,Mobile,Billing Error,Medium,In Progress,14.36,50.6,3.5
    TKT-4700,Jun,South Zone,TV,No Signal,High,In Progress,9.02,26.9,4.53
    TKT-4701,Aug,South Zone,Mobile,Installation Delay,Low,SLA Breached,13.5,34.54,4.04
    TKT-4702,Apr,South Zone,Broadband,Dropped Calls,High,Resolved,7.57,17.65,4.4
    TKT-4703,Nov,South Zone,Mobile,Installation Delay,Low,Resolved,11.89,70.05,3.05
    TKT-4704,Feb,North Zone,Broadband,Installation Delay,Low,Resolved,19.87,34.38,3.79
    TKT-4705,Jul,Central Zone,Mobile,Service Outage,High,SLA Breached,7.72,66.21,3.24
    TKT-4706,Aug,South Zone,TV,Service Outage,Low,Escalated,5.05,22.89,4.79
    TKT-4707,Mar,West Zone,Landline,Billing Error,Low,In Progress,15.66,44.95,3.44
    TKT-4708,Dec,North Zone,Landline,Installation Delay,Medium,In Progress,13.91,53.02,3.16
    TKT-4709,Jan,Central Zone,TV,No Signal,Medium,Resolved,9.43,40.84,3.82
    TKT-4710,Oct,North Zone,TV,Installation Delay,High,In Progress,8.85,31.67,3.94
    TKT-4711,Oct,East Zone,Landline,Dropped Calls,High,In Progress,19.83,46.99,2.93
    TKT-4712,Dec,North Zone,TV,Billing Error,Low,In Progress,16.05,43.43,3.09
    TKT-4713,Apr,North Zone,TV,No Signal,Low,SLA Breached,5.83,50.21,3.7
    TKT-4714,Feb,South Zone,TV,Dropped Calls,Low,Resolved,19.04,38.7,3.28
    TKT-4715,Dec,Central Zone,Mobile,Installation Delay,Medium,Resolved,13.76,71.44,3.46
    TKT-4716,Nov,South Zone,Landline,Billing Error,Low,In Progress,14.1,25.82,3.85
    TKT-4717,Feb,South Zone,TV,Installation Delay,Medium,In Progress,13.76,25.99,3.74
    TKT-4718,Apr,East Zone,Mobile,No Signal,High,Escalated,18.34,55.04,2.78
    TKT-4719,Apr,West Zone,Landline,Service Outage,Medium,Escalated,9.86,68.72,3.3
    TKT-4720,Nov,Central Zone,Broadband,Installation Delay,Low,In Progress,9.59,24.58,4.22
    TKT-4721,Mar,West Zone,Landline,No Signal,Medium,Resolved,18.06,38.48,2.83
    TKT-4722,Jan,South Zone,Mobile,Installation Delay,High,Escalated,15.32,64.81,2.79
    TKT-4723,May,West Zone,Landline,Installation Delay,Medium,SLA Breached,18.79,53.17,3.42
    TKT-4724,Oct,East Zone,Mobile,Slow Internet,High,Escalated,6.65,50.79,3.77
    TKT-4725,Jun,West Zone,TV,No Signal,High,In Progress,14.15,57.85,2.87
    TKT-4726,Nov,East Zone,Broadband,Installation Delay,Low,SLA Breached,18.6,76.74,2.29
    TKT-4727,Nov,South Zone,Landline,Dropped Calls,High,SLA Breached,6.91,47.61,3.68
    TKT-4728,Feb,East Zone,TV,Dropped Calls,Medium,In Progress,10.42,24.45,3.85
    TKT-4729,Oct,Central Zone,Mobile,No Signal,Medium,SLA Breached,6.32,59.05,4.17
    TKT-4730,Dec,North Zone,Mobile,Dropped Calls,Medium,SLA Breached,15.74,61.9,3.03
    TKT-4731,Jul,North Zone,TV,No Signal,Medium,Resolved,17.9,46.75,3.68
    TKT-4732,Aug,South Zone,TV,Installation Delay,High,SLA Breached,7.05,66.33,3.94
    TKT-4733,Jun,East Zone,Broadband,Slow Internet,Medium,Escalated,9.86,45.05,3.76
    TKT-4734,Oct,North Zone,Mobile,Dropped Calls,Medium,Escalated,17.44,30.05,3.58
    TKT-4735,Oct,West Zone,Broadband,Dropped Calls,Low,SLA Breached,6.81,50.75,3.78
    TKT-4736,Jan,West Zone,Broadband,Billing Error,Medium,Resolved,10.62,70.26,2.79
    TKT-4737,Oct,West Zone,Mobile,No Signal,Medium,In Progress,12.83,28.41,3.79
    TKT-4738,Oct,East Zone,Mobile,Installation Delay,Medium,Resolved,5.69,47.39,3.51
    TKT-4739,Mar,North Zone,TV,Service Outage,Low,In Progress,10.11,43.35,4.08
    TKT-4740,Jun,Central Zone,Landline,No Signal,Low,Escalated,14.43,47.59,3.36
    TKT-4741,Dec,West Zone,TV,No Signal,High,SLA Breached,13.42,24.54,4.15
    TKT-4742,Feb,North Zone,Landline,No Signal,Low,Escalated,11.35,44.57,3.61
    TKT-4743,Nov,South Zone,Broadband,Slow Internet,Low,Escalated,9.77,44.0,3.93
    TKT-4744,Jan,North Zone,Mobile,Installation Delay,Medium,In Progress,7.08,31.46,3.85
    TKT-4745,Aug,West Zone,TV,Billing Error,High,Resolved,6.51,38.55,3.62
    TKT-4746,Feb,East Zone,Landline,No Signal,Low,Escalated,15.43,51.46,3.08
    TKT-4747,Jul,West Zone,Broadband,Slow Internet,High,In Progress,17.3,64.79,2.54
    TKT-4748,Dec,Central Zone,TV,Service Outage,Medium,Escalated,13.51,63.41,3.35
    TKT-4749,Aug,Central Zone,Broadband,Slow Internet,Medium,In Progress,10.85,60.4,3.7
    TKT-4750,Jul,South Zone,TV,No Signal,High,Resolved,17.97,67.34,3.27
    TKT-4751,Mar,South Zone,Mobile,Slow Internet,High,Resolved,12.87,50.97,3.19
    TKT-4752,Sep,East Zone,Landline,Service Outage,Medium,SLA Breached,5.8,40.99,3.37
    TKT-4753,Feb,West Zone,Landline,Billing Error,High,In Progress,19.91,47.78,2.95
    TKT-4754,Feb,South Zone,Broadband,Dropped Calls,Low,Escalated,14.92,57.61,3.21
    TKT-4755,Mar,North Zone,Landline,Billing Error,Low,In Progress,5.16,58.62,3.66
    TKT-4756,Aug,East Zone,Landline,Dropped Calls,Medium,Resolved,12.72,36.58,3.94
    TKT-4757,Aug,West Zone,Landline,Service Outage,Low,SLA Breached,15.11,39.5,4.05
    TKT-4758,Oct,North Zone,Landline,Dropped Calls,High,Escalated,10.63,30.26,3.88
    TKT-4759,Dec,North Zone,Broadband,Billing Error,Low,In Progress,18.37,41.11,3.47
    TKT-4760,Oct,East Zone,Landline,Installation Delay,Low,Resolved,8.87,61.8,3.67
    TKT-4761,Sep,East Zone,Broadband,Service Outage,Low,Resolved,16.5,46.98,3.37
    TKT-4762,Mar,East Zone,Mobile,No Signal,High,In Progress,6.21,53.83,3.45
    TKT-4763,Apr,North Zone,Broadband,Service Outage,Medium,SLA Breached,5.65,59.94,3.59
    TKT-4764,Dec,Central Zone,Broadband,Installation Delay,Medium,SLA Breached,8.71,57.67,3.73
    TKT-4765,Oct,Central Zone,Broadband,Billing Error,Low,Escalated,16.08,61.87,3.5
    TKT-4766,Sep,East Zone,TV,Billing Error,Low,Escalated,17.06,61.45,2.84
    TKT-4767,Sep,Central Zone,Landline,Billing Error,Medium,In Progress,7.62,18.22,3.6
    TKT-4768,Dec,Central Zone,Broadband,Service Outage,Medium,In Progress,7.73,27.81,3.61
    TKT-4769,Oct,East Zone,Mobile,Installation Delay,Medium,In Progress,5.87,21.8,3.82
    TKT-4770,Jan,West Zone,Broadband,Service Outage,Low,Escalated,11.93,34.06,3.93
    TKT-4771,Oct,West Zone,Broadband,Dropped Calls,Medium,SLA Breached,16.26,68.4,3.08
    TKT-4772,Nov,Central Zone,Landline,Billing Error,Medium,Resolved,7.84,19.67,4.32
    TKT-4773,Apr,West Zone,Broadband,Slow Internet,Medium,Escalated,14.03,39.73,3.75
    TKT-4774,Sep,Central Zone,TV,No Signal,Medium,SLA Breached,16.3,66.3,2.41
    TKT-4775,Apr,West Zone,TV,No Signal,Medium,In Progress,16.45,65.91,3.26
    TKT-4776,Dec,Central Zone,Mobile,No Signal,Medium,SLA Breached,11.58,33.32,3.87
    TKT-4777,Nov,North Zone,Broadband,Slow Internet,Low,Escalated,6.8,43.7,3.84
    TKT-4778,Mar,East Zone,Landline,Service Outage,Medium,Resolved,13.33,53.51,3.09
    TKT-4779,Apr,East Zone,TV,Installation Delay,Medium,SLA Breached,15.21,73.37,3.41
    TKT-4780,Sep,North Zone,TV,Dropped Calls,High,In Progress,17.19,50.41,3.6
    TKT-4781,Feb,Central Zone,Broadband,Dropped Calls,Low,In Progress,7.08,66.89,3.8
    TKT-4782,Apr,South Zone,Mobile,Dropped Calls,Low,SLA Breached,10.29,53.73,3.7
    TKT-4783,Aug,Central Zone,Landline,Slow Internet,Medium,In Progress,6.06,33.17,3.81
    TKT-4784,May,North Zone,Broadband,Installation Delay,High,In Progress,7.56,20.39,4.02
    TKT-4785,Mar,Central Zone,TV,Billing Error,Low,Resolved,15.52,51.22,3.47
    TKT-4786,Oct,East Zone,Mobile,No Signal,Low,Resolved,6.33,57.44,4.03
    TKT-4787,Jun,Central Zone,Broadband,No Signal,Low,Resolved,8.39,57.88,3.71
    TKT-4788,Mar,West Zone,Landline,Billing Error,Medium,In Progress,7.73,54.5,3.89
    TKT-4789,May,South Zone,Broadband,No Signal,High,Escalated,15.1,58.74,3.15
    TKT-4790,Jan,East Zone,Mobile,Billing Error,Low,Escalated,19.03,51.45,3.98
    TKT-4791,Jun,East Zone,Broadband,Installation Delay,Low,Resolved,6.64,26.23,4.6
    TKT-4792,Jun,Central Zone,TV,No Signal,High,Escalated,12.14,44.47,3.13
    TKT-4793,Jun,Central Zone,Landline,Slow Internet,High,Resolved,13.65,66.84,2.98
    TKT-4794,Aug,North Zone,Broadband,Installation Delay,Medium,Resolved,13.85,47.78,3.38
    TKT-4795,Aug,South Zone,TV,Service Outage,Low,SLA Breached,15.25,38.32,3.69
    TKT-4796,Jun,South Zone,TV,Dropped Calls,High,SLA Breached,9.49,58.68,3.76
    TKT-4797,Jan,North Zone,Landline,Billing Error,High,In Progress,10.54,31.07,3.84
    TKT-4798,Jun,Central Zone,Mobile,Billing Error,High,SLA Breached,11.26,50.94,3.75
    TKT-4799,Dec,West Zone,Mobile,Dropped Calls,Medium,Resolved,19.03,46.48,3.7
    TKT-4800,Dec,North Zone,Broadband,No Signal,Medium,Escalated,16.74,68.22,3.19
    TKT-4801,Jul,East Zone,Mobile,Installation Delay,Medium,Escalated,6.01,18.17,4.3
    TKT-4802,May,Central Zone,TV,Billing Error,Low,In Progress,9.57,53.46,3.59
    TKT-4803,Mar,East Zone,Landline,Installation Delay,High,Escalated,5.59,61.01,3.56
    TKT-4804,Jul,East Zone,Broadband,Installation Delay,High,In Progress,9.98,59.69,3.76
    TKT-4805,Sep,North Zone,Mobile,Dropped Calls,Low,In Progress,15.31,71.47,2.62
    TKT-4806,Feb,South Zone,TV,Service Outage,High,In Progress,10.38,35.26,4.66
    TKT-4807,May,Central Zone,Landline,Slow Internet,Low,Resolved,7.8,26.3,4.36
    TKT-4808,May,North Zone,Mobile,Dropped Calls,Low,In Progress,10.93,34.04,3.66
    TKT-4809,Dec,East Zone,Broadband,Service Outage,Low,SLA Breached,11.94,30.15,3.45
    TKT-4810,May,West Zone,TV,Service Outage,Low,In Progress,5.02,17.72,4.67
    TKT-4811,May,Central Zone,Mobile,Installation Delay,Low,Resolved,12.21,46.33,3.22
    TKT-4812,Nov,Central Zone,Broadband,Slow Internet,Medium,SLA Breached,19.05,57.91,2.95
    TKT-4813,Feb,West Zone,Broadband,Billing Error,Low,In Progress,5.43,51.71,3.79
    TKT-4814,Sep,Central Zone,Landline,Billing Error,Medium,In Progress,18.6,52.31,3.46
    TKT-4815,Apr,North Zone,TV,Dropped Calls,High,In Progress,9.81,57.66,3.5
    TKT-4816,Apr,West Zone,Broadband,Installation Delay,Medium,SLA Breached,6.82,51.5,3.36
    TKT-4817,Nov,North Zone,Broadband,Service Outage,Low,Resolved,13.07,58.85,3.11
    TKT-4818,Sep,North Zone,Mobile,No Signal,Low,Escalated,9.99,47.42,3.16
    TKT-4819,May,West Zone,TV,Billing Error,Low,In Progress,11.06,21.21,4.23
    TKT-4820,Oct,Central Zone,TV,Installation Delay,High,Resolved,15.92,39.46,3.42
    TKT-4821,Mar,Central Zone,Broadband,Service Outage,Medium,Resolved,19.28,38.72,3.16
    TKT-4822,Jan,North Zone,TV,Service Outage,Low,In Progress,18.71,56.28,2.94
    TKT-4823,Mar,Central Zone,Broadband,Slow Internet,Low,Resolved,6.6,54.32,3.64
    TKT-4824,Aug,South Zone,Mobile,Dropped Calls,Low,Escalated,14.3,70.33,3.26
    TKT-4825,Jan,North Zone,Broadband,No Signal,High,Resolved,18.97,54.29,3.78
    TKT-4826,Jan,West Zone,Broadband,No Signal,Low,In Progress,15.14,46.23,3.47
    TKT-4827,Mar,West Zone,Mobile,Service Outage,Medium,SLA Breached,15.56,52.75,3.09
    TKT-4828,Mar,North Zone,Mobile,Service Outage,Low,Escalated,6.55,44.8,4.01
    TKT-4829,Oct,Central Zone,TV,No Signal,Low,SLA Breached,7.93,64.9,3.35
    TKT-4830,Oct,North Zone,Mobile,Dropped Calls,Low,Escalated,16.85,69.3,2.84
    TKT-4831,Aug,East Zone,Broadband,Billing Error,Medium,In Progress,10.59,21.27,4.54
    TKT-4832,Jan,West Zone,Broadband,Billing Error,Medium,In Progress,7.16,51.15,3.94
    TKT-4833,Mar,Central Zone,Broadband,Installation Delay,Low,SLA Breached,16.64,75.53,3.08
    TKT-4834,Dec,West Zone,Landline,Slow Internet,Low,Resolved,10.87,42.39,3.61
    TKT-4835,Jun,South Zone,TV,Installation Delay,Medium,In Progress,19.21,50.01,3.41
    TKT-4836,Oct,East Zone,Broadband,Installation Delay,Low,Resolved,7.5,27.38,4.77
    TKT-4837,Jun,South Zone,TV,Slow Internet,Medium,SLA Breached,13.47,55.23,3.37
    TKT-4838,Nov,North Zone,Landline,Service Outage,Low,Escalated,7.21,23.36,4.45
    TKT-4839,Dec,West Zone,TV,No Signal,High,In Progress,11.33,67.48,3.24
    TKT-4840,Mar,South Zone,Broadband,Service Outage,Medium,Escalated,8.82,43.91,3.53
    TKT-4841,Apr,West Zone,Landline,Installation Delay,Medium,In Progress,6.08,56.85,3.98
    TKT-4842,Mar,North Zone,Landline,No Signal,High,Resolved,17.73,66.04,2.69
    TKT-4843,Mar,Central Zone,Mobile,No Signal,High,Escalated,19.95,37.8,3.09
    TKT-4844,May,North Zone,TV,Installation Delay,Medium,SLA Breached,10.56,36.52,3.47
    TKT-4845,Oct,South Zone,Broadband,Dropped Calls,Low,Escalated,5.71,52.15,3.92
    TKT-4846,Sep,North Zone,Mobile,No Signal,High,SLA Breached,10.41,49.85,3.75
    TKT-4847,May,North Zone,Landline,Slow Internet,Medium,Resolved,19.3,66.07,3.21
    TKT-4848,Apr,North Zone,Landline,Installation Delay,High,SLA Breached,15.22,64.2,2.93
    TKT-4849,May,Central Zone,TV,Dropped Calls,Medium,Resolved,11.81,63.16,3.79
    TKT-4850,Oct,South Zone,Broadband,Slow Internet,High,Resolved,12.38,49.86,3.65
    TKT-4851,Oct,Central Zone,Broadband,No Signal,Low,SLA Breached,10.83,45.86,3.81
    TKT-4852,Jan,South Zone,Mobile,Installation Delay,Low,Resolved,14.64,33.36,4.06
    TKT-4853,May,East Zone,Mobile,No Signal,Low,SLA Breached,17.35,39.85,3.59
    TKT-4854,Sep,Central Zone,Landline,Installation Delay,Low,Resolved,10.12,28.25,4.27
    TKT-4855,Nov,North Zone,Broadband,Billing Error,Medium,Escalated,5.9,22.59,4.81
    TKT-4856,May,West Zone,Mobile,Dropped Calls,Medium,Resolved,8.94,26.1,4.1
    TKT-4857,May,North Zone,Landline,Slow Internet,High,In Progress,8.1,50.49,4.23
    TKT-4858,Nov,South Zone,Broadband,Installation Delay,Medium,SLA Breached,8.9,51.54,3.53
    TKT-4859,Nov,North Zone,Landline,Installation Delay,High,Escalated,17.38,43.43,3.22
    TKT-4860,Jun,South Zone,Mobile,No Signal,Medium,Escalated,11.79,64.19,3.03
    TKT-4861,Apr,North Zone,Landline,Dropped Calls,High,In Progress,10.5,29.77,4.15
    TKT-4862,Sep,West Zone,Mobile,Dropped Calls,Medium,Escalated,11.86,29.26,3.85
    TKT-4863,Oct,East Zone,TV,Billing Error,High,Resolved,9.7,42.96,3.49
    TKT-4864,Sep,West Zone,Mobile,Billing Error,High,SLA Breached,16.77,75.93,2.59
    TKT-4865,Dec,East Zone,Landline,Installation Delay,Medium,SLA Breached,14.42,45.25,3.69
    TKT-4866,Feb,Central Zone,Mobile,Slow Internet,High,Escalated,8.07,53.22,3.95
    TKT-4867,Apr,North Zone,Landline,Service Outage,Low,In Progress,11.89,56.46,3.03
    TKT-4868,Oct,West Zone,Landline,No Signal,High,In Progress,6.03,56.17,3.57
    TKT-4869,Mar,North Zone,TV,Slow Internet,Low,In Progress,10.78,41.41,3.96
    TKT-4870,Sep,North Zone,TV,No Signal,Medium,Resolved,10.57,56.68,3.49
    TKT-4871,Oct,North Zone,TV,Installation Delay,High,In Progress,5.17,17.07,4.33
    TKT-4872,Jan,Central Zone,Broadband,Installation Delay,Medium,Resolved,6.11,30.85,3.95
    TKT-4873,May,West Zone,TV,Service Outage,High,SLA Breached,6.57,39.35,3.79
    TKT-4874,Jul,West Zone,Landline,Billing Error,Low,SLA Breached,6.19,30.01,4.47
    TKT-4875,Mar,South Zone,Mobile,Service Outage,Low,Escalated,16.57,33.64,3.49
    TKT-4876,Jun,East Zone,Landline,Installation Delay,Low,Escalated,10.5,41.52,4.1
    TKT-4877,Jan,East Zone,Broadband,Billing Error,Medium,SLA Breached,12.21,61.07,3.2
    TKT-4878,Nov,West Zone,Broadband,Slow Internet,High,Resolved,5.33,18.34,4.02
    TKT-4879,Sep,South Zone,TV,Billing Error,Low,Escalated,12.4,63.02,3.21
    TKT-4880,Mar,West Zone,Broadband,Service Outage,Medium,Escalated,14.17,32.16,4.03
    TKT-4881,Jul,East Zone,Mobile,Billing Error,Low,SLA Breached,11.12,27.99,3.7
    TKT-4882,Aug,Central Zone,Landline,Slow Internet,Medium,SLA Breached,15.19,59.28,3.16
    TKT-4883,Oct,North Zone,Landline,Billing Error,Medium,SLA Breached,17.97,53.13,2.93
    TKT-4884,Aug,East Zone,TV,No Signal,Low,Resolved,9.24,33.68,4.24
    TKT-4885,May,West Zone,Landline,Installation Delay,Low,SLA Breached,8.09,25.19,4.57
    TKT-4886,Feb,South Zone,Mobile,Billing Error,Medium,Escalated,12.48,33.02,3.51
    TKT-4887,Jun,South Zone,TV,Billing Error,Low,In Progress,12.23,42.68,3.97
    TKT-4888,Oct,West Zone,TV,Installation Delay,Medium,Escalated,7.08,26.65,4.22
    TKT-4889,Feb,West Zone,Landline,Installation Delay,High,In Progress,13.94,52.94,3.6
    TKT-4890,Apr,North Zone,TV,Billing Error,Low,Escalated,10.8,63.22,3.09
    TKT-4891,Dec,South Zone,Mobile,Service Outage,Low,In Progress,17.68,64.28,2.76
    TKT-4892,May,North Zone,Mobile,Slow Internet,Low,Resolved,17.37,69.61,3.03
    TKT-4893,Mar,East Zone,Mobile,Billing Error,Medium,Escalated,18.42,33.43,3.99
    TKT-4894,Apr,North Zone,Mobile,No Signal,High,Resolved,5.99,44.88,3.61
    TKT-4895,Sep,West Zone,Landline,Installation Delay,High,Resolved,5.32,17.13,4.82
    TKT-4896,Jun,Central Zone,Landline,No Signal,Low,In Progress,17.99,65.33,3.31
    TKT-4897,Apr,North Zone,Landline,Dropped Calls,Medium,In Progress,9.24,53.21,3.62
    TKT-4898,Dec,Central Zone,Mobile,No Signal,Medium,SLA Breached,10.49,36.03,3.72
    TKT-4899,Jan,East Zone,Mobile,No Signal,Medium,SLA Breached,18.6,32.22,3.12
    TKT-4900,Jan,South Zone,TV,Installation Delay,High,In Progress,9.11,29.03,3.9
    TKT-4901,Apr,South Zone,Mobile,Billing Error,Low,Escalated,6.38,31.41,4.14
    TKT-4902,Aug,South Zone,TV,Service Outage,Medium,Resolved,14.4,73.23,3.44
    TKT-4903,Nov,South Zone,TV,Slow Internet,High,In Progress,18.89,58.55,3.44
    TKT-4904,Nov,South Zone,Mobile,Billing Error,High,Escalated,10.89,44.3,3.39
    TKT-4905,Dec,West Zone,Landline,Slow Internet,Low,In Progress,13.65,56.2,3.44
    TKT-4906,Feb,East Zone,Broadband,Slow Internet,Medium,Resolved,15.31,74.95,3.51
    TKT-4907,Apr,South Zone,TV,Service Outage,Low,Escalated,5.91,51.27,3.41
    TKT-4908,May,Central Zone,Broadband,Slow Internet,Medium,In Progress,9.05,62.9,3.45
    TKT-4909,Jun,North Zone,Landline,Service Outage,Medium,Resolved,9.53,32.72,4.14
    TKT-4910,Jan,East Zone,Mobile,Billing Error,Medium,Resolved,12.55,33.62,3.63
    TKT-4911,May,East Zone,Broadband,Billing Error,Low,Resolved,18.7,35.97,3.45
    TKT-4912,Jul,West Zone,Mobile,Dropped Calls,Low,Escalated,15.1,42.47,3.75
    TKT-4913,Jan,Central Zone,Broadband,Billing Error,Medium,In Progress,16.65,44.65,3.46
    TKT-4914,Feb,North Zone,Mobile,Installation Delay,Low,In Progress,19.49,79.31,2.51
    TKT-4915,Jul,South Zone,TV,Dropped Calls,High,Resolved,5.3,61.8,3.37
    TKT-4916,Aug,Central Zone,Landline,Billing Error,Low,Escalated,12.61,46.2,3.47
    TKT-4917,Jan,North Zone,TV,Dropped Calls,High,Resolved,7.71,37.58,4.2
    TKT-4918,Jun,West Zone,Landline,Slow Internet,High,In Progress,16.17,52.6,3.78
    TKT-4919,May,West Zone,Landline,Billing Error,Medium,Resolved,17.27,56.34,3.28
    TKT-4920,Mar,East Zone,Landline,Billing Error,High,Escalated,10.04,56.54,3.75
    TKT-4921,May,North Zone,TV,Installation Delay,Low,Escalated,5.74,62.06,3.65
    TKT-4922,Jun,Central Zone,Landline,Billing Error,Low,In Progress,9.99,46.85,3.78
    TKT-4923,Jul,West Zone,TV,Billing Error,Medium,In Progress,17.58,33.36,4.13
    TKT-4924,Mar,West Zone,Landline,Slow Internet,Low,SLA Breached,16.15,37.31,3.33
    TKT-4925,Aug,West Zone,Mobile,Installation Delay,Low,Resolved,8.88,51.9,3.78
    TKT-4926,Feb,South Zone,Mobile,Installation Delay,Medium,In Progress,8.25,38.65,4.13
    TKT-4927,Apr,South Zone,TV,Service Outage,Low,SLA Breached,9.39,30.24,4.13
    TKT-4928,Mar,West Zone,TV,Dropped Calls,Medium,In Progress,13.83,47.43,3.54
    TKT-4929,Oct,West Zone,Mobile,Billing Error,Low,SLA Breached,8.56,20.07,4.29
    TKT-4930,Mar,North Zone,TV,Service Outage,High,In Progress,15.17,49.78,3.7
    TKT-4931,Aug,East Zone,Landline,Service Outage,Low,SLA Breached,7.29,22.13,4.21
    TKT-4932,Oct,West Zone,TV,Service Outage,Low,Escalated,12.38,53.03,3.69
    TKT-4933,Jul,North Zone,Landline,Installation Delay,High,Escalated,9.0,30.18,3.97
    TKT-4934,Feb,North Zone,Mobile,Dropped Calls,High,SLA Breached,5.04,45.64,4.47
    TKT-4935,Jan,South Zone,Mobile,Installation Delay,Medium,Escalated,14.64,69.18,2.99
    TKT-4936,Apr,South Zone,TV,Dropped Calls,Medium,Resolved,16.36,41.85,3.4
    TKT-4937,May,East Zone,TV,Service Outage,Medium,SLA Breached,14.18,65.45,2.94
    TKT-4938,Nov,Central Zone,TV,Billing Error,Low,Resolved,13.35,30.13,4.08
    TKT-4939,Nov,North Zone,Broadband,Installation Delay,High,Resolved,13.23,48.77,3.94
    TKT-4940,Mar,Central Zone,TV,Slow Internet,Low,SLA Breached,7.26,54.4,4.12
    TKT-4941,Jul,East Zone,TV,Dropped Calls,Medium,SLA Breached,18.11,71.23,3.08
    TKT-4942,Dec,West Zone,Landline,Slow Internet,Low,Resolved,19.49,53.27,3.18
    TKT-4943,May,Central Zone,TV,No Signal,Low,In Progress,10.1,36.65,3.7
    TKT-4944,Sep,Central Zone,TV,Billing Error,Medium,Escalated,9.11,34.04,3.58
    TKT-4945,Sep,West Zone,TV,Service Outage,High,Escalated,14.9,70.87,3.2
    TKT-4946,Feb,South Zone,TV,Service Outage,Medium,SLA Breached,11.6,66.06,3.2
    TKT-4947,Aug,Central Zone,Landline,Dropped Calls,Low,Escalated,12.35,71.7,3.12
    TKT-4948,Apr,North Zone,Mobile,Service Outage,Medium,In Progress,17.03,38.87,4.04
    TKT-4949,Nov,North Zone,Landline,Billing Error,Medium,Escalated,19.9,73.27,2.37
    TKT-4950,Mar,East Zone,Broadband,Slow Internet,Low,Resolved,15.13,61.02,2.98
    TKT-4951,Sep,South Zone,Landline,Billing Error,High,Escalated,12.71,23.65,3.44
    TKT-4952,Nov,West Zone,Mobile,No Signal,Medium,In Progress,16.15,50.68,3.74
    TKT-4953,Sep,West Zone,Landline,Installation Delay,High,SLA Breached,9.49,26.34,4.76
    TKT-4954,Dec,West Zone,Mobile,Service Outage,High,In Progress,15.38,43.75,3.82
    TKT-4955,Jan,East Zone,Mobile,Dropped Calls,Medium,SLA Breached,16.63,70.16,3.64
    TKT-4956,Aug,East Zone,Mobile,Slow Internet,Low,Escalated,7.69,37.66,4.19
    TKT-4957,Oct,Central Zone,Broadband,No Signal,High,In Progress,10.6,43.71,3.56
    TKT-4958,Mar,West Zone,Landline,No Signal,Medium,In Progress,11.52,44.7,3.89
    TKT-4959,Dec,North Zone,Landline,Installation Delay,High,Resolved,14.14,26.09,4.09
    TKT-4960,Apr,South Zone,Mobile,No Signal,High,Resolved,10.35,39.19,3.77
    TKT-4961,Mar,East Zone,TV,No Signal,High,In Progress,7.5,55.64,3.84
    TKT-4962,Aug,East Zone,Mobile,No Signal,Medium,Escalated,14.85,30.63,3.86
    TKT-4963,Apr,North Zone,TV,Billing Error,Low,SLA Breached,9.47,66.56,3.38
    TKT-4964,Jul,West Zone,Mobile,Slow Internet,Medium,In Progress,7.18,47.36,4.09
    TKT-4965,Jul,West Zone,Broadband,Service Outage,Medium,Escalated,16.65,38.73,3.83
    TKT-4966,Feb,West Zone,Broadband,Service Outage,Low,Resolved,7.67,36.55,4.46
    TKT-4967,Jul,Central Zone,Mobile,No Signal,Medium,Resolved,13.72,38.28,3.47
    TKT-4968,Nov,South Zone,TV,Slow Internet,Medium,Escalated,8.71,49.23,3.53
    TKT-4969,Nov,West Zone,Landline,No Signal,High,In Progress,16.04,56.73,3.44
    TKT-4970,Jun,West Zone,Mobile,No Signal,High,SLA Breached,7.25,66.14,4.07
    TKT-4971,Nov,East Zone,Landline,Billing Error,Medium,Resolved,14.86,27.68,3.84
    TKT-4972,Aug,South Zone,Broadband,Billing Error,High,Resolved,10.46,32.72,3.52
    TKT-4973,Oct,North Zone,Mobile,Dropped Calls,High,Resolved,7.52,46.37,3.92
    TKT-4974,Mar,South Zone,TV,Slow Internet,Medium,Resolved,11.91,71.53,3.67
    TKT-4975,Apr,Central Zone,Broadband,Service Outage,Medium,Resolved,7.54,24.05,4.63
    TKT-4976,Sep,West Zone,Landline,Dropped Calls,Low,In Progress,18.1,55.77,2.99
    TKT-4977,May,South Zone,TV,Billing Error,High,Escalated,7.66,22.87,3.97
    TKT-4978,Mar,West Zone,TV,No Signal,Medium,In Progress,9.53,63.74,3.72
    TKT-4979,Oct,West Zone,Mobile,Service Outage,Medium,Escalated,14.79,43.65,3.49
    TKT-4980,Jun,Central Zone,Mobile,No Signal,Medium,In Progress,15.74,57.74,3.28
    TKT-4981,Jan,Central Zone,Broadband,Slow Internet,Medium,Resolved,12.67,51.13,3.35
    TKT-4982,Jul,West Zone,Broadband,Billing Error,Low,Resolved,14.69,69.14,2.9
    TKT-4983,May,East Zone,Broadband,Service Outage,Low,SLA Breached,8.52,34.85,3.79
    TKT-4984,Dec,West Zone,Mobile,Service Outage,Low,Resolved,14.48,35.43,4.17
    TKT-4985,Aug,East Zone,Broadband,Installation Delay,High,Resolved,9.59,40.2,4.4
    TKT-4986,Aug,East Zone,Broadband,Slow Internet,Low,In Progress,8.63,26.52,4.28
    TKT-4987,Jan,South Zone,Mobile,Installation Delay,High,Escalated,19.37,46.99,2.98
    TKT-4988,Jun,Central Zone,Broadband,Dropped Calls,Medium,SLA Breached,16.37,47.65,3.79
    TKT-4989,Dec,Central Zone,TV,No Signal,High,Escalated,14.87,65.01,2.58
    TKT-4990,Jan,East Zone,Mobile,Dropped Calls,Low,Resolved,18.94,63.16,2.72
    TKT-4991,Dec,North Zone,Mobile,Dropped Calls,Low,Escalated,9.79,47.69,3.73
    TKT-4992,Apr,East Zone,Broadband,Service Outage,High,Resolved,14.26,33.09,3.84
    TKT-4993,Sep,North Zone,TV,Dropped Calls,Low,In Progress,18.57,32.82,3.66
    TKT-4994,Oct,North Zone,TV,No Signal,Low,Resolved,7.42,18.92,4.58
    TKT-4995,Jun,North Zone,Broadband,Service Outage,Medium,SLA Breached,7.19,64.85,3.33
    TKT-4996,Jan,South Zone,TV,Billing Error,High,Resolved,16.33,57.4,2.72
    TKT-4997,Mar,South Zone,Broadband,Billing Error,Low,Resolved,17.51,48.83,3.71
    TKT-4998,Dec,West Zone,Broadband,Slow Internet,Medium,Resolved,17.73,75.45,2.56
    TKT-4999,Jan,South Zone,Landline,Dropped Calls,Low,SLA Breached,8.62,38.43,4.32
    TKT-5000,Jan,West Zone,TV,Slow Internet,Medium,SLA Breached,12.83,68.05,3.37
